lat,lon,cod_localidad,localidad,clase
4.746652612004728,-74.08217969882259,11,SUBA,muestra_sintetica
4.749843439943779,-74.08479185943982,11,SUBA,muestra_sintetica
4.743545972166582,-74.08464776035474,11,SUBA,muestra_sintetica
4.748741721238867,-74.08054104991582,11,SUBA,muestra_sintetica
4.7509836994619725,-74.08558433823332,11,SUBA,muestra_sintetica
4.759746720757923,-74.08696478976337,11,SUBA,muestra_sintetica
4.747030393715559,-74.08575550946445,11,SUBA,muestra_sintetica
4.753557057496154,-74.09024865724409,11,SUBA,muestra_sintetica
4.750128243898401,-74.07616085885549,11,SUBA,muestra_sintetica
4.745705598724021,-74.08963930818922,11,SUBA,muestra_sintetica
4.751202007539344,-74.08454296147494,11,SUBA,muestra_sintetica
4.753375893938043,-74.07507584100821,11,SUBA,muestra_sintetica
4.7476427409757855,-74.0837767691978,11,SUBA,muestra_sintetica
4.743800806440699,-74.08391597586505,11,SUBA,muestra_sintetica
4.744712517484376,-74.07796530591446,11,SUBA,muestra_sintetica
4.749274701603343,-74.09462250706173,11,SUBA,muestra_sintetica
4.757419781921038,-74.08396607731362,11,SUBA,muestra_sintetica
4.744146191306688,-74.0842826497601,11,SUBA,muestra_sintetica
4.749190101707624,-74.09238851114971,11,SUBA,muestra_sintetica
4.750701328460871,-74.08222472796962,11,SUBA,muestra_sintetica
4.747395153721614,-74.08908690749445,11,SUBA,muestra_sintetica
4.752524843711741,-74.08630204064373,11,SUBA,muestra_sintetica
4.75318881141303,-74.07703413388467,11,SUBA,muestra_sintetica
4.745863997198612,-74.08071163596226,11,SUBA,muestra_sintetica
4.745702339752472,-74.07490203099093,11,SUBA,muestra_sintetica
4.7515276867703315,-74.0872043790986,11,SUBA,muestra_sintetica
4.756868619510508,-74.09441828549343,11,SUBA,muestra_sintetica
4.749369599124076,-74.08350911469489,11,SUBA,muestra_sintetica
4.748502368659927,-74.09135113573745,11,SUBA,muestra_sintetica
4.74593225031305,-74.08979187094565,11,SUBA,muestra_sintetica
4.746210526872346,-74.08553251689462,11,SUBA,muestra_sintetica
4.751743309109134,-74.08891247250232,11,SUBA,muestra_sintetica
4.752715290038813,-74.07256551617864,11,SUBA,muestra_sintetica
4.752057748787437,-74.08906605925917,11,SUBA,muestra_sintetica
4.746890403733618,-74.08579171921087,11,SUBA,muestra_sintetica
4.76269887397825,-74.0887811849604,11,SUBA,muestra_sintetica
4.748137062389384,-74.08736836912077,11,SUBA,muestra_sintetica
4.752440093207705,-74.08259936571126,11,SUBA,muestra_sintetica
4.754152508231437,-74.07910185834244,11,SUBA,muestra_sintetica
4.741008790464246,-74.08519304193656,11,SUBA,muestra_sintetica
4.7501580816982765,-74.08366662383816,11,SUBA,muestra_sintetica
4.7474732921862355,-74.08701185057443,11,SUBA,muestra_sintetica
4.747391383997087,-74.08320957760462,11,SUBA,muestra_sintetica
4.746154789515282,-74.08692518331098,11,SUBA,muestra_sintetica
4.747630504410969,-74.09054925718571,11,SUBA,muestra_sintetica
4.749047051284106,-74.0838460705236,11,SUBA,muestra_sintetica
4.751289285413641,-74.08915837773544,11,SUBA,muestra_sintetica
4.751055455323225,-74.08353240537285,11,SUBA,muestra_sintetica
4.749851055992187,-74.08382299678448,11,SUBA,muestra_sintetica
4.751878499559748,-74.08504616290418,11,SUBA,muestra_sintetica
4.7489034237074135,-74.08513582661246,11,SUBA,muestra_sintetica
4.748759864138749,-74.08308658303929,11,SUBA,muestra_sintetica
4.750907750544668,-74.08992670578942,11,SUBA,muestra_sintetica
4.750435880223981,-74.0857870368268,11,SUBA,muestra_sintetica
4.747971229942621,-74.08797090312787,11,SUBA,muestra_sintetica
4.748260671320765,-74.0899965024991,11,SUBA,muestra_sintetica
4.749173050812316,-74.08572114591378,11,SUBA,muestra_sintetica
4.7552546038132935,-74.08592032612886,11,SUBA,muestra_sintetica
4.747248670846654,-74.07664471548631,11,SUBA,muestra_sintetica
4.747689732373511,-74.0802179620127,11,SUBA,muestra_sintetica
4.745183543647523,-74.08451656344562,11,SUBA,muestra_sintetica
4.757069560078885,-74.0828452648162,11,SUBA,muestra_sintetica
4.751214628734047,-74.07837291641279,11,SUBA,muestra_sintetica
4.759008372059288,-74.08189138847713,11,SUBA,muestra_sintetica
4.744884304239141,-74.08610427539637,11,SUBA,muestra_sintetica
4.750236317953428,-74.08713331960436,11,SUBA,muestra_sintetica
4.750526762080525,-74.08603873741937,11,SUBA,muestra_sintetica
4.73996705874223,-74.08147718968067,11,SUBA,muestra_sintetica
4.745830790373982,-74.09133192975678,11,SUBA,muestra_sintetica
4.751122654367199,-74.0850191444769,11,SUBA,muestra_sintetica
4.752793138314882,-74.07796428644896,11,SUBA,muestra_sintetica
4.7535707249674015,-74.08723381593006,11,SUBA,muestra_sintetica
4.752663009062859,-74.0890855887609,11,SUBA,muestra_sintetica
4.758217700962751,-74.08218817719094,11,SUBA,muestra_sintetica
4.7461288432338655,-74.07991700453219,11,SUBA,muestra_sintetica
4.7483457434199785,-74.09280106003686,11,SUBA,muestra_sintetica
4.756952501232943,-74.07563861817162,11,SUBA,muestra_sintetica
4.743926837690823,-74.08281084202638,11,SUBA,muestra_sintetica
4.7541545876495235,-74.0948156394436,11,SUBA,muestra_sintetica
4.753282002742265,-74.08423780531331,11,SUBA,muestra_sintetica
4.749188043246668,-74.0801025888336,11,SUBA,muestra_sintetica
4.745088483050355,-74.08394548191814,11,SUBA,muestra_sintetica
4.751537339166325,-74.09240715114231,11,SUBA,muestra_sintetica
4.751491819776905,-74.08800184592492,11,SUBA,muestra_sintetica
4.75433459558284,-74.07903214058078,11,SUBA,muestra_sintetica
4.743323738386432,-74.09513773684623,11,SUBA,muestra_sintetica
4.749209975985921,-74.08807290155319,11,SUBA,muestra_sintetica
4.756755978396818,-74.07898575802062,11,SUBA,muestra_sintetica
4.752910978543673,-74.08368776007296,11,SUBA,muestra_sintetica
4.746025688144351,-74.08077520935133,11,SUBA,muestra_sintetica
4.745378499059861,-74.09014839736406,11,SUBA,muestra_sintetica
4.754309553562974,-74.08145361113866,11,SUBA,muestra_sintetica
4.748784474807458,-74.08580490217973,11,SUBA,muestra_sintetica
4.747646506505552,-74.08605726428215,11,SUBA,muestra_sintetica
4.749232672944473,-74.08593649238765,11,SUBA,muestra_sintetica
4.747780273759641,-74.08999726085584,11,SUBA,muestra_sintetica
4.750185111776326,-74.07921217172253,11,SUBA,muestra_sintetica
4.745239033511595,-74.09019280442203,11,SUBA,muestra_sintetica
4.753431426134734,-74.08586331917334,11,SUBA,muestra_sintetica
4.749485900457173,-74.08548006652988,11,SUBA,muestra_sintetica
4.749924407344521,-74.08519352569557,11,SUBA,muestra_sintetica
4.748751988452506,-74.08707769745368,11,SUBA,muestra_sintetica
4.748003465890737,-74.08095252939921,11,SUBA,muestra_sintetica
4.751970749724654,-74.08753817179752,11,SUBA,muestra_sintetica
4.749286382559473,-74.09327323580263,11,SUBA,muestra_sintetica
4.7489380813897215,-74.0773121486469,11,SUBA,muestra_sintetica
4.756920090315392,-74.08443774796487,11,SUBA,muestra_sintetica
4.745245840170051,-74.08172821919787,11,SUBA,muestra_sintetica
4.745280470296563,-74.08577815851658,11,SUBA,muestra_sintetica
4.752331067521959,-74.0795684496732,11,SUBA,muestra_sintetica
4.748683660834885,-74.08016833008837,11,SUBA,muestra_sintetica
4.745649889184967,-74.08362384522216,11,SUBA,muestra_sintetica
4.7492364073465625,-74.08414470137376,11,SUBA,muestra_sintetica
4.753396364144633,-74.08798933289482,11,SUBA,muestra_sintetica
4.745283507041479,-74.0904593015765,11,SUBA,muestra_sintetica
4.75840800510768,-74.08204047057212,11,SUBA,muestra_sintetica
4.757235800467633,-74.07788925388734,11,SUBA,muestra_sintetica
4.740097724404909,-74.09264126317979,11,SUBA,muestra_sintetica
4.750856873791654,-74.08329782309369,11,SUBA,muestra_sintetica
4.749864693587918,-74.08041821448818,11,SUBA,muestra_sintetica
4.750758950529731,-74.08122471895445,11,SUBA,muestra_sintetica
4.755058458798971,-74.08847352687252,11,SUBA,muestra_sintetica
4.747136468458082,-74.07444074083588,11,SUBA,muestra_sintetica
4.745569355841929,-74.0838837795086,11,SUBA,muestra_sintetica
4.755705737339103,-74.0981864323104,11,SUBA,muestra_sintetica
4.749024304251279,-74.0875938016783,11,SUBA,muestra_sintetica
4.749603197574918,-74.08101675360885,11,SUBA,muestra_sintetica
4.744483288065758,-74.08078945764122,11,SUBA,muestra_sintetica
4.746683314282453,-74.08392795794468,11,SUBA,muestra_sintetica
4.755589044579202,-74.07963442621529,11,SUBA,muestra_sintetica
4.749216624250608,-74.08389204008377,11,SUBA,muestra_sintetica
4.760494229156211,-74.08496799081001,11,SUBA,muestra_sintetica
4.743390302975203,-74.08602171653018,11,SUBA,muestra_sintetica
4.74933306955439,-74.09087751194501,11,SUBA,muestra_sintetica
4.746030607855688,-74.08073340796287,11,SUBA,muestra_sintetica
4.748236698910653,-74.08923790455744,11,SUBA,muestra_sintetica
4.746519779145301,-74.07790043804668,11,SUBA,muestra_sintetica
4.7533703679643695,-74.08291014551953,11,SUBA,muestra_sintetica
4.750965543798281,-74.08655244773942,11,SUBA,muestra_sintetica
4.7564927787264875,-74.0829230241809,11,SUBA,muestra_sintetica
4.7563674732415056,-74.0912072215434,11,SUBA,muestra_sintetica
4.745845694610473,-74.08931639909133,11,SUBA,muestra_sintetica
4.745771152744059,-74.0810937357096,11,SUBA,muestra_sintetica
4.753526186111848,-74.089421552119,11,SUBA,muestra_sintetica
4.748884088664649,-74.07534281208432,11,SUBA,muestra_sintetica
4.756430710145995,-74.07921798324004,11,SUBA,muestra_sintetica
4.75084842997228,-74.08893324510677,11,SUBA,muestra_sintetica
4.752411587320883,-74.08567207402442,11,SUBA,muestra_sintetica
4.755529930176804,-74.08071037503393,11,SUBA,muestra_sintetica
4.750690424441042,-74.08086092922746,11,SUBA,muestra_sintetica
4.755021426878434,-74.09073916202716,11,SUBA,muestra_sintetica
4.751441360883431,-74.08265748397717,11,SUBA,muestra_sintetica
4.751456614660852,-74.0882435871964,11,SUBA,muestra_sintetica
4.743444425677505,-74.07452783594316,11,SUBA,muestra_sintetica
4.74958338899798,-74.0828016721184,11,SUBA,muestra_sintetica
4.754184832857594,-74.08447025610324,11,SUBA,muestra_sintetica
4.740056968400346,-74.09553172432975,11,SUBA,muestra_sintetica
4.745280711660561,-74.0773915877242,11,SUBA,muestra_sintetica
4.750990072439085,-74.09523346564355,11,SUBA,muestra_sintetica
4.750093491767468,-74.09261408420167,11,SUBA,muestra_sintetica
4.749311369452395,-74.08375684581357,11,SUBA,muestra_sintetica
4.749799939802893,-74.0845898495079,11,SUBA,muestra_sintetica
4.751774054168859,-74.09062398020306,11,SUBA,muestra_sintetica
4.755444109173748,-74.09463012958105,11,SUBA,muestra_sintetica
4.7523293899600825,-74.07977227897825,11,SUBA,muestra_sintetica
4.748719279035035,-74.08789198147124,11,SUBA,muestra_sintetica
4.748545093183081,-74.08678097638277,11,SUBA,muestra_sintetica
4.742550237866552,-74.09434008732332,11,SUBA,muestra_sintetica
4.751326229643508,-74.09403210381149,11,SUBA,muestra_sintetica
4.750785500220525,-74.0884278760706,11,SUBA,muestra_sintetica
4.752837424426222,-74.08139387085009,11,SUBA,muestra_sintetica
4.748217172248746,-74.08088610751845,11,SUBA,muestra_sintetica
4.753107243394008,-74.08115056314787,11,SUBA,muestra_sintetica
4.745770616133927,-74.08752427207965,11,SUBA,muestra_sintetica
4.740419903676235,-74.08265307778983,11,SUBA,muestra_sintetica
4.7507435373390665,-74.08208534319563,11,SUBA,muestra_sintetica
4.747827133349327,-74.0865310099379,11,SUBA,muestra_sintetica
4.7484415652555025,-74.08508827620956,11,SUBA,muestra_sintetica
4.754571233993811,-74.08603658705304,11,SUBA,muestra_sintetica
4.750416732220885,-74.08644131510894,11,SUBA,muestra_sintetica
4.75150246631638,-74.0863221140031,11,SUBA,muestra_sintetica
4.749192846755636,-74.0875788683502,11,SUBA,muestra_sintetica
4.7455012390889175,-74.08795010896924,11,SUBA,muestra_sintetica
4.749645952488026,-74.08399690543244,11,SUBA,muestra_sintetica
4.756535401079577,-74.08628229652663,11,SUBA,muestra_sintetica
4.757174917396156,-74.08193710871436,11,SUBA,muestra_sintetica
4.755853548814119,-74.08809519821902,11,SUBA,muestra_sintetica
4.749302637950056,-74.08215455197303,11,SUBA,muestra_sintetica
4.747388553161308,-74.08632359589274,11,SUBA,muestra_sintetica
4.7528163806324875,-74.08232297968114,11,SUBA,muestra_sintetica
4.75057474410266,-74.08642302470909,11,SUBA,muestra_sintetica
4.744316954636718,-74.08818131714142,11,SUBA,muestra_sintetica
4.752004802404376,-74.09158146020057,11,SUBA,muestra_sintetica
4.753737799256797,-74.08924372068496,11,SUBA,muestra_sintetica
4.741990922792015,-74.09084089033144,11,SUBA,muestra_sintetica
4.747765936657404,-74.0806198302153,11,SUBA,muestra_sintetica
4.751348043873047,-74.08751440196585,11,SUBA,muestra_sintetica
4.752074672078331,-74.08538929356165,11,SUBA,muestra_sintetica
4.751176178177672,-74.08827061358576,11,SUBA,muestra_sintetica
4.750407011259079,-74.08899560843193,11,SUBA,muestra_sintetica
4.751732913887899,-74.09130664323295,11,SUBA,muestra_sintetica
4.752277036123043,-74.07484501298678,11,SUBA,muestra_sintetica
4.740367800948356,-74.08423536315752,11,SUBA,muestra_sintetica
4.743397228032455,-74.08344759281209,11,SUBA,muestra_sintetica
4.748621047057403,-74.08946782375176,11,SUBA,muestra_sintetica
4.750944384802621,-74.08199973219439,11,SUBA,muestra_sintetica
4.753094482284205,-74.08398626091618,11,SUBA,muestra_sintetica
4.757549098288576,-74.08597688272896,11,SUBA,muestra_sintetica
4.75173107854674,-74.08363140977123,11,SUBA,muestra_sintetica
4.74715679214984,-74.08273815673326,11,SUBA,muestra_sintetica
4.758869796966598,-74.0818841784554,11,SUBA,muestra_sintetica
4.7483129070234655,-74.08940305728213,11,SUBA,muestra_sintetica
4.744907229419172,-74.08060935436082,11,SUBA,muestra_sintetica
4.763464757030414,-74.08907182393466,11,SUBA,muestra_sintetica
4.755667446197613,-74.08207397607912,11,SUBA,muestra_sintetica
4.758321876222288,-74.0841839452296,11,SUBA,muestra_sintetica
4.756904327080338,-74.08431414643859,11,SUBA,muestra_sintetica
4.744662810833562,-74.08531536320996,11,SUBA,muestra_sintetica
4.759724428553279,-74.07942295352571,11,SUBA,muestra_sintetica
4.746267859720305,-74.08199066496807,11,SUBA,muestra_sintetica
4.752842428102889,-74.09001823761294,11,SUBA,muestra_sintetica
4.744042611078918,-74.08740872343319,11,SUBA,muestra_sintetica
4.751613479554853,-74.09197929373896,11,SUBA,muestra_sintetica
4.741946145104184,-74.09044708558845,11,SUBA,muestra_sintetica
4.7529247027723285,-74.09028846242852,11,SUBA,muestra_sintetica
4.7526704614046436,-74.08005525794236,11,SUBA,muestra_sintetica
4.7475958290436004,-74.0778803759025,11,SUBA,muestra_sintetica
4.748352149632157,-74.08932932312203,11,SUBA,muestra_sintetica
4.750495407348435,-74.0952449900809,11,SUBA,muestra_sintetica
4.756536441418641,-74.09181395251058,11,SUBA,muestra_sintetica
4.7462783861030555,-74.08631662113257,11,SUBA,muestra_sintetica
4.751579142890675,-74.08260124455794,11,SUBA,muestra_sintetica
4.742192545774398,-74.0825774872877,11,SUBA,muestra_sintetica
4.746318088589312,-74.08927327082826,11,SUBA,muestra_sintetica
4.747147395281928,-74.08993706387918,11,SUBA,muestra_sintetica
4.755233562950318,-74.08590649209275,11,SUBA,muestra_sintetica
4.74919551991053,-74.08557753429436,11,SUBA,muestra_sintetica
4.7494837565007835,-74.07981902192184,11,SUBA,muestra_sintetica
4.748288820560256,-74.08671398283036,11,SUBA,muestra_sintetica
4.756096600947387,-74.08226849994638,11,SUBA,muestra_sintetica
4.7502422524435985,-74.08590495127014,11,SUBA,muestra_sintetica
4.7476931299775815,-74.08438089939196,11,SUBA,muestra_sintetica
4.758169373884095,-74.08036085918894,11,SUBA,muestra_sintetica
4.744723910211353,-74.08835551770493,11,SUBA,muestra_sintetica
4.750746916651471,-74.08177634545335,11,SUBA,muestra_sintetica
4.752323016234375,-74.08957879678076,11,SUBA,muestra_sintetica
4.7516684156331905,-74.08158424370671,11,SUBA,muestra_sintetica
4.745587405453867,-74.08457362114889,11,SUBA,muestra_sintetica
4.74602963478597,-74.0827575913635,11,SUBA,muestra_sintetica
4.744036169250604,-74.08252331140098,11,SUBA,muestra_sintetica
4.739791333117765,-74.08854454695042,11,SUBA,muestra_sintetica
4.750196979311861,-74.08999571621656,11,SUBA,muestra_sintetica
4.749647536807924,-74.08448319283927,11,SUBA,muestra_sintetica
4.745974514372162,-74.09415038802109,11,SUBA,muestra_sintetica
4.754089038052454,-74.0838522979879,11,SUBA,muestra_sintetica
4.752784118601129,-74.08555503517604,11,SUBA,muestra_sintetica
4.745791608307999,-74.07887512705226,11,SUBA,muestra_sintetica
4.750451458998775,-74.08253900834197,11,SUBA,muestra_sintetica
4.7546080034518905,-74.08018763073055,11,SUBA,muestra_sintetica
4.750510279707753,-74.08445650299477,11,SUBA,muestra_sintetica
4.759491593285019,-74.07910715998591,11,SUBA,muestra_sintetica
4.750120349993248,-74.07827102823299,11,SUBA,muestra_sintetica
4.748661487196179,-74.08419323057333,11,SUBA,muestra_sintetica
4.747632805464774,-74.07420817870026,11,SUBA,muestra_sintetica
4.744414759204643,-74.0911738395416,11,SUBA,muestra_sintetica
4.746302203895534,-74.08956258072578,11,SUBA,muestra_sintetica
4.75521459774282,-74.08263859992518,11,SUBA,muestra_sintetica
4.7543905359692875,-74.0802753278666,11,SUBA,muestra_sintetica
4.747180983407659,-74.07886897530139,11,SUBA,muestra_sintetica
4.74463659044329,-74.08738893627924,11,SUBA,muestra_sintetica
4.751906160861326,-74.0890037489211,11,SUBA,muestra_sintetica
4.7494294670675625,-74.08640667228627,11,SUBA,muestra_sintetica
4.748799146949745,-74.08217196704334,11,SUBA,muestra_sintetica
4.751603764300917,-74.08238413450124,11,SUBA,muestra_sintetica
4.747793354587645,-74.0873974673073,11,SUBA,muestra_sintetica
4.751024008527446,-74.0905917795643,11,SUBA,muestra_sintetica
4.745238805663241,-74.08489096972492,11,SUBA,muestra_sintetica
4.7578060363854195,-74.08776274478437,11,SUBA,muestra_sintetica
4.741404313415538,-74.09088791584944,11,SUBA,muestra_sintetica
4.753039114723857,-74.08991451089032,11,SUBA,muestra_sintetica
4.745652429345151,-74.08350902971003,11,SUBA,muestra_sintetica
4.751503403230498,-74.08941422330363,11,SUBA,muestra_sintetica
4.749438964664635,-74.08312576758881,11,SUBA,muestra_sintetica
4.748948091514757,-74.08337484735462,11,SUBA,muestra_sintetica
4.747210171272585,-74.08081182283146,11,SUBA,muestra_sintetica
4.7508802747007435,-74.08274710136986,11,SUBA,muestra_sintetica
4.753691001309461,-74.08955572034156,11,SUBA,muestra_sintetica
4.750229979838044,-74.08879520832629,11,SUBA,muestra_sintetica
4.749606173438635,-74.08645782142236,11,SUBA,muestra_sintetica
4.755685598216227,-74.08655989704205,11,SUBA,muestra_sintetica
4.750227300193328,-74.08355266072975,11,SUBA,muestra_sintetica
4.75194416753403,-74.08460664203706,11,SUBA,muestra_sintetica
4.743323026448217,-74.08512144152732,11,SUBA,muestra_sintetica
4.747086460115887,-74.08361074052779,11,SUBA,muestra_sintetica
4.755137890397991,-74.08387299767293,11,SUBA,muestra_sintetica
4.749867790913486,-74.08298692924576,11,SUBA,muestra_sintetica
4.749140296825163,-74.08569389421613,11,SUBA,muestra_sintetica
4.74667658347095,-74.08643370589074,11,SUBA,muestra_sintetica
4.75245826112792,-74.08728768637677,11,SUBA,muestra_sintetica
4.752363543897752,-74.07921939062491,11,SUBA,muestra_sintetica
4.750330383832466,-74.08205388678762,11,SUBA,muestra_sintetica
4.744282576215419,-74.08942214352703,11,SUBA,muestra_sintetica
4.737687272081466,-74.08549833272187,11,SUBA,muestra_sintetica
4.746349019981975,-74.08478626053525,11,SUBA,muestra_sintetica
4.754913149962345,-74.07945095687425,11,SUBA,muestra_sintetica
4.746955040373948,-74.08490577693415,11,SUBA,muestra_sintetica
4.753141292003131,-74.0798739996059,11,SUBA,muestra_sintetica
4.755861883751755,-74.09157147006168,11,SUBA,muestra_sintetica
4.7427051265579285,-74.08846464489821,11,SUBA,muestra_sintetica
4.749548168833246,-74.07954275425668,11,SUBA,muestra_sintetica
4.755117069476848,-74.0774023949756,11,SUBA,muestra_sintetica
4.749023773664167,-74.08881789506839,11,SUBA,muestra_sintetica
4.746190442112699,-74.08889432069373,11,SUBA,muestra_sintetica
4.752238779722676,-74.08377719608195,11,SUBA,muestra_sintetica
4.753447863710921,-74.07598047703286,11,SUBA,muestra_sintetica
4.748549312877029,-74.08499569586088,11,SUBA,muestra_sintetica
4.754213559270178,-74.08126605805793,11,SUBA,muestra_sintetica
4.750777125268663,-74.08301171068464,11,SUBA,muestra_sintetica
4.751106927755913,-74.07805223496459,11,SUBA,muestra_sintetica
4.741922277171603,-74.07584097090283,11,SUBA,muestra_sintetica
4.7421158919040725,-74.09052620898646,11,SUBA,muestra_sintetica
4.7587659909584845,-74.07954085087579,11,SUBA,muestra_sintetica
4.7424715796069385,-74.09281802758541,11,SUBA,muestra_sintetica
4.7617188731227875,-74.08564297678424,11,SUBA,muestra_sintetica
4.751000450475795,-74.0855678280883,11,SUBA,muestra_sintetica
4.7478887244661525,-74.08372919186938,11,SUBA,muestra_sintetica
4.750992918397002,-74.09407287831189,11,SUBA,muestra_sintetica
4.74990877977444,-74.08687969400032,11,SUBA,muestra_sintetica
4.742153449589935,-74.083723650735,11,SUBA,muestra_sintetica
4.750421271345547,-74.08821307027264,11,SUBA,muestra_sintetica
4.748066957748764,-74.08504565219624,11,SUBA,muestra_sintetica
4.745943573410241,-74.0879619605042,11,SUBA,muestra_sintetica
4.748815024064316,-74.08442226973942,11,SUBA,muestra_sintetica
4.753816030436852,-74.08548621331063,11,SUBA,muestra_sintetica
4.754322759538771,-74.08552126321172,11,SUBA,muestra_sintetica
4.752905490321843,-74.07005642612546,11,SUBA,muestra_sintetica
4.748579370362129,-74.08204258447071,11,SUBA,muestra_sintetica
4.7458609238763625,-74.08376275298895,11,SUBA,muestra_sintetica
4.750449773009357,-74.08350869673576,11,SUBA,muestra_sintetica
4.756367606322271,-74.0854700855949,11,SUBA,muestra_sintetica
4.75572120460332,-74.08609865640794,11,SUBA,muestra_sintetica
4.750539966736369,-74.08357551646031,11,SUBA,muestra_sintetica
4.752268674743468,-74.0868002525809,11,SUBA,muestra_sintetica
4.751066811421572,-74.08211877260108,11,SUBA,muestra_sintetica
4.75550636754789,-74.0852731112622,11,SUBA,muestra_sintetica
4.741051584241678,-74.08640523914245,11,SUBA,muestra_sintetica
4.74809917632761,-74.07834832794116,11,SUBA,muestra_sintetica
4.74581532657534,-74.08287622091517,11,SUBA,muestra_sintetica
4.754135439998544,-74.08345222166237,11,SUBA,muestra_sintetica
4.748846083230067,-74.08949782963036,11,SUBA,muestra_sintetica
4.749586769406749,-74.08493690319017,11,SUBA,muestra_sintetica
4.74827797629964,-74.0872537773833,11,SUBA,muestra_sintetica
4.753995436371886,-74.08781106106352,11,SUBA,muestra_sintetica
4.74183298713653,-74.0784729407201,11,SUBA,muestra_sintetica
4.74835216818376,-74.08646332946078,11,SUBA,muestra_sintetica
4.751476839212741,-74.09000964630596,11,SUBA,muestra_sintetica
4.746614454281988,-74.08065504472235,11,SUBA,muestra_sintetica
4.753730092904838,-74.08680949323727,11,SUBA,muestra_sintetica
4.747410598631776,-74.08876750317945,11,SUBA,muestra_sintetica
4.746056142843079,-74.0844462518237,11,SUBA,muestra_sintetica
4.747698468497143,-74.08754867740431,11,SUBA,muestra_sintetica
4.756504658265823,-74.08260502147473,11,SUBA,muestra_sintetica
4.746999203988171,-74.08478717133379,11,SUBA,muestra_sintetica
4.743300248591866,-74.08435955511749,11,SUBA,muestra_sintetica
4.747640515543262,-74.07349908360686,11,SUBA,muestra_sintetica
4.749320047107782,-74.0863732224017,11,SUBA,muestra_sintetica
4.750128072957348,-74.08199032312838,11,SUBA,muestra_sintetica
4.758987980198058,-74.07352613258864,11,SUBA,muestra_sintetica
4.755901624341146,-74.08334540462315,11,SUBA,muestra_sintetica
4.745455532322127,-74.08654740958593,11,SUBA,muestra_sintetica
4.746312729909414,-74.0777654412409,11,SUBA,muestra_sintetica
4.751725001984857,-74.08125423391772,11,SUBA,muestra_sintetica
4.747685917793883,-74.083286183684,11,SUBA,muestra_sintetica
4.757074248535953,-74.08355615233096,11,SUBA,muestra_sintetica
4.745704571479088,-74.07379954227912,11,SUBA,muestra_sintetica
4.749232331405746,-74.09121147476914,11,SUBA,muestra_sintetica
4.748047481040612,-74.08810088599084,11,SUBA,muestra_sintetica
4.7492281137463115,-74.08590009472016,11,SUBA,muestra_sintetica
4.742803826814025,-74.0837196260032,11,SUBA,muestra_sintetica
4.757090510215332,-74.08161280920417,11,SUBA,muestra_sintetica
4.743933231592354,-74.07917428578374,11,SUBA,muestra_sintetica
4.747815569036454,-74.08009473995479,11,SUBA,muestra_sintetica
4.751321931537227,-74.08489442374959,11,SUBA,muestra_sintetica
4.744053976394371,-74.07778708845872,11,SUBA,muestra_sintetica
4.756123102692751,-74.08672695958074,11,SUBA,muestra_sintetica
4.755457829499461,-74.08297961278997,11,SUBA,muestra_sintetica
4.75306292886432,-74.08255975540985,11,SUBA,muestra_sintetica
4.748175395254578,-74.08590829765443,11,SUBA,muestra_sintetica
4.7565704241575855,-74.08389594649242,11,SUBA,muestra_sintetica
4.745699149492798,-74.07920984917118,11,SUBA,muestra_sintetica
4.740593841935929,-74.09168310315533,11,SUBA,muestra_sintetica
4.752112633467452,-74.08792556044214,11,SUBA,muestra_sintetica
4.751105663678098,-74.08707531020836,11,SUBA,muestra_sintetica
4.742531436097576,-74.08425069946306,11,SUBA,muestra_sintetica
4.75250719146312,-74.08267368516111,11,SUBA,muestra_sintetica
4.747941845206977,-74.08523061593274,11,SUBA,muestra_sintetica
4.7501532679916645,-74.07527200834151,11,SUBA,muestra_sintetica
4.760611586429388,-74.08097072968688,11,SUBA,muestra_sintetica
4.756524541482998,-74.09010092609425,11,SUBA,muestra_sintetica
4.75928205539991,-74.09454358179667,11,SUBA,muestra_sintetica
4.752823269472493,-74.08522166115554,11,SUBA,muestra_sintetica
4.746881225797267,-74.09785104337763,11,SUBA,muestra_sintetica
4.7488263757474085,-74.08561756202992,11,SUBA,muestra_sintetica
4.750005562468954,-74.08750240160369,11,SUBA,muestra_sintetica
4.751932450537296,-74.08872563869141,11,SUBA,muestra_sintetica
4.751002577610431,-74.08324631048447,11,SUBA,muestra_sintetica
4.740706798346728,-74.08297329435545,11,SUBA,muestra_sintetica
4.742896506127084,-74.09009070441074,11,SUBA,muestra_sintetica
4.7538454829627925,-74.08824082649053,11,SUBA,muestra_sintetica
4.752909957126365,-74.07569174930175,11,SUBA,muestra_sintetica
4.7557076252650035,-74.08163096259179,11,SUBA,muestra_sintetica
4.743868653531843,-74.08520746830393,11,SUBA,muestra_sintetica
4.7536547641959634,-74.08914467531643,11,SUBA,muestra_sintetica
4.745252690275476,-74.08790468792726,11,SUBA,muestra_sintetica
4.759307444511185,-74.07998292075219,11,SUBA,muestra_sintetica
4.7515830136583155,-74.08218485427679,11,SUBA,muestra_sintetica
4.747847067054999,-74.0881912253567,11,SUBA,muestra_sintetica
4.7461946666893216,-74.07753256924018,11,SUBA,muestra_sintetica
4.7493197197414405,-74.08450294795983,11,SUBA,muestra_sintetica
4.745130379025905,-74.0821514281656,11,SUBA,muestra_sintetica
4.748162142843598,-74.08563560816704,11,SUBA,muestra_sintetica
4.7459073570197114,-74.08498299027448,11,SUBA,muestra_sintetica
4.74724468461842,-74.07475059024365,11,SUBA,muestra_sintetica
4.747593748247276,-74.08530362304785,11,SUBA,muestra_sintetica
4.7505969013992315,-74.08246759511057,11,SUBA,muestra_sintetica
4.748426222947553,-74.08877448746875,11,SUBA,muestra_sintetica
4.754420847972581,-74.08429209523666,11,SUBA,muestra_sintetica
4.745537570541897,-74.08734865618001,11,SUBA,muestra_sintetica
4.753813812909767,-74.08539788835283,11,SUBA,muestra_sintetica
4.74931310721125,-74.08888475969967,11,SUBA,muestra_sintetica
4.754880087985775,-74.08970109644643,11,SUBA,muestra_sintetica
4.751952261116057,-74.08344029410513,11,SUBA,muestra_sintetica
4.749160179129002,-74.08010924769334,11,SUBA,muestra_sintetica
4.7545688924242295,-74.08447995799253,11,SUBA,muestra_sintetica
4.752138874286451,-74.07941084365586,11,SUBA,muestra_sintetica
4.75276478278212,-74.08783526906625,11,SUBA,muestra_sintetica
4.747847780820507,-74.07845450515612,11,SUBA,muestra_sintetica
4.757877085457147,-74.0776048923062,11,SUBA,muestra_sintetica
4.7530197358719715,-74.08801685245562,11,SUBA,muestra_sintetica
4.755613956788947,-74.08469162929804,11,SUBA,muestra_sintetica
4.7486489469454565,-74.09031822831756,11,SUBA,muestra_sintetica
4.742976762465341,-74.0838191926654,11,SUBA,muestra_sintetica
4.74360941612578,-74.08074564900069,11,SUBA,muestra_sintetica
4.75036678879752,-74.07994366753547,11,SUBA,muestra_sintetica
4.754821217381622,-74.0858515033446,11,SUBA,muestra_sintetica
4.756216171754577,-74.0853637482549,11,SUBA,muestra_sintetica
4.750755469444778,-74.08058881371817,11,SUBA,muestra_sintetica
4.754087073770993,-74.08641300463094,11,SUBA,muestra_sintetica
4.758121347952996,-74.08922692443826,11,SUBA,muestra_sintetica
4.749879929971262,-74.08185780379907,11,SUBA,muestra_sintetica
4.73790989326352,-74.08999206631461,11,SUBA,muestra_sintetica
4.750863310944833,-74.08099770499337,11,SUBA,muestra_sintetica
4.744246139843484,-74.08730284666544,11,SUBA,muestra_sintetica
4.746724892702625,-74.08852243391705,11,SUBA,muestra_sintetica
4.7524744197940585,-74.08902846514295,11,SUBA,muestra_sintetica
4.745049622189187,-74.07685828029499,11,SUBA,muestra_sintetica
4.7512333065093175,-74.08334403467674,11,SUBA,muestra_sintetica
4.749761683703294,-74.09156823074987,11,SUBA,muestra_sintetica
4.7503067959527145,-74.08588357096548,11,SUBA,muestra_sintetica
4.757988405643085,-74.09294477893484,11,SUBA,muestra_sintetica
4.749815998452011,-74.07468624325412,11,SUBA,muestra_sintetica
4.7476008660471765,-74.0861161925901,11,SUBA,muestra_sintetica
4.750731704811752,-74.08379276996607,11,SUBA,muestra_sintetica
4.765416041357994,-74.08157941633613,11,SUBA,muestra_sintetica
4.741803323225203,-74.08605574716088,11,SUBA,muestra_sintetica
4.74629775657668,-74.08021053819571,11,SUBA,muestra_sintetica
4.75549909939573,-74.08485756932444,11,SUBA,muestra_sintetica
4.748817870631803,-74.08374292352383,11,SUBA,muestra_sintetica
4.751128066257694,-74.08365394613375,11,SUBA,muestra_sintetica
4.754284944898208,-74.08442814531163,11,SUBA,muestra_sintetica
4.753146965483075,-74.08762841956495,11,SUBA,muestra_sintetica
4.757123373549708,-74.08696721291926,11,SUBA,muestra_sintetica
4.746105006223403,-74.0865752211966,11,SUBA,muestra_sintetica
4.7537425507909905,-74.08811981845358,11,SUBA,muestra_sintetica
4.7503001074445645,-74.07847662218504,11,SUBA,muestra_sintetica
4.750591356493959,-74.08780241445875,11,SUBA,muestra_sintetica
4.750874692138758,-74.09333739720529,11,SUBA,muestra_sintetica
4.758076553279975,-74.08865180560996,11,SUBA,muestra_sintetica
4.751593310042674,-74.0768717851099,11,SUBA,muestra_sintetica
4.755017836036896,-74.0881809501951,11,SUBA,muestra_sintetica
4.750742435913155,-74.0800193252473,11,SUBA,muestra_sintetica
4.75216585317452,-74.0815046937073,11,SUBA,muestra_sintetica
4.748635762779624,-74.08887060534981,11,SUBA,muestra_sintetica
4.752348384342395,-74.08668624281894,11,SUBA,muestra_sintetica
4.7445661336161455,-74.08224285440828,11,SUBA,muestra_sintetica
4.7455674755812325,-74.07481468424348,11,SUBA,muestra_sintetica
4.7515076066064355,-74.09354601674974,11,SUBA,muestra_sintetica
4.75279048716825,-74.08271735841642,11,SUBA,muestra_sintetica
4.750921645172072,-74.0839692059332,11,SUBA,muestra_sintetica
4.748871085490473,-74.0842282883436,11,SUBA,muestra_sintetica
4.747217677203753,-74.08760322667987,11,SUBA,muestra_sintetica
4.742017348491813,-74.07732755335229,11,SUBA,muestra_sintetica
4.748518063382627,-74.09531092479538,11,SUBA,muestra_sintetica
4.748898155369682,-74.07965643860865,11,SUBA,muestra_sintetica
4.749399059704634,-74.08473305711803,11,SUBA,muestra_sintetica
4.747912622543986,-74.08771341044205,11,SUBA,muestra_sintetica
4.753916598389362,-74.08104879324468,11,SUBA,muestra_sintetica
4.754446392368994,-74.07890040175194,11,SUBA,muestra_sintetica
4.750965213849992,-74.08605373604063,11,SUBA,muestra_sintetica
4.754400393093499,-74.08665357085074,11,SUBA,muestra_sintetica
4.757293708831027,-74.08226562989701,11,SUBA,muestra_sintetica
4.748297122249505,-74.08602258591242,11,SUBA,muestra_sintetica
4.747313969143626,-74.09154741783522,11,SUBA,muestra_sintetica
4.754549575658603,-74.08094021379779,11,SUBA,muestra_sintetica
4.751090503125257,-74.07925292670083,11,SUBA,muestra_sintetica
4.749513250852184,-74.09289727754897,11,SUBA,muestra_sintetica
4.761024885510291,-74.08087265771427,11,SUBA,muestra_sintetica
4.753500642923547,-74.08387941531733,11,SUBA,muestra_sintetica
4.749298031220668,-74.08026650552644,11,SUBA,muestra_sintetica
4.743218619387032,-74.07939674227268,11,SUBA,muestra_sintetica
4.749208317862163,-74.08722498010917,11,SUBA,muestra_sintetica
4.748328431359535,-74.08503344638079,11,SUBA,muestra_sintetica
4.747611762833887,-74.0838929812149,11,SUBA,muestra_sintetica
4.748785671149047,-74.08622902324292,11,SUBA,muestra_sintetica
4.751298136814034,-74.08597034700269,11,SUBA,muestra_sintetica
4.744734008033805,-74.08200313528253,11,SUBA,muestra_sintetica
4.748589381894624,-74.08416727149364,11,SUBA,muestra_sintetica
4.7567985650577205,-74.07649451875534,11,SUBA,muestra_sintetica
4.753111576508255,-74.08872434443032,11,SUBA,muestra_sintetica
4.751981666865609,-74.08113630020239,11,SUBA,muestra_sintetica
4.750888602077166,-74.08697803376276,11,SUBA,muestra_sintetica
4.752669399222018,-74.09086035200477,11,SUBA,muestra_sintetica
4.746486551138214,-74.0814406205104,11,SUBA,muestra_sintetica
4.742318385804804,-74.08760186512386,11,SUBA,muestra_sintetica
4.745998154591416,-74.08512755470686,11,SUBA,muestra_sintetica
4.754098725593476,-74.08807666968767,11,SUBA,muestra_sintetica
4.754273023769031,-74.0863382902014,11,SUBA,muestra_sintetica
4.747865777659865,-74.09016911703966,11,SUBA,muestra_sintetica
4.7581379394402274,-74.08976446330959,11,SUBA,muestra_sintetica
4.752064609693472,-74.08533146866999,11,SUBA,muestra_sintetica
4.748836801622444,-74.08427453616997,11,SUBA,muestra_sintetica
4.753676594787554,-74.08921327805953,11,SUBA,muestra_sintetica
4.749957273587881,-74.08687173684524,11,SUBA,muestra_sintetica
4.750333425728023,-74.0855326025614,11,SUBA,muestra_sintetica
4.74487885663215,-74.09048595424301,11,SUBA,muestra_sintetica
4.750312646133419,-74.07849287998756,11,SUBA,muestra_sintetica
4.75239023003232,-74.09173582624655,11,SUBA,muestra_sintetica
4.747910864885537,-74.087890543967,11,SUBA,muestra_sintetica
4.749368115223285,-74.08228899095499,11,SUBA,muestra_sintetica
4.744339531871564,-74.08816484238505,11,SUBA,muestra_sintetica
4.749621469317354,-74.08029256211091,11,SUBA,muestra_sintetica
4.743023145053832,-74.08676391068319,11,SUBA,muestra_sintetica
4.752500223566283,-74.07906378270913,11,SUBA,muestra_sintetica
4.760253183016744,-74.08698170653842,11,SUBA,muestra_sintetica
4.751570295841713,-74.0838650896753,11,SUBA,muestra_sintetica
4.746359789392566,-74.09115492606647,11,SUBA,muestra_sintetica
4.746728283425351,-74.08852833361168,11,SUBA,muestra_sintetica
4.747431096162155,-74.08958583875665,11,SUBA,muestra_sintetica
4.754493071615148,-74.07618517623155,11,SUBA,muestra_sintetica
4.749214818666516,-74.08528128917695,11,SUBA,muestra_sintetica
4.75041915517809,-74.08428155036142,11,SUBA,muestra_sintetica
4.749140475564682,-74.08377210341064,11,SUBA,muestra_sintetica
4.756448656960224,-74.08484992651337,11,SUBA,muestra_sintetica
4.757984609558398,-74.0839379509071,11,SUBA,muestra_sintetica
4.749400880555309,-74.08087238366468,11,SUBA,muestra_sintetica
4.746090762152122,-74.08701962563114,11,SUBA,muestra_sintetica
4.7505453526995325,-74.08702336885553,11,SUBA,muestra_sintetica
4.750902942314822,-74.09492083249451,11,SUBA,muestra_sintetica
4.7485693059401894,-74.0832781516019,11,SUBA,muestra_sintetica
4.751561264565278,-74.08705071005147,11,SUBA,muestra_sintetica
4.749788943221838,-74.07495016011545,11,SUBA,muestra_sintetica
4.738403440491271,-74.09075359260969,11,SUBA,muestra_sintetica
4.753766178649833,-74.0820571587651,11,SUBA,muestra_sintetica
4.756198615013234,-74.08008600645238,11,SUBA,muestra_sintetica
4.750550019835832,-74.0865837142871,11,SUBA,muestra_sintetica
4.75008532188318,-74.08506027162882,11,SUBA,muestra_sintetica
4.746642326385392,-74.08866688380317,11,SUBA,muestra_sintetica
4.747316227238351,-74.0868861505148,11,SUBA,muestra_sintetica
4.756702614651079,-74.09168574096925,11,SUBA,muestra_sintetica
4.751599861339039,-74.09239306281866,11,SUBA,muestra_sintetica
4.754310272186167,-74.08001615203997,11,SUBA,muestra_sintetica
4.747346299987977,-74.08938266499148,11,SUBA,muestra_sintetica
4.75270116853227,-74.08783786054981,11,SUBA,muestra_sintetica
4.748839659966522,-74.08559809778784,11,SUBA,muestra_sintetica
4.745431284932647,-74.084882244221,11,SUBA,muestra_sintetica
4.753961680563833,-74.08492205590049,11,SUBA,muestra_sintetica
4.739834691949709,-74.08767923083875,11,SUBA,muestra_sintetica
4.747598313160869,-74.08681505758389,11,SUBA,muestra_sintetica
4.748827767647728,-74.0832487368909,11,SUBA,muestra_sintetica
4.749507643420106,-74.08835814306728,11,SUBA,muestra_sintetica
4.749620176817809,-74.07730850345925,11,SUBA,muestra_sintetica
4.746564517076697,-74.08748733089448,11,SUBA,muestra_sintetica
4.7495066515315765,-74.07881386955636,11,SUBA,muestra_sintetica
4.743178556943011,-74.08791704918723,11,SUBA,muestra_sintetica
4.744802302733723,-74.08700851057304,11,SUBA,muestra_sintetica
4.758636824637832,-74.09270706349763,11,SUBA,muestra_sintetica
4.7525659977725585,-74.08620901726228,11,SUBA,muestra_sintetica
4.752009219781306,-74.07984194092207,11,SUBA,muestra_sintetica
4.746834158589768,-74.07581782726656,11,SUBA,muestra_sintetica
4.74460141749788,-74.08108859882215,11,SUBA,muestra_sintetica
4.755448999693986,-74.08633289739957,11,SUBA,muestra_sintetica
4.746814867670507,-74.08587938333304,11,SUBA,muestra_sintetica
4.743376182549053,-74.08112631554683,11,SUBA,muestra_sintetica
4.748971260583711,-74.08667189752597,11,SUBA,muestra_sintetica
4.750216961746442,-74.08761637574858,11,SUBA,muestra_sintetica
4.751887917159711,-74.08164320199079,11,SUBA,muestra_sintetica
4.755665595314445,-74.09070717925889,11,SUBA,muestra_sintetica
4.743133333120329,-74.08540323724202,11,SUBA,muestra_sintetica
4.750691873874706,-74.08305818560932,11,SUBA,muestra_sintetica
4.756105833109076,-74.08883132568833,11,SUBA,muestra_sintetica
4.746718026550785,-74.08679707279921,11,SUBA,muestra_sintetica
4.756173712637224,-74.08376698971509,11,SUBA,muestra_sintetica
4.747754958198532,-74.08106293151452,11,SUBA,muestra_sintetica
4.750346742469657,-74.08495120628174,11,SUBA,muestra_sintetica
4.743224842639858,-74.0872388771154,11,SUBA,muestra_sintetica
4.750877879347773,-74.08828345294792,11,SUBA,muestra_sintetica
4.746050973565132,-74.08578925524326,11,SUBA,muestra_sintetica
4.753986441126435,-74.09463004408363,11,SUBA,muestra_sintetica
4.751528955924276,-74.09251788955878,11,SUBA,muestra_sintetica
4.755775056324874,-74.07992036040663,11,SUBA,muestra_sintetica
4.754079184588521,-74.08140837149483,11,SUBA,muestra_sintetica
4.7526288220001085,-74.08795175002952,11,SUBA,muestra_sintetica
4.751461944368195,-74.07583325893214,11,SUBA,muestra_sintetica
4.747549645507579,-74.07948125615812,11,SUBA,muestra_sintetica
4.749792654681122,-74.08381493962774,11,SUBA,muestra_sintetica
4.746292730762214,-74.0849889207016,11,SUBA,muestra_sintetica
4.744012050682601,-74.08740129424096,11,SUBA,muestra_sintetica
4.752943477060864,-74.07341136447022,11,SUBA,muestra_sintetica
4.749558251537082,-74.09394551705088,11,SUBA,muestra_sintetica
4.752079422586858,-74.07965811893106,11,SUBA,muestra_sintetica
4.7428551265334775,-74.0871904475324,11,SUBA,muestra_sintetica
4.750917125824826,-74.0904024369084,11,SUBA,muestra_sintetica
4.758061762814162,-74.08835803502956,11,SUBA,muestra_sintetica
4.749613935701704,-74.0905475670839,11,SUBA,muestra_sintetica
4.7484041722279065,-74.0859148295612,11,SUBA,muestra_sintetica
4.750925199327803,-74.0890679209744,11,SUBA,muestra_sintetica
4.759729658938945,-74.09005194662168,11,SUBA,muestra_sintetica
4.751635875257148,-74.08861570013617,11,SUBA,muestra_sintetica
4.745934102527505,-74.08312030375578,11,SUBA,muestra_sintetica
4.747299692001236,-74.07932471332205,11,SUBA,muestra_sintetica
4.7484650492775335,-74.0885165678541,11,SUBA,muestra_sintetica
4.743322128692116,-74.08126576018701,11,SUBA,muestra_sintetica
4.7570816873225645,-74.08506875654811,11,SUBA,muestra_sintetica
4.753875931175271,-74.0844200480722,11,SUBA,muestra_sintetica
4.7513802032866135,-74.08048917634332,11,SUBA,muestra_sintetica
4.745618077652356,-74.09053547229871,11,SUBA,muestra_sintetica
4.749532991436286,-74.08456645152529,11,SUBA,muestra_sintetica
4.746012908019938,-74.0887913816234,11,SUBA,muestra_sintetica
4.640957273455557,-74.1488666892543,08,KENNEDY,muestra_sintetica
4.628681488938077,-74.15064148119424,08,KENNEDY,muestra_sintetica
4.641257212422596,-74.1592064650012,08,KENNEDY,muestra_sintetica
4.628249722959967,-74.1604636666067,08,KENNEDY,muestra_sintetica
4.639541226432946,-74.15337271931799,08,KENNEDY,muestra_sintetica
4.6362293614400665,-74.15755873057662,08,KENNEDY,muestra_sintetica
4.638753513552567,-74.154670962627,08,KENNEDY,muestra_sintetica
4.642977751395358,-74.15381400572561,08,KENNEDY,muestra_sintetica
4.641050657254793,-74.15607902708881,08,KENNEDY,muestra_sintetica
4.638228894627818,-74.15474948201611,08,KENNEDY,muestra_sintetica
4.630820468476624,-74.15535692620524,08,KENNEDY,muestra_sintetica
4.637520478961415,-74.15546339310544,08,KENNEDY,muestra_sintetica
4.636520817581173,-74.15941620838224,08,KENNEDY,muestra_sintetica
4.637949682890869,-74.15155578928058,08,KENNEDY,muestra_sintetica
4.631829777750653,-74.1534277118443,08,KENNEDY,muestra_sintetica
4.638557614049832,-74.16373966453676,08,KENNEDY,muestra_sintetica
4.633087995475909,-74.14745073643391,08,KENNEDY,muestra_sintetica
4.641522711153234,-74.1554812738398,08,KENNEDY,muestra_sintetica
4.633864422097647,-74.15778281207159,08,KENNEDY,muestra_sintetica
4.639756220385481,-74.15755263483548,08,KENNEDY,muestra_sintetica
4.633360526844725,-74.16050150922939,08,KENNEDY,muestra_sintetica
4.6279511697467015,-74.14914555234536,08,KENNEDY,muestra_sintetica
4.644415635595132,-74.15374337098991,08,KENNEDY,muestra_sintetica
4.644233667500689,-74.15479129720048,08,KENNEDY,muestra_sintetica
4.642903718522768,-74.1497215187814,08,KENNEDY,muestra_sintetica
4.638029387119021,-74.16353984146176,08,KENNEDY,muestra_sintetica
4.64179855509583,-74.15691794845277,08,KENNEDY,muestra_sintetica
4.641013364466404,-74.15186670810851,08,KENNEDY,muestra_sintetica
4.632227874597432,-74.15737643946375,08,KENNEDY,muestra_sintetica
4.633725686062453,-74.15456747330887,08,KENNEDY,muestra_sintetica
4.626484667850561,-74.15528482437902,08,KENNEDY,muestra_sintetica
4.637138094362604,-74.15607268391827,08,KENNEDY,muestra_sintetica
4.629824601209766,-74.15768845664282,08,KENNEDY,muestra_sintetica
4.631189249759013,-74.15884684071143,08,KENNEDY,muestra_sintetica
4.634129930504197,-74.15582942133413,08,KENNEDY,muestra_sintetica
4.629222006974612,-74.16111997568,08,KENNEDY,muestra_sintetica
4.644489649946702,-74.16064868885384,08,KENNEDY,muestra_sintetica
4.642199536821326,-74.14845372561523,08,KENNEDY,muestra_sintetica
4.634966686170847,-74.15552691489731,08,KENNEDY,muestra_sintetica
4.634064306648235,-74.15310679317935,08,KENNEDY,muestra_sintetica
4.630218295385533,-74.15485996310846,08,KENNEDY,muestra_sintetica
4.644235446737884,-74.16210608014032,08,KENNEDY,muestra_sintetica
4.637477706052239,-74.15538519697034,08,KENNEDY,muestra_sintetica
4.640175855641755,-74.15128430623382,08,KENNEDY,muestra_sintetica
4.634109340206572,-74.15258304687059,08,KENNEDY,muestra_sintetica
4.632478911712663,-74.15547489331622,08,KENNEDY,muestra_sintetica
4.639035049313729,-74.15125720766515,08,KENNEDY,muestra_sintetica
4.6347055533215675,-74.16140194577252,08,KENNEDY,muestra_sintetica
4.637278807377394,-74.14546147110889,08,KENNEDY,muestra_sintetica
4.642276337836877,-74.16217340583866,08,KENNEDY,muestra_sintetica
4.636731503224579,-74.14929287081178,08,KENNEDY,muestra_sintetica
4.638934939088229,-74.14795922500822,08,KENNEDY,muestra_sintetica
4.6374303115603155,-74.15425160166366,08,KENNEDY,muestra_sintetica
4.63599857028723,-74.15531753171445,08,KENNEDY,muestra_sintetica
4.638750120577913,-74.15098826349247,08,KENNEDY,muestra_sintetica
4.631601090899518,-74.1487957554779,08,KENNEDY,muestra_sintetica
4.637656287979023,-74.15110892238174,08,KENNEDY,muestra_sintetica
4.6401100954868255,-74.14681591996053,08,KENNEDY,muestra_sintetica
4.634352611821992,-74.15404371457387,08,KENNEDY,muestra_sintetica
4.6362478153941815,-74.15917345689489,08,KENNEDY,muestra_sintetica
4.637497215116912,-74.15707952064241,08,KENNEDY,muestra_sintetica
4.638695197180461,-74.14771682004182,08,KENNEDY,muestra_sintetica
4.642265738309443,-74.15370546126586,08,KENNEDY,muestra_sintetica
4.64869858672091,-74.15510130004844,08,KENNEDY,muestra_sintetica
4.6314707220913,-74.14797758299744,08,KENNEDY,muestra_sintetica
4.632798721930377,-74.1589551400414,08,KENNEDY,muestra_sintetica
4.645734817674333,-74.1511107112617,08,KENNEDY,muestra_sintetica
4.638668569537566,-74.15397756348294,08,KENNEDY,muestra_sintetica
4.644195332971778,-74.15578430414502,08,KENNEDY,muestra_sintetica
4.632630226470882,-74.1542928499155,08,KENNEDY,muestra_sintetica
4.64439482703818,-74.15087682993682,08,KENNEDY,muestra_sintetica
4.643604025993897,-74.15057465112423,08,KENNEDY,muestra_sintetica
4.638342543506032,-74.1633826790108,08,KENNEDY,muestra_sintetica
4.641797492131276,-74.15930632539504,08,KENNEDY,muestra_sintetica
4.635955902891682,-74.14064900509288,08,KENNEDY,muestra_sintetica
4.62939462148925,-74.14902711761667,08,KENNEDY,muestra_sintetica
4.63646695097888,-74.1622840632581,08,KENNEDY,muestra_sintetica
4.636422704242805,-74.15354864439655,08,KENNEDY,muestra_sintetica
4.637936399666042,-74.15148343625913,08,KENNEDY,muestra_sintetica
4.631375698671686,-74.15408594924378,08,KENNEDY,muestra_sintetica
4.637472809629232,-74.15556740005135,08,KENNEDY,muestra_sintetica
4.6379617308978105,-74.15466591359713,08,KENNEDY,muestra_sintetica
4.636891786911299,-74.15632073081949,08,KENNEDY,muestra_sintetica
4.641965489106919,-74.1573444118041,08,KENNEDY,muestra_sintetica
4.6272976844323015,-74.15677499931918,08,KENNEDY,muestra_sintetica
4.645206380728943,-74.15043901021737,08,KENNEDY,muestra_sintetica
4.640189004511632,-74.15225366555624,08,KENNEDY,muestra_sintetica
4.63776710584287,-74.16116830958588,08,KENNEDY,muestra_sintetica
4.636684898991649,-74.14966604786818,08,KENNEDY,muestra_sintetica
4.633110537179013,-74.15667445095293,08,KENNEDY,muestra_sintetica
4.643074858929308,-74.1603644595211,08,KENNEDY,muestra_sintetica
4.640269702964287,-74.15225774957605,08,KENNEDY,muestra_sintetica
4.635326769673985,-74.15710286007588,08,KENNEDY,muestra_sintetica
4.640050669914524,-74.16121111044721,08,KENNEDY,muestra_sintetica
4.638043482565306,-74.15176284162948,08,KENNEDY,muestra_sintetica
4.635920562335535,-74.15282417401846,08,KENNEDY,muestra_sintetica
4.635222953997435,-74.15231211265655,08,KENNEDY,muestra_sintetica
4.633821039411398,-74.14869097844887,08,KENNEDY,muestra_sintetica
4.640155740346368,-74.15280115450763,08,KENNEDY,muestra_sintetica
4.634667664124291,-74.16555937446743,08,KENNEDY,muestra_sintetica
4.645831214145409,-74.15415226627567,08,KENNEDY,muestra_sintetica
4.6380058251808585,-74.15641625907608,08,KENNEDY,muestra_sintetica
4.639518999565851,-74.15651145334067,08,KENNEDY,muestra_sintetica
4.632677142901503,-74.15798969529895,08,KENNEDY,muestra_sintetica
4.63902526470706,-74.15323544309265,08,KENNEDY,muestra_sintetica
4.640944179826625,-74.14854917450839,08,KENNEDY,muestra_sintetica
4.635259073124189,-74.14970320317418,08,KENNEDY,muestra_sintetica
4.642861362988879,-74.1465466095506,08,KENNEDY,muestra_sintetica
4.642146631407876,-74.15317256052475,08,KENNEDY,muestra_sintetica
4.638355601527705,-74.15615253575297,08,KENNEDY,muestra_sintetica
4.630936573701352,-74.15294014058593,08,KENNEDY,muestra_sintetica
4.632021934811603,-74.14963318683508,08,KENNEDY,muestra_sintetica
4.640570295297706,-74.15113214223202,08,KENNEDY,muestra_sintetica
4.648030438553886,-74.15630687003127,08,KENNEDY,muestra_sintetica
4.632003701333643,-74.15543550198622,08,KENNEDY,muestra_sintetica
4.638664872858223,-74.15936154349839,08,KENNEDY,muestra_sintetica
4.640954690806977,-74.1511451572855,08,KENNEDY,muestra_sintetica
4.641544638629407,-74.16037007499315,08,KENNEDY,muestra_sintetica
4.631648783465115,-74.1506759606562,08,KENNEDY,muestra_sintetica
4.63822307400051,-74.14590059378496,08,KENNEDY,muestra_sintetica
4.63337507000922,-74.14952258085914,08,KENNEDY,muestra_sintetica
4.641771828837582,-74.1470290750764,08,KENNEDY,muestra_sintetica
4.643227915758254,-74.14772759844399,08,KENNEDY,muestra_sintetica
4.640391463804014,-74.15665273395643,08,KENNEDY,muestra_sintetica
4.639812526830812,-74.16073456187121,08,KENNEDY,muestra_sintetica
4.634395541772093,-74.15631536288808,08,KENNEDY,muestra_sintetica
4.643003322828781,-74.15797623751828,08,KENNEDY,muestra_sintetica
4.638429367085463,-74.15205935733945,08,KENNEDY,muestra_sintetica
4.641434178909821,-74.15083653402952,08,KENNEDY,muestra_sintetica
4.643547606971178,-74.15724943972714,08,KENNEDY,muestra_sintetica
4.629223275956742,-74.15013263208027,08,KENNEDY,muestra_sintetica
4.638535346992839,-74.16232606182913,08,KENNEDY,muestra_sintetica
4.632362478104075,-74.15616368613803,08,KENNEDY,muestra_sintetica
4.6379904476626175,-74.15853109456891,08,KENNEDY,muestra_sintetica
4.6423439788273155,-74.15393309060991,08,KENNEDY,muestra_sintetica
4.638718589507408,-74.1518826494474,08,KENNEDY,muestra_sintetica
4.635105449227201,-74.15043514381935,08,KENNEDY,muestra_sintetica
4.642416953846612,-74.15730696162608,08,KENNEDY,muestra_sintetica
4.637640366097829,-74.16075316908311,08,KENNEDY,muestra_sintetica
4.641628191074405,-74.15822846224228,08,KENNEDY,muestra_sintetica
4.637893134816551,-74.15746850268785,08,KENNEDY,muestra_sintetica
4.646775909523136,-74.1608994212189,08,KENNEDY,muestra_sintetica
4.636351601582722,-74.14689286692528,08,KENNEDY,muestra_sintetica
4.6257320314716805,-74.15438773203726,08,KENNEDY,muestra_sintetica
4.638004936765099,-74.15882183208288,08,KENNEDY,muestra_sintetica
4.644154302542486,-74.15409141356757,08,KENNEDY,muestra_sintetica
4.634199763351977,-74.14831002644611,08,KENNEDY,muestra_sintetica
4.634791059459773,-74.15092057439917,08,KENNEDY,muestra_sintetica
4.64072085297638,-74.15866986047695,08,KENNEDY,muestra_sintetica
4.639624147076038,-74.15375674842433,08,KENNEDY,muestra_sintetica
4.6359263152489,-74.15933721756035,08,KENNEDY,muestra_sintetica
4.63879209370209,-74.14675605758639,08,KENNEDY,muestra_sintetica
4.641889988433713,-74.15637940662083,08,KENNEDY,muestra_sintetica
4.63874542634289,-74.15648715919964,08,KENNEDY,muestra_sintetica
4.626249893997665,-74.15472276316429,08,KENNEDY,muestra_sintetica
4.642847901304475,-74.16055105750539,08,KENNEDY,muestra_sintetica
4.640633628723672,-74.15346020596414,08,KENNEDY,muestra_sintetica
4.638337338878136,-74.14735601825488,08,KENNEDY,muestra_sintetica
4.63967624312784,-74.1601022379783,08,KENNEDY,muestra_sintetica
4.634639660571186,-74.15718232287281,08,KENNEDY,muestra_sintetica
4.640160492681713,-74.15607329583835,08,KENNEDY,muestra_sintetica
4.64153235024072,-74.15549525678905,08,KENNEDY,muestra_sintetica
4.6346711374044105,-74.15789605538883,08,KENNEDY,muestra_sintetica
4.6310530566331005,-74.1601761812904,08,KENNEDY,muestra_sintetica
4.642077292512925,-74.15260529540575,08,KENNEDY,muestra_sintetica
4.640412677176041,-74.14649211059016,08,KENNEDY,muestra_sintetica
4.641028042297258,-74.15863675066149,08,KENNEDY,muestra_sintetica
4.6403433283802356,-74.15498016568407,08,KENNEDY,muestra_sintetica
4.640029716376807,-74.15073666052511,08,KENNEDY,muestra_sintetica
4.640963801803694,-74.15606121112353,08,KENNEDY,muestra_sintetica
4.642842103894634,-74.15577263492841,08,KENNEDY,muestra_sintetica
4.63931712097161,-74.15284732159313,08,KENNEDY,muestra_sintetica
4.639273830954048,-74.15975690367172,08,KENNEDY,muestra_sintetica
4.63794205516044,-74.15187078456775,08,KENNEDY,muestra_sintetica
4.643454414836836,-74.14582599772267,08,KENNEDY,muestra_sintetica
4.64152467457827,-74.16090426397822,08,KENNEDY,muestra_sintetica
4.642355016548444,-74.16356822051289,08,KENNEDY,muestra_sintetica
4.634563871074254,-74.15585246635197,08,KENNEDY,muestra_sintetica
4.637219399260701,-74.15790441905179,08,KENNEDY,muestra_sintetica
4.630225976790055,-74.15150848643975,08,KENNEDY,muestra_sintetica
4.637480386430404,-74.15643510195804,08,KENNEDY,muestra_sintetica
4.631760854618591,-74.15669129843717,08,KENNEDY,muestra_sintetica
4.645604512225065,-74.15038173620721,08,KENNEDY,muestra_sintetica
4.645494824154556,-74.15693041286724,08,KENNEDY,muestra_sintetica
4.640893233559478,-74.15748107798385,08,KENNEDY,muestra_sintetica
4.634999268279952,-74.16372117956995,08,KENNEDY,muestra_sintetica
4.632571695084671,-74.1533296980811,08,KENNEDY,muestra_sintetica
4.6395930783914086,-74.15815655529549,08,KENNEDY,muestra_sintetica
4.644883021341893,-74.14657156841679,08,KENNEDY,muestra_sintetica
4.63449337930985,-74.1533906847385,08,KENNEDY,muestra_sintetica
4.637854772448262,-74.16014285524186,08,KENNEDY,muestra_sintetica
4.64163013532112,-74.15803379490609,08,KENNEDY,muestra_sintetica
4.635902706547763,-74.15291914652089,08,KENNEDY,muestra_sintetica
4.632269295795668,-74.1512203197896,08,KENNEDY,muestra_sintetica
4.635001633976142,-74.16517765676701,08,KENNEDY,muestra_sintetica
4.630513233942601,-74.14837757201536,08,KENNEDY,muestra_sintetica
4.637170526863521,-74.16464442599809,08,KENNEDY,muestra_sintetica
4.638353483817451,-74.15522123257918,08,KENNEDY,muestra_sintetica
4.632965987152711,-74.1430062249664,08,KENNEDY,muestra_sintetica
4.630095730542657,-74.16219041749054,08,KENNEDY,muestra_sintetica
4.640340025592389,-74.15693369430505,08,KENNEDY,muestra_sintetica
4.64163044081395,-74.15941807262223,08,KENNEDY,muestra_sintetica
4.638257785478307,-74.16722430541716,08,KENNEDY,muestra_sintetica
4.6393926981195905,-74.15126454250128,08,KENNEDY,muestra_sintetica
4.636815861052779,-74.1573403735878,08,KENNEDY,muestra_sintetica
4.635089922570003,-74.14864528344675,08,KENNEDY,muestra_sintetica
4.647223495756862,-74.15979369012659,08,KENNEDY,muestra_sintetica
4.6408608249427035,-74.15550039339645,08,KENNEDY,muestra_sintetica
4.641518092473189,-74.15025972347328,08,KENNEDY,muestra_sintetica
4.641244090861811,-74.15380588756872,08,KENNEDY,muestra_sintetica
4.635233328336348,-74.15503197363911,08,KENNEDY,muestra_sintetica
4.639852094531758,-74.15226537836253,08,KENNEDY,muestra_sintetica
4.642626902881287,-74.15584187078409,08,KENNEDY,muestra_sintetica
4.633394985645757,-74.15602817898562,08,KENNEDY,muestra_sintetica
4.647533604657727,-74.15308552765674,08,KENNEDY,muestra_sintetica
4.639728979425351,-74.15077248914838,08,KENNEDY,muestra_sintetica
4.6268757194492,-74.15322716897181,08,KENNEDY,muestra_sintetica
4.639521938615214,-74.16403745011854,08,KENNEDY,muestra_sintetica
4.64808016465221,-74.1591077067139,08,KENNEDY,muestra_sintetica
4.642566678183641,-74.15645412543898,08,KENNEDY,muestra_sintetica
4.634257034059711,-74.15696550818353,08,KENNEDY,muestra_sintetica
4.638226761406569,-74.16047328596683,08,KENNEDY,muestra_sintetica
4.6343296392885955,-74.15253287014274,08,KENNEDY,muestra_sintetica
4.635693088356976,-74.14783411055218,08,KENNEDY,muestra_sintetica
4.6433778630419456,-74.15677705494272,08,KENNEDY,muestra_sintetica
4.639375802353002,-74.1561846761751,08,KENNEDY,muestra_sintetica
4.637538707430807,-74.1466385928793,08,KENNEDY,muestra_sintetica
4.638657596046043,-74.1480662290352,08,KENNEDY,muestra_sintetica
4.637924011831461,-74.1489965612262,08,KENNEDY,muestra_sintetica
4.636080511402171,-74.14928510547351,08,KENNEDY,muestra_sintetica
4.633494770523538,-74.15042255020626,08,KENNEDY,muestra_sintetica
4.643255048781364,-74.15081690577584,08,KENNEDY,muestra_sintetica
4.635197631681865,-74.15425991937306,08,KENNEDY,muestra_sintetica
4.6344095664066565,-74.15758603688406,08,KENNEDY,muestra_sintetica
4.6344894461709005,-74.14903933109498,08,KENNEDY,muestra_sintetica
4.633015677516572,-74.15648292980872,08,KENNEDY,muestra_sintetica
4.6449647006657,-74.16220769348723,08,KENNEDY,muestra_sintetica
4.643437895381908,-74.15339924181293,08,KENNEDY,muestra_sintetica
4.635213089498949,-74.15448003857591,08,KENNEDY,muestra_sintetica
4.636258316756717,-74.15099345239425,08,KENNEDY,muestra_sintetica
4.6387126880565415,-74.14863446536519,08,KENNEDY,muestra_sintetica
4.638806473918013,-74.15382289992584,08,KENNEDY,muestra_sintetica
4.63640906463062,-74.15800590037956,08,KENNEDY,muestra_sintetica
4.633489968852396,-74.15608183066368,08,KENNEDY,muestra_sintetica
4.638940100439784,-74.17064676955376,08,KENNEDY,muestra_sintetica
4.63321347248576,-74.15129856421835,08,KENNEDY,muestra_sintetica
4.645941064328318,-74.15266362596132,08,KENNEDY,muestra_sintetica
4.631985656398309,-74.16222951742273,08,KENNEDY,muestra_sintetica
4.635241466250097,-74.16001768115197,08,KENNEDY,muestra_sintetica
4.642098053681282,-74.15114608600919,08,KENNEDY,muestra_sintetica
4.641184841261694,-74.15676283464975,08,KENNEDY,muestra_sintetica
4.635604739155546,-74.15811967784921,08,KENNEDY,muestra_sintetica
4.631082820501301,-74.15346545887168,08,KENNEDY,muestra_sintetica
4.643583148159554,-74.15636816792316,08,KENNEDY,muestra_sintetica
4.631989345798662,-74.1642213497114,08,KENNEDY,muestra_sintetica
4.6411660260849965,-74.14437741541936,08,KENNEDY,muestra_sintetica
4.635046416196323,-74.15139365899684,08,KENNEDY,muestra_sintetica
4.638041983638585,-74.16239584792895,08,KENNEDY,muestra_sintetica
4.633760184557023,-74.16579109186799,08,KENNEDY,muestra_sintetica
4.635900998264515,-74.14978372443066,08,KENNEDY,muestra_sintetica
4.634191819994965,-74.14389358946099,08,KENNEDY,muestra_sintetica
4.641936148274539,-74.1575419444103,08,KENNEDY,muestra_sintetica
4.641049456932106,-74.15701362068208,08,KENNEDY,muestra_sintetica
4.638232223352098,-74.16283894185032,08,KENNEDY,muestra_sintetica
4.638709629577,-74.15544597816518,08,KENNEDY,muestra_sintetica
4.637288985718184,-74.16144432739515,08,KENNEDY,muestra_sintetica
4.6449830697588474,-74.16396074013157,08,KENNEDY,muestra_sintetica
4.638280891594039,-74.14714860117535,08,KENNEDY,muestra_sintetica
4.64316185918877,-74.15461327727489,08,KENNEDY,muestra_sintetica
4.635527333162984,-74.14998907417085,08,KENNEDY,muestra_sintetica
4.648167758814727,-74.14555193720606,08,KENNEDY,muestra_sintetica
4.626327276555667,-74.16104537916115,08,KENNEDY,muestra_sintetica
4.628759477698797,-74.15255196250075,08,KENNEDY,muestra_sintetica
4.637543559414934,-74.15596764669684,08,KENNEDY,muestra_sintetica
4.639323837326344,-74.15429502821083,08,KENNEDY,muestra_sintetica
4.641479019970413,-74.15051810854688,08,KENNEDY,muestra_sintetica
4.638062200470684,-74.15797024601126,08,KENNEDY,muestra_sintetica
4.643238746402505,-74.1560378650257,08,KENNEDY,muestra_sintetica
4.635607419962935,-74.15603554240377,08,KENNEDY,muestra_sintetica
4.642254249088552,-74.161039602036,08,KENNEDY,muestra_sintetica
4.632844412450782,-74.15332334331526,08,KENNEDY,muestra_sintetica
4.643371316470726,-74.16356940321675,08,KENNEDY,muestra_sintetica
4.639184332525704,-74.15554859575164,08,KENNEDY,muestra_sintetica
4.63526966573456,-74.16019827463886,08,KENNEDY,muestra_sintetica
4.644057371410423,-74.15327645585039,08,KENNEDY,muestra_sintetica
4.645030853775779,-74.16392439036261,08,KENNEDY,muestra_sintetica
4.640155441654881,-74.15364883145483,08,KENNEDY,muestra_sintetica
4.637424093785736,-74.15128211885896,08,KENNEDY,muestra_sintetica
4.6413876029136985,-74.15609486341461,08,KENNEDY,muestra_sintetica
4.64026163905245,-74.14434388404574,08,KENNEDY,muestra_sintetica
4.640886003094995,-74.1538548977412,08,KENNEDY,muestra_sintetica
4.638189995641997,-74.14661816004995,08,KENNEDY,muestra_sintetica
4.642296666576585,-74.16192429217354,08,KENNEDY,muestra_sintetica
4.6351406141455165,-74.15719915865361,08,KENNEDY,muestra_sintetica
4.640400185056444,-74.15933155727863,08,KENNEDY,muestra_sintetica
4.637985000022118,-74.15615394030043,08,KENNEDY,muestra_sintetica
4.64183978651325,-74.16112898846661,08,KENNEDY,muestra_sintetica
4.638147326127863,-74.14686070837521,08,KENNEDY,muestra_sintetica
4.637138372323593,-74.15372321940926,08,KENNEDY,muestra_sintetica
4.6375303309443785,-74.15790543393481,08,KENNEDY,muestra_sintetica
4.639923705769124,-74.15604203605379,08,KENNEDY,muestra_sintetica
4.63432365140611,-74.15946521142314,08,KENNEDY,muestra_sintetica
4.634379911084455,-74.15569534356412,08,KENNEDY,muestra_sintetica
4.628356367303872,-74.15742550937519,08,KENNEDY,muestra_sintetica
4.633808069817662,-74.15012068286542,08,KENNEDY,muestra_sintetica
4.63824891933146,-74.15898536390473,08,KENNEDY,muestra_sintetica
4.627618898759033,-74.15592266608557,08,KENNEDY,muestra_sintetica
4.638325506494372,-74.14529732002019,08,KENNEDY,muestra_sintetica
4.635948534828655,-74.15066382735209,08,KENNEDY,muestra_sintetica
4.642051544676755,-74.15782567690574,08,KENNEDY,muestra_sintetica
4.634182412655538,-74.15720942278027,08,KENNEDY,muestra_sintetica
4.634990864659555,-74.15279991659911,08,KENNEDY,muestra_sintetica
4.637843751332544,-74.14883245169402,08,KENNEDY,muestra_sintetica
4.6320499937967785,-74.15393982323167,08,KENNEDY,muestra_sintetica
4.637470848367182,-74.15861776590845,08,KENNEDY,muestra_sintetica
4.640858456977124,-74.16016490610528,08,KENNEDY,muestra_sintetica
4.647277949869285,-74.15364681230302,08,KENNEDY,muestra_sintetica
4.63305925223981,-74.1522123924071,08,KENNEDY,muestra_sintetica
4.647811899700335,-74.15998892113178,08,KENNEDY,muestra_sintetica
4.644748159842667,-74.15358742218687,08,KENNEDY,muestra_sintetica
4.64042500754832,-74.15307363545998,08,KENNEDY,muestra_sintetica
4.642565941422664,-74.15008916420527,08,KENNEDY,muestra_sintetica
4.64148314929359,-74.1568750720723,08,KENNEDY,muestra_sintetica
4.633817265131591,-74.14786756001742,08,KENNEDY,muestra_sintetica
4.639920928899852,-74.15382298209444,08,KENNEDY,muestra_sintetica
4.639078946759882,-74.14654487303417,08,KENNEDY,muestra_sintetica
4.64252876529489,-74.1525555705144,08,KENNEDY,muestra_sintetica
4.641350601620128,-74.15256474564826,08,KENNEDY,muestra_sintetica
4.6345413913267635,-74.15271880739809,08,KENNEDY,muestra_sintetica
4.63442408381314,-74.15653967728755,08,KENNEDY,muestra_sintetica
4.633900394881922,-74.16078834505333,08,KENNEDY,muestra_sintetica
4.633071460556692,-74.15203444945195,08,KENNEDY,muestra_sintetica
4.635700394872457,-74.15506626718512,08,KENNEDY,muestra_sintetica
4.633233715538614,-74.15371536216219,08,KENNEDY,muestra_sintetica
4.643592314311664,-74.15395302180198,08,KENNEDY,muestra_sintetica
4.639862850779111,-74.1475949894313,08,KENNEDY,muestra_sintetica
4.63993570219692,-74.15779135759973,08,KENNEDY,muestra_sintetica
4.6413639251177585,-74.1482796952029,08,KENNEDY,muestra_sintetica
4.6441097231312325,-74.15673996865524,08,KENNEDY,muestra_sintetica
4.633844809216928,-74.16178443668373,08,KENNEDY,muestra_sintetica
4.643609410863587,-74.15385248274724,08,KENNEDY,muestra_sintetica
4.638743007526757,-74.15111328933001,08,KENNEDY,muestra_sintetica
4.636859497793886,-74.15987700255555,08,KENNEDY,muestra_sintetica
4.634048088560987,-74.16273631697977,08,KENNEDY,muestra_sintetica
4.632495863310467,-74.153222046518,08,KENNEDY,muestra_sintetica
4.637170045890722,-74.15764138018478,08,KENNEDY,muestra_sintetica
4.642890780928659,-74.15151007073698,08,KENNEDY,muestra_sintetica
4.640276190013593,-74.15330023276756,08,KENNEDY,muestra_sintetica
4.636055304204805,-74.15913874258612,08,KENNEDY,muestra_sintetica
4.633693213742441,-74.14560652374286,08,KENNEDY,muestra_sintetica
4.642896578168754,-74.15241245651086,08,KENNEDY,muestra_sintetica
4.640991339188115,-74.15386236079677,08,KENNEDY,muestra_sintetica
4.638829006187172,-74.15238880910634,08,KENNEDY,muestra_sintetica
4.639398958530353,-74.15102557728406,08,KENNEDY,muestra_sintetica
4.637522310208763,-74.15280585535496,08,KENNEDY,muestra_sintetica
4.636482380538829,-74.15471785139732,08,KENNEDY,muestra_sintetica
4.642868411474008,-74.15842361160472,08,KENNEDY,muestra_sintetica
4.642936626396059,-74.15593849659415,08,KENNEDY,muestra_sintetica
4.636372759203225,-74.15718270643768,08,KENNEDY,muestra_sintetica
4.644142178745492,-74.15549528792717,08,KENNEDY,muestra_sintetica
4.647571026772864,-74.16070708975002,08,KENNEDY,muestra_sintetica
4.638694015408686,-74.15579029399547,08,KENNEDY,muestra_sintetica
4.640679850875739,-74.14406070146413,08,KENNEDY,muestra_sintetica
4.647854673354417,-74.15783965992946,08,KENNEDY,muestra_sintetica
4.6388755786921,-74.15253559234483,08,KENNEDY,muestra_sintetica
4.641482365710544,-74.14988886197264,08,KENNEDY,muestra_sintetica
4.635994990286638,-74.1613233099938,08,KENNEDY,muestra_sintetica
4.63896329987231,-74.15274352563205,08,KENNEDY,muestra_sintetica
4.633258918713237,-74.16501593187883,08,KENNEDY,muestra_sintetica
4.633732289897711,-74.15054830480395,08,KENNEDY,muestra_sintetica
4.630079024873458,-74.15872103390512,08,KENNEDY,muestra_sintetica
4.636107992469556,-74.14747965996881,08,KENNEDY,muestra_sintetica
4.643185237518787,-74.15250216971,08,KENNEDY,muestra_sintetica
4.636442824547486,-74.16117106994723,08,KENNEDY,muestra_sintetica
4.634141966188286,-74.15187364895021,08,KENNEDY,muestra_sintetica
4.6373172241932,-74.1619111427355,08,KENNEDY,muestra_sintetica
4.641108465918171,-74.1603048028135,08,KENNEDY,muestra_sintetica
4.644728655026209,-74.15626965469718,08,KENNEDY,muestra_sintetica
4.633380014966696,-74.15386095742461,08,KENNEDY,muestra_sintetica
4.636426995032076,-74.15926713216614,08,KENNEDY,muestra_sintetica
4.631868700157705,-74.15188051932284,08,KENNEDY,muestra_sintetica
4.638055171313269,-74.15647411561966,08,KENNEDY,muestra_sintetica
4.641067517182625,-74.16151254393085,08,KENNEDY,muestra_sintetica
4.634131321766726,-74.14778606000118,08,KENNEDY,muestra_sintetica
4.643534187497833,-74.1560576308185,08,KENNEDY,muestra_sintetica
4.634332254307556,-74.15038715393801,08,KENNEDY,muestra_sintetica
4.637700602918493,-74.15202314757224,08,KENNEDY,muestra_sintetica
4.63184313776251,-74.15203225909629,08,KENNEDY,muestra_sintetica
4.637233072576735,-74.15870004142883,08,KENNEDY,muestra_sintetica
4.642317061896881,-74.15207629796869,08,KENNEDY,muestra_sintetica
4.643546578533293,-74.16246363337373,08,KENNEDY,muestra_sintetica
4.6468657809289615,-74.15232987147209,08,KENNEDY,muestra_sintetica
4.63821168823264,-74.155510170527,08,KENNEDY,muestra_sintetica
4.640456142115706,-74.15812766249795,08,KENNEDY,muestra_sintetica
4.638096951751025,-74.16450100259401,08,KENNEDY,muestra_sintetica
4.64484624613095,-74.15465933891244,08,KENNEDY,muestra_sintetica
4.638026933026198,-74.15630040108243,08,KENNEDY,muestra_sintetica
4.641603637872489,-74.15041175568503,08,KENNEDY,muestra_sintetica
4.641708538457153,-74.15174357602737,08,KENNEDY,muestra_sintetica
4.644485475501463,-74.15430406557978,08,KENNEDY,muestra_sintetica
4.633651579834134,-74.1518645436624,08,KENNEDY,muestra_sintetica
4.639574906282489,-74.14542043956136,08,KENNEDY,muestra_sintetica
4.631359835386841,-74.15492512860344,08,KENNEDY,muestra_sintetica
4.6431766863147645,-74.1587838296852,08,KENNEDY,muestra_sintetica
4.638178269447931,-74.15954462042289,08,KENNEDY,muestra_sintetica
4.64057831094699,-74.15749644596404,08,KENNEDY,muestra_sintetica
4.639398691959385,-74.157774996608,08,KENNEDY,muestra_sintetica
4.633736594255027,-74.15520274790367,08,KENNEDY,muestra_sintetica
4.6334656434619514,-74.14442656659733,08,KENNEDY,muestra_sintetica
4.630491354939977,-74.15339099039714,08,KENNEDY,muestra_sintetica
4.639451221282404,-74.15743132180216,08,KENNEDY,muestra_sintetica
4.641629405668046,-74.15642490263532,08,KENNEDY,muestra_sintetica
4.631911243319017,-74.15547242433513,08,KENNEDY,muestra_sintetica
4.641361056881486,-74.14960308887444,08,KENNEDY,muestra_sintetica
4.639026420756941,-74.14950870980962,08,KENNEDY,muestra_sintetica
4.639910921148509,-74.16790739180804,08,KENNEDY,muestra_sintetica
4.636251800201916,-74.15295313210638,08,KENNEDY,muestra_sintetica
4.6409218795586344,-74.14625881729937,08,KENNEDY,muestra_sintetica
4.633968358040095,-74.15210502724645,08,KENNEDY,muestra_sintetica
4.647277482489584,-74.15922562984348,08,KENNEDY,muestra_sintetica
4.630183880328074,-74.15215758799259,08,KENNEDY,muestra_sintetica
4.635663383741141,-74.15742715408453,08,KENNEDY,muestra_sintetica
4.639875349583294,-74.15162449876986,08,KENNEDY,muestra_sintetica
4.635573370869436,-74.15441235859161,08,KENNEDY,muestra_sintetica
4.632831391555195,-74.1608347396702,08,KENNEDY,muestra_sintetica
4.631887390783117,-74.15504624881757,08,KENNEDY,muestra_sintetica
4.631638049030202,-74.15555066257464,08,KENNEDY,muestra_sintetica
4.640851205748437,-74.16370916561915,08,KENNEDY,muestra_sintetica
4.640306669940469,-74.15920474290613,08,KENNEDY,muestra_sintetica
4.642017235343878,-74.15385313064708,08,KENNEDY,muestra_sintetica
4.638949538618077,-74.1575848753093,08,KENNEDY,muestra_sintetica
4.64030291534226,-74.15478646905657,08,KENNEDY,muestra_sintetica
4.643419499378806,-74.15911358958755,08,KENNEDY,muestra_sintetica
4.639181810767323,-74.15847767876753,08,KENNEDY,muestra_sintetica
4.639590389211067,-74.1553799527376,08,KENNEDY,muestra_sintetica
4.641636676610897,-74.15595038318996,08,KENNEDY,muestra_sintetica
4.640046035233989,-74.15162846407506,08,KENNEDY,muestra_sintetica
4.646247711531371,-74.15505049846603,08,KENNEDY,muestra_sintetica
4.635828876920375,-74.15490574561416,08,KENNEDY,muestra_sintetica
4.634028875099981,-74.16470882169885,08,KENNEDY,muestra_sintetica
4.6386713934494175,-74.15250055239737,08,KENNEDY,muestra_sintetica
4.6413923201607155,-74.16010913444364,08,KENNEDY,muestra_sintetica
4.635278483082389,-74.15244872841674,08,KENNEDY,muestra_sintetica
4.6354039035747014,-74.15704196371635,08,KENNEDY,muestra_sintetica
4.647316649141155,-74.15434170790381,08,KENNEDY,muestra_sintetica
4.642379831375156,-74.15736506749177,08,KENNEDY,muestra_sintetica
4.645879376370213,-74.16025085626605,08,KENNEDY,muestra_sintetica
4.632910882330851,-74.15728340963466,08,KENNEDY,muestra_sintetica
4.630588430518906,-74.1542495452973,08,KENNEDY,muestra_sintetica
4.6429377337252244,-74.15578251022421,08,KENNEDY,muestra_sintetica
4.639843648320112,-74.15405617719647,08,KENNEDY,muestra_sintetica
4.641149063516877,-74.15272213386118,08,KENNEDY,muestra_sintetica
4.639278564278977,-74.15868444208718,08,KENNEDY,muestra_sintetica
4.6357286355614145,-74.15063167434839,08,KENNEDY,muestra_sintetica
4.6384481745017405,-74.14832014752346,08,KENNEDY,muestra_sintetica
4.6429476283939595,-74.15607273129648,08,KENNEDY,muestra_sintetica
4.635081549277162,-74.15623734978595,08,KENNEDY,muestra_sintetica
4.635613338264695,-74.1501488773193,08,KENNEDY,muestra_sintetica
4.632475901944848,-74.15568498229452,08,KENNEDY,muestra_sintetica
4.638154276662725,-74.14863805599082,08,KENNEDY,muestra_sintetica
4.635923364933629,-74.15737007556334,08,KENNEDY,muestra_sintetica
4.6413935553900565,-74.15368176181045,08,KENNEDY,muestra_sintetica
4.635584399649241,-74.15745973873027,08,KENNEDY,muestra_sintetica
4.6385162220690095,-74.1567800824839,08,KENNEDY,muestra_sintetica
4.635893387856068,-74.1556523030959,08,KENNEDY,muestra_sintetica
4.633749281116344,-74.15748603522135,08,KENNEDY,muestra_sintetica
4.639743536374017,-74.15016702525017,08,KENNEDY,muestra_sintetica
4.647487137848108,-74.15697737196257,08,KENNEDY,muestra_sintetica
4.644102376614981,-74.1635592777243,08,KENNEDY,muestra_sintetica
4.647306469577199,-74.15297036096574,08,KENNEDY,muestra_sintetica
4.635016198718796,-74.15644730200503,08,KENNEDY,muestra_sintetica
4.63248697029044,-74.15110739972607,08,KENNEDY,muestra_sintetica
4.633898798688101,-74.1512325794193,08,KENNEDY,muestra_sintetica
4.636071993907315,-74.15677127160244,08,KENNEDY,muestra_sintetica
4.630532340161841,-74.14546226407462,08,KENNEDY,muestra_sintetica
4.6342116962839,-74.14151398275169,08,KENNEDY,muestra_sintetica
4.639264366650005,-74.15813341230498,08,KENNEDY,muestra_sintetica
4.635293251500971,-74.15212461353423,08,KENNEDY,muestra_sintetica
4.639599406434705,-74.15150133564904,08,KENNEDY,muestra_sintetica
4.647881224590977,-74.1579278776586,08,KENNEDY,muestra_sintetica
4.639260094550904,-74.1511134701927,08,KENNEDY,muestra_sintetica
4.639903253995637,-74.14187339301988,08,KENNEDY,muestra_sintetica
4.642094799541397,-74.15291971787326,08,KENNEDY,muestra_sintetica
4.635810621309347,-74.15364480831806,08,KENNEDY,muestra_sintetica
4.638278437648369,-74.15901069820919,08,KENNEDY,muestra_sintetica
4.646492119510636,-74.15206392114607,08,KENNEDY,muestra_sintetica
4.6403271193097675,-74.15804493833038,08,KENNEDY,muestra_sintetica
4.632722799633834,-74.15171147789279,08,KENNEDY,muestra_sintetica
4.637007116826088,-74.15005049285922,08,KENNEDY,muestra_sintetica
4.638671296824941,-74.1617940929488,08,KENNEDY,muestra_sintetica
4.639332670837222,-74.1511540511398,08,KENNEDY,muestra_sintetica
4.638833027964358,-74.15921330302653,08,KENNEDY,muestra_sintetica
4.6370166948743,-74.15364806142986,08,KENNEDY,muestra_sintetica
4.633676726619485,-74.15550149709601,08,KENNEDY,muestra_sintetica
4.636471102640048,-74.15403170012782,08,KENNEDY,muestra_sintetica
4.632780309497146,-74.15388713427404,08,KENNEDY,muestra_sintetica
4.63944209422818,-74.15521651676619,08,KENNEDY,muestra_sintetica
4.641709669834635,-74.16486114212195,08,KENNEDY,muestra_sintetica
4.629027366118287,-74.15483954206678,08,KENNEDY,muestra_sintetica
4.636800375720704,-74.15630175013813,08,KENNEDY,muestra_sintetica
4.635888091776207,-74.14970482422879,08,KENNEDY,muestra_sintetica
4.643372040610042,-74.14984073377997,08,KENNEDY,muestra_sintetica
4.642243238824921,-74.15277371236989,08,KENNEDY,muestra_sintetica
4.647704134771728,-74.15570212728738,08,KENNEDY,muestra_sintetica
4.646488449751715,-74.1486747703344,08,KENNEDY,muestra_sintetica
4.644761288911925,-74.15431776870932,08,KENNEDY,muestra_sintetica
4.631401985139749,-74.15646897873187,08,KENNEDY,muestra_sintetica
4.631421616927157,-74.15089194893967,08,KENNEDY,muestra_sintetica
4.639336687811584,-74.15382209111685,08,KENNEDY,muestra_sintetica
4.645847150130219,-74.15727115294028,08,KENNEDY,muestra_sintetica
4.645720777705076,-74.15677414089662,08,KENNEDY,muestra_sintetica
4.6356560732006145,-74.15249667979612,08,KENNEDY,muestra_sintetica
4.628386463524157,-74.15710792372843,08,KENNEDY,muestra_sintetica
4.633609991676097,-74.15883716135744,08,KENNEDY,muestra_sintetica
4.6388642482716715,-74.15134658378625,08,KENNEDY,muestra_sintetica
4.636734303851319,-74.14837282680065,08,KENNEDY,muestra_sintetica
4.638906504829064,-74.15475476320064,08,KENNEDY,muestra_sintetica
4.63986625671263,-74.15705009179408,08,KENNEDY,muestra_sintetica
4.629698716967769,-74.15887721253806,08,KENNEDY,muestra_sintetica
4.6361968482263745,-74.15616363197661,08,KENNEDY,muestra_sintetica
4.638043166882724,-74.15514279702008,08,KENNEDY,muestra_sintetica
4.628327391284926,-74.15886274842684,08,KENNEDY,muestra_sintetica
4.641991539847879,-74.15508552014263,08,KENNEDY,muestra_sintetica
4.630072392166639,-74.15705382196002,08,KENNEDY,muestra_sintetica
4.650255658056158,-74.15545439339336,08,KENNEDY,muestra_sintetica
4.643554574277829,-74.14993496267559,08,KENNEDY,muestra_sintetica
4.6372869713377955,-74.15513020029235,08,KENNEDY,muestra_sintetica
4.6386825349558425,-74.15065015927904,08,KENNEDY,muestra_sintetica
4.643470710730332,-74.15391196241565,08,KENNEDY,muestra_sintetica
4.636566223054172,-74.15003184830206,08,KENNEDY,muestra_sintetica
4.63821583437636,-74.1554483906353,08,KENNEDY,muestra_sintetica
4.637491666789192,-74.15764105529325,08,KENNEDY,muestra_sintetica
4.640769475585956,-74.15418008593646,08,KENNEDY,muestra_sintetica
4.64182662085851,-74.15188257034322,08,KENNEDY,muestra_sintetica
4.63196813659505,-74.15281008447606,08,KENNEDY,muestra_sintetica
4.641328959974146,-74.15889060847965,08,KENNEDY,muestra_sintetica
4.634923043477728,-74.1520034655087,08,KENNEDY,muestra_sintetica
4.6457206693952795,-74.15575465797886,08,KENNEDY,muestra_sintetica
4.640651927523932,-74.15474508628165,08,KENNEDY,muestra_sintetica
4.6389166046427786,-74.15746491274417,08,KENNEDY,muestra_sintetica
4.641750132131887,-74.1522805810453,08,KENNEDY,muestra_sintetica
4.642578634241069,-74.14870988993684,08,KENNEDY,muestra_sintetica
4.635932270016084,-74.15384139181666,08,KENNEDY,muestra_sintetica
4.6350045468067,-74.15263082819028,08,KENNEDY,muestra_sintetica
4.626908539558045,-74.15843497858978,08,KENNEDY,muestra_sintetica
4.648424668475407,-74.15675793910354,08,KENNEDY,muestra_sintetica
4.638936409010655,-74.1501472056442,08,KENNEDY,muestra_sintetica
4.638633400663143,-74.15324683814194,08,KENNEDY,muestra_sintetica
4.638574779491587,-74.15955669213258,08,KENNEDY,muestra_sintetica
4.646055461365555,-74.15572701185349,08,KENNEDY,muestra_sintetica
4.641518797307071,-74.15346429871529,08,KENNEDY,muestra_sintetica
4.640220916820672,-74.14903466608352,08,KENNEDY,muestra_sintetica
4.637462021517641,-74.15132407290565,08,KENNEDY,muestra_sintetica
4.637224549740599,-74.15288843983187,08,KENNEDY,muestra_sintetica
4.637388589908317,-74.15552972516568,08,KENNEDY,muestra_sintetica
4.635624167683453,-74.16281643279729,08,KENNEDY,muestra_sintetica
4.637572307199459,-74.15554385862596,08,KENNEDY,muestra_sintetica
4.644324633255594,-74.15968080372508,08,KENNEDY,muestra_sintetica
4.63385074747956,-74.15802189371676,08,KENNEDY,muestra_sintetica
4.63528193943377,-74.15798842920174,08,KENNEDY,muestra_sintetica
4.637498841987628,-74.16186546264491,08,KENNEDY,muestra_sintetica
4.636244917935994,-74.16083748920832,08,KENNEDY,muestra_sintetica
4.642418748107029,-74.15631092603253,08,KENNEDY,muestra_sintetica
4.6399850386344434,-74.15254959103301,08,KENNEDY,muestra_sintetica
4.634534229650834,-74.15169179327528,08,KENNEDY,muestra_sintetica
4.639522235088094,-74.15937956752182,08,KENNEDY,muestra_sintetica
4.637502547569354,-74.15004050278813,08,KENNEDY,muestra_sintetica
4.643275000245168,-74.14958054463729,08,KENNEDY,muestra_sintetica
4.644146385389078,-74.15662878600247,08,KENNEDY,muestra_sintetica
4.636278889137955,-74.1578664836044,08,KENNEDY,muestra_sintetica
4.633931142658471,-74.15566368753107,08,KENNEDY,muestra_sintetica
4.6364194701987635,-74.1551261004881,08,KENNEDY,muestra_sintetica
4.632405793930166,-74.16123781012723,08,KENNEDY,muestra_sintetica
4.6388299036088885,-74.15662396477967,08,KENNEDY,muestra_sintetica
4.636619173894137,-74.16429705016557,08,KENNEDY,muestra_sintetica
4.642760236110574,-74.16810370621472,08,KENNEDY,muestra_sintetica
4.6407969159050575,-74.14679545503688,08,KENNEDY,muestra_sintetica
4.641608363207822,-74.15404952932379,08,KENNEDY,muestra_sintetica
4.631362291281868,-74.14875782105509,08,KENNEDY,muestra_sintetica
4.638344163433556,-74.15329600798381,08,KENNEDY,muestra_sintetica
4.638396568286639,-74.15829032664304,08,KENNEDY,muestra_sintetica
4.639378489050837,-74.16504585789939,08,KENNEDY,muestra_sintetica
4.632860677623824,-74.15439336984741,08,KENNEDY,muestra_sintetica
4.636661437136649,-74.15485732638516,08,KENNEDY,muestra_sintetica
4.634097520192923,-74.15603196284567,08,KENNEDY,muestra_sintetica
4.630904328582009,-74.14769947788385,08,KENNEDY,muestra_sintetica
4.635298457736846,-74.14963624193777,08,KENNEDY,muestra_sintetica
4.631096594166437,-74.15348773132368,08,KENNEDY,muestra_sintetica
4.6468811703054085,-74.15560565329564,08,KENNEDY,muestra_sintetica
4.635362965621955,-74.16095927479688,08,KENNEDY,muestra_sintetica
4.627017131511695,-74.15605200339697,08,KENNEDY,muestra_sintetica
4.639148204393251,-74.1599736722487,08,KENNEDY,muestra_sintetica
4.6388323326412895,-74.1557554050076,08,KENNEDY,muestra_sintetica
4.642355916546247,-74.144809058781,08,KENNEDY,muestra_sintetica
4.6311957110029285,-74.1616220618424,08,KENNEDY,muestra_sintetica
4.641871432291913,-74.14716341035853,08,KENNEDY,muestra_sintetica
4.6347447897703,-74.14920530065861,08,KENNEDY,muestra_sintetica
4.640051745900664,-74.16079434806704,08,KENNEDY,muestra_sintetica
4.634520708406543,-74.16009543617115,08,KENNEDY,muestra_sintetica
4.636751367602094,-74.15213885735479,08,KENNEDY,muestra_sintetica
4.644109234419241,-74.16186148008975,08,KENNEDY,muestra_sintetica
4.632310894221431,-74.15180385547174,08,KENNEDY,muestra_sintetica
4.644619193214344,-74.15926996994438,08,KENNEDY,muestra_sintetica
4.635354368290354,-74.15047973134416,08,KENNEDY,muestra_sintetica
4.633724537144658,-74.15400057184841,08,KENNEDY,muestra_sintetica
4.635552034999796,-74.1509876060431,08,KENNEDY,muestra_sintetica
4.634356471748697,-74.14978124818218,08,KENNEDY,muestra_sintetica
4.639034998706471,-74.16107766112448,08,KENNEDY,muestra_sintetica
4.637490934136569,-74.14994280124634,08,KENNEDY,muestra_sintetica
4.63517815968041,-74.15970289280234,08,KENNEDY,muestra_sintetica
4.635854276122055,-74.15338186760438,08,KENNEDY,muestra_sintetica
4.6432151823773555,-74.16083606517435,08,KENNEDY,muestra_sintetica
4.631722381818429,-74.15678403255075,08,KENNEDY,muestra_sintetica
4.633454890426701,-74.15833246638991,08,KENNEDY,muestra_sintetica
4.636772357780585,-74.14970042146784,08,KENNEDY,muestra_sintetica
4.636381144165688,-74.15424475065893,08,KENNEDY,muestra_sintetica
4.645465039566623,-74.15113831965078,08,KENNEDY,muestra_sintetica
4.635774623979309,-74.1550262600884,08,KENNEDY,muestra_sintetica
4.629805274713176,-74.15952030365222,08,KENNEDY,muestra_sintetica
4.639371364983358,-74.15526166442207,08,KENNEDY,muestra_sintetica
4.638960582421024,-74.15217989679188,08,KENNEDY,muestra_sintetica
4.6395821319719195,-74.1524906750777,08,KENNEDY,muestra_sintetica
4.633924708338452,-74.15736978904468,08,KENNEDY,muestra_sintetica
4.636093617597206,-74.15509499139819,08,KENNEDY,muestra_sintetica
4.6423810909171825,-74.15791116771005,08,KENNEDY,muestra_sintetica
4.645270911316961,-74.15199633268446,08,KENNEDY,muestra_sintetica
4.628036715623104,-74.15292735262346,08,KENNEDY,muestra_sintetica
4.6344663138987245,-74.1467659394283,08,KENNEDY,muestra_sintetica
4.636783770347829,-74.15513365285771,08,KENNEDY,muestra_sintetica
4.641390895868274,-74.15388395445515,08,KENNEDY,muestra_sintetica
4.636110224900324,-74.15003947662852,08,KENNEDY,muestra_sintetica
4.636552478958805,-74.15014258525888,08,KENNEDY,muestra_sintetica
4.704094947150368,-74.10837681911016,10,ENGATIVÁ,muestra_sintetica
4.693150792273542,-74.10580818397959,10,ENGATIVÁ,muestra_sintetica
4.700390859054515,-74.09956227439588,10,ENGATIVÁ,muestra_sintetica
4.6949344163168965,-74.10222130192494,10,ENGATIVÁ,muestra_sintetica
4.707500549727279,-74.09869195012686,10,ENGATIVÁ,muestra_sintetica
4.7025084272395254,-74.09846635679824,10,ENGATIVÁ,muestra_sintetica
4.702595321363818,-74.10041335843921,10,ENGATIVÁ,muestra_sintetica
4.699879188607004,-74.10659763330263,10,ENGATIVÁ,muestra_sintetica
4.698070488324077,-74.10784431137006,10,ENGATIVÁ,muestra_sintetica
4.699755261516478,-74.10422042515039,10,ENGATIVÁ,muestra_sintetica
4.705409698833172,-74.10569857886077,10,ENGATIVÁ,muestra_sintetica
4.696166151031503,-74.10464184910323,10,ENGATIVÁ,muestra_sintetica
4.705886616388412,-74.10937925685575,10,ENGATIVÁ,muestra_sintetica
4.699785282653456,-74.1065992149619,10,ENGATIVÁ,muestra_sintetica
4.705324281490102,-74.10637936159694,10,ENGATIVÁ,muestra_sintetica
4.700639124337294,-74.10371960212508,10,ENGATIVÁ,muestra_sintetica
4.703639351484869,-74.10594979785,10,ENGATIVÁ,muestra_sintetica
4.696689766163066,-74.10872997974077,10,ENGATIVÁ,muestra_sintetica
4.703735966085953,-74.10154943516604,10,ENGATIVÁ,muestra_sintetica
4.7025701432578595,-74.10868541289445,10,ENGATIVÁ,muestra_sintetica
4.700856317997603,-74.10492178314453,10,ENGATIVÁ,muestra_sintetica
4.697844988909728,-74.09974560475138,10,ENGATIVÁ,muestra_sintetica
4.6933078320172585,-74.10411807200295,10,ENGATIVÁ,muestra_sintetica
4.701571529358058,-74.10753339545874,10,ENGATIVÁ,muestra_sintetica
4.706761554456325,-74.09573681719671,10,ENGATIVÁ,muestra_sintetica
4.701525288692234,-74.10106882872739,10,ENGATIVÁ,muestra_sintetica
4.69610178833425,-74.10701020013258,10,ENGATIVÁ,muestra_sintetica
4.696583146116591,-74.10375545645954,10,ENGATIVÁ,muestra_sintetica
4.698280472857703,-74.09700845319593,10,ENGATIVÁ,muestra_sintetica
4.703361881613032,-74.1053418613176,10,ENGATIVÁ,muestra_sintetica
4.692459033804129,-74.10629932247569,10,ENGATIVÁ,muestra_sintetica
4.696083942895927,-74.107419525607,10,ENGATIVÁ,muestra_sintetica
4.700715930343661,-74.11086463633605,10,ENGATIVÁ,muestra_sintetica
4.701052627745725,-74.10199286224798,10,ENGATIVÁ,muestra_sintetica
4.701120803554738,-74.10556278496202,10,ENGATIVÁ,muestra_sintetica
4.690917169613641,-74.1057010844786,10,ENGATIVÁ,muestra_sintetica
4.70468477762535,-74.10843980997237,10,ENGATIVÁ,muestra_sintetica
4.70259427720846,-74.10207628248858,10,ENGATIVÁ,muestra_sintetica
4.694496519707073,-74.10118770925548,10,ENGATIVÁ,muestra_sintetica
4.702543017638413,-74.1006149404334,10,ENGATIVÁ,muestra_sintetica
4.6914657701021705,-74.10293770086264,10,ENGATIVÁ,muestra_sintetica
4.692381095194183,-74.10543365292861,10,ENGATIVÁ,muestra_sintetica
4.701794799739577,-74.10472383559616,10,ENGATIVÁ,muestra_sintetica
4.70184781329961,-74.10261883968188,10,ENGATIVÁ,muestra_sintetica
4.702126971403514,-74.1107494591191,10,ENGATIVÁ,muestra_sintetica
4.705568112448361,-74.1051262798512,10,ENGATIVÁ,muestra_sintetica
4.6918970729153875,-74.0978881961572,10,ENGATIVÁ,muestra_sintetica
4.701015601833954,-74.11286931904624,10,ENGATIVÁ,muestra_sintetica
4.69307249986803,-74.10275547028262,10,ENGATIVÁ,muestra_sintetica
4.698123107844194,-74.10385530056791,10,ENGATIVÁ,muestra_sintetica
4.698029751437469,-74.10295432917997,10,ENGATIVÁ,muestra_sintetica
4.69940558107247,-74.10661685243748,10,ENGATIVÁ,muestra_sintetica
4.701342980736813,-74.100252171233,10,ENGATIVÁ,muestra_sintetica
4.699705071284743,-74.10713867134623,10,ENGATIVÁ,muestra_sintetica
4.688510899131667,-74.10836326404669,10,ENGATIVÁ,muestra_sintetica
4.693847992787051,-74.11084403985126,10,ENGATIVÁ,muestra_sintetica
4.699641792059885,-74.09542056253078,10,ENGATIVÁ,muestra_sintetica
4.697910641174748,-74.10190104657184,10,ENGATIVÁ,muestra_sintetica
4.709025819097579,-74.10778126229772,10,ENGATIVÁ,muestra_sintetica
4.697837055408092,-74.0962682705845,10,ENGATIVÁ,muestra_sintetica
4.6955267735104425,-74.1065388600043,10,ENGATIVÁ,muestra_sintetica
4.698974869212853,-74.10423748318159,10,ENGATIVÁ,muestra_sintetica
4.703216372053295,-74.11191095825038,10,ENGATIVÁ,muestra_sintetica
4.695409157362717,-74.09875711662887,10,ENGATIVÁ,muestra_sintetica
4.703388023747079,-74.09706879957861,10,ENGATIVÁ,muestra_sintetica
4.695730475683021,-74.11169121942505,10,ENGATIVÁ,muestra_sintetica
4.700454141041895,-74.10244003330101,10,ENGATIVÁ,muestra_sintetica
4.699401398714966,-74.10623719784292,10,ENGATIVÁ,muestra_sintetica
4.696292723745965,-74.09758236165652,10,ENGATIVÁ,muestra_sintetica
4.700378184568856,-74.1029051675843,10,ENGATIVÁ,muestra_sintetica
4.698682310621685,-74.10529594349659,10,ENGATIVÁ,muestra_sintetica
4.704034611652601,-74.10978279348501,10,ENGATIVÁ,muestra_sintetica
4.705357655683106,-74.10353338320532,10,ENGATIVÁ,muestra_sintetica
4.702085791436147,-74.10751708276206,10,ENGATIVÁ,muestra_sintetica
4.695511130708413,-74.10216346642913,10,ENGATIVÁ,muestra_sintetica
4.698555018152366,-74.10696801340009,10,ENGATIVÁ,muestra_sintetica
4.696141611478071,-74.09889772883822,10,ENGATIVÁ,muestra_sintetica
4.700574208184634,-74.09318707215023,10,ENGATIVÁ,muestra_sintetica
4.698891618728479,-74.10349547828777,10,ENGATIVÁ,muestra_sintetica
4.696817293832823,-74.09929944869782,10,ENGATIVÁ,muestra_sintetica
4.699004896085263,-74.09950880054775,10,ENGATIVÁ,muestra_sintetica
4.697985242322259,-74.10786164225064,10,ENGATIVÁ,muestra_sintetica
4.710279612714749,-74.10560670534007,10,ENGATIVÁ,muestra_sintetica
4.70220751394289,-74.10676752527054,10,ENGATIVÁ,muestra_sintetica
4.694582432308497,-74.09928439654462,10,ENGATIVÁ,muestra_sintetica
4.697677271283903,-74.10033645774142,10,ENGATIVÁ,muestra_sintetica
4.706561453772245,-74.10909078840989,10,ENGATIVÁ,muestra_sintetica
4.703680668522192,-74.1033022138314,10,ENGATIVÁ,muestra_sintetica
4.699764240012238,-74.09877472633217,10,ENGATIVÁ,muestra_sintetica
4.6962267617096805,-74.10479787998175,10,ENGATIVÁ,muestra_sintetica
4.69700806502976,-74.10700614568707,10,ENGATIVÁ,muestra_sintetica
4.703851209472469,-74.1064917778933,10,ENGATIVÁ,muestra_sintetica
4.696097530674596,-74.1055308615192,10,ENGATIVÁ,muestra_sintetica
4.697145890231867,-74.10204308498867,10,ENGATIVÁ,muestra_sintetica
4.698597696525915,-74.10658193739188,10,ENGATIVÁ,muestra_sintetica
4.704522934038445,-74.11132895675172,10,ENGATIVÁ,muestra_sintetica
4.712296053720457,-74.10152572160092,10,ENGATIVÁ,muestra_sintetica
4.697276050146641,-74.09721910796961,10,ENGATIVÁ,muestra_sintetica
4.703670719190374,-74.10813233319533,10,ENGATIVÁ,muestra_sintetica
4.700476027566927,-74.09969094900282,10,ENGATIVÁ,muestra_sintetica
4.693576365464986,-74.10424700139892,10,ENGATIVÁ,muestra_sintetica
4.706801328480301,-74.10516094112174,10,ENGATIVÁ,muestra_sintetica
4.696217720709034,-74.11110150184987,10,ENGATIVÁ,muestra_sintetica
4.703088364818833,-74.10752986773218,10,ENGATIVÁ,muestra_sintetica
4.705598947439702,-74.10270786960548,10,ENGATIVÁ,muestra_sintetica
4.701039013575692,-74.1019720229008,10,ENGATIVÁ,muestra_sintetica
4.70106293431095,-74.10048730570153,10,ENGATIVÁ,muestra_sintetica
4.705069652696058,-74.10273213210974,10,ENGATIVÁ,muestra_sintetica
4.69588947630039,-74.1000640642891,10,ENGATIVÁ,muestra_sintetica
4.695941979017382,-74.0962731854407,10,ENGATIVÁ,muestra_sintetica
4.70657242053827,-74.11204876094902,10,ENGATIVÁ,muestra_sintetica
4.696599438669607,-74.10758495082038,10,ENGATIVÁ,muestra_sintetica
4.703425848497179,-74.10205768447118,10,ENGATIVÁ,muestra_sintetica
4.702175391399937,-74.09693183023826,10,ENGATIVÁ,muestra_sintetica
4.697561349159995,-74.10609779850384,10,ENGATIVÁ,muestra_sintetica
4.6982422510885495,-74.1014194821314,10,ENGATIVÁ,muestra_sintetica
4.704121331044467,-74.1079669857543,10,ENGATIVÁ,muestra_sintetica
4.698752597050149,-74.10675163166972,10,ENGATIVÁ,muestra_sintetica
4.693888019396024,-74.1122370586694,10,ENGATIVÁ,muestra_sintetica
4.704062892187585,-74.10125729387869,10,ENGATIVÁ,muestra_sintetica
4.705115663014795,-74.1060783044364,10,ENGATIVÁ,muestra_sintetica
4.695731114477253,-74.10164766401961,10,ENGATIVÁ,muestra_sintetica
4.701816922872064,-74.10657500976212,10,ENGATIVÁ,muestra_sintetica
4.702679254957596,-74.10913967637957,10,ENGATIVÁ,muestra_sintetica
4.710245971062016,-74.09715112540326,10,ENGATIVÁ,muestra_sintetica
4.695907334995978,-74.0975021257804,10,ENGATIVÁ,muestra_sintetica
4.696710006392487,-74.1112354877298,10,ENGATIVÁ,muestra_sintetica
4.702752816167744,-74.10586766892317,10,ENGATIVÁ,muestra_sintetica
4.698875120283663,-74.10157354291987,10,ENGATIVÁ,muestra_sintetica
4.696918532074895,-74.1112549640681,10,ENGATIVÁ,muestra_sintetica
4.700117849074161,-74.10338921682099,10,ENGATIVÁ,muestra_sintetica
4.698013536716273,-74.10618548934552,10,ENGATIVÁ,muestra_sintetica
4.698042665846688,-74.10189852399881,10,ENGATIVÁ,muestra_sintetica
4.702604093631374,-74.10738521569466,10,ENGATIVÁ,muestra_sintetica
4.708650891955408,-74.1015921387802,10,ENGATIVÁ,muestra_sintetica
4.706445049785465,-74.10073253062006,10,ENGATIVÁ,muestra_sintetica
4.701547383913921,-74.11377253507034,10,ENGATIVÁ,muestra_sintetica
4.706932996212615,-74.106486740594,10,ENGATIVÁ,muestra_sintetica
4.703754104634981,-74.10570261433125,10,ENGATIVÁ,muestra_sintetica
4.699540616810285,-74.10060865864354,10,ENGATIVÁ,muestra_sintetica
4.703847406614204,-74.10397348999612,10,ENGATIVÁ,muestra_sintetica
4.695476657037516,-74.11189957697492,10,ENGATIVÁ,muestra_sintetica
4.703666026930341,-74.10294908722841,10,ENGATIVÁ,muestra_sintetica
4.703128513387968,-74.10760252470483,10,ENGATIVÁ,muestra_sintetica
4.698229326995172,-74.10675113696959,10,ENGATIVÁ,muestra_sintetica
4.704961719955702,-74.10663302059847,10,ENGATIVÁ,muestra_sintetica
4.705834330398098,-74.0993733218045,10,ENGATIVÁ,muestra_sintetica
4.702483836731827,-74.11127825890557,10,ENGATIVÁ,muestra_sintetica
4.696181834691026,-74.09529500555179,10,ENGATIVÁ,muestra_sintetica
4.6942310091752715,-74.10373955106432,10,ENGATIVÁ,muestra_sintetica
4.707579779867061,-74.10949656018866,10,ENGATIVÁ,muestra_sintetica
4.700491562508871,-74.1071725530669,10,ENGATIVÁ,muestra_sintetica
4.695601061764131,-74.10218726698768,10,ENGATIVÁ,muestra_sintetica
4.691455925323678,-74.10289849264053,10,ENGATIVÁ,muestra_sintetica
4.7023041586814145,-74.1006469462124,10,ENGATIVÁ,muestra_sintetica
4.702581405248214,-74.09649471220337,10,ENGATIVÁ,muestra_sintetica
4.70008167070016,-74.10054168715922,10,ENGATIVÁ,muestra_sintetica
4.701147506550205,-74.10474911425601,10,ENGATIVÁ,muestra_sintetica
4.698894954508655,-74.0953486070663,10,ENGATIVÁ,muestra_sintetica
4.7003906855270445,-74.1015751461631,10,ENGATIVÁ,muestra_sintetica
4.710789907985605,-74.10242634043043,10,ENGATIVÁ,muestra_sintetica
4.701707117714523,-74.10640699049306,10,ENGATIVÁ,muestra_sintetica
4.696714393412765,-74.10715384955213,10,ENGATIVÁ,muestra_sintetica
4.703098243741703,-74.10834956177072,10,ENGATIVÁ,muestra_sintetica
4.696014660719928,-74.10471625291737,10,ENGATIVÁ,muestra_sintetica
4.695701393814306,-74.09790815168385,10,ENGATIVÁ,muestra_sintetica
4.706535410123945,-74.10772914082533,10,ENGATIVÁ,muestra_sintetica
4.695852130696516,-74.09312598208369,10,ENGATIVÁ,muestra_sintetica
4.706135471451286,-74.09464295014124,10,ENGATIVÁ,muestra_sintetica
4.7033467635973825,-74.10104527011555,10,ENGATIVÁ,muestra_sintetica
4.692366609405377,-74.10553593291917,10,ENGATIVÁ,muestra_sintetica
4.696383898090288,-74.09526507177603,10,ENGATIVÁ,muestra_sintetica
4.698514642829441,-74.09734337288606,10,ENGATIVÁ,muestra_sintetica
4.70398659088809,-74.10029255405364,10,ENGATIVÁ,muestra_sintetica
4.7010992906000615,-74.09962066247036,10,ENGATIVÁ,muestra_sintetica
4.708472832841626,-74.09972276590575,10,ENGATIVÁ,muestra_sintetica
4.703208670790028,-74.11040763036986,10,ENGATIVÁ,muestra_sintetica
4.699672415219533,-74.104006551038,10,ENGATIVÁ,muestra_sintetica
4.691787854449293,-74.1031384153272,10,ENGATIVÁ,muestra_sintetica
4.698535147934836,-74.09954794550409,10,ENGATIVÁ,muestra_sintetica
4.704488238579355,-74.09766525102832,10,ENGATIVÁ,muestra_sintetica
4.694107063469314,-74.11111989701241,10,ENGATIVÁ,muestra_sintetica
4.707849802239984,-74.10804014258017,10,ENGATIVÁ,muestra_sintetica
4.6977385550838955,-74.1077182043876,10,ENGATIVÁ,muestra_sintetica
4.696000520689168,-74.11431731660451,10,ENGATIVÁ,muestra_sintetica
4.691971948176002,-74.0987729418839,10,ENGATIVÁ,muestra_sintetica
4.6978629555412885,-74.10405331245113,10,ENGATIVÁ,muestra_sintetica
4.696223764396165,-74.09965891673032,10,ENGATIVÁ,muestra_sintetica
4.702591134541245,-74.10596804811816,10,ENGATIVÁ,muestra_sintetica
4.702173116031101,-74.1110119692344,10,ENGATIVÁ,muestra_sintetica
4.6982733974185225,-74.10013697569717,10,ENGATIVÁ,muestra_sintetica
4.702468770525828,-74.10440061996425,10,ENGATIVÁ,muestra_sintetica
4.707088859472629,-74.11641565514577,10,ENGATIVÁ,muestra_sintetica
4.707652420458634,-74.0989078255347,10,ENGATIVÁ,muestra_sintetica
4.705001069059756,-74.10534054233662,10,ENGATIVÁ,muestra_sintetica
4.700129493922465,-74.1041495554929,10,ENGATIVÁ,muestra_sintetica
4.700033733796487,-74.11335388219794,10,ENGATIVÁ,muestra_sintetica
4.70126449120442,-74.10197623215066,10,ENGATIVÁ,muestra_sintetica
4.701274473469686,-74.10466497948575,10,ENGATIVÁ,muestra_sintetica
4.689470658157654,-74.10790520827113,10,ENGATIVÁ,muestra_sintetica
4.704105543755757,-74.10657478896636,10,ENGATIVÁ,muestra_sintetica
4.700091996783376,-74.0970940350205,10,ENGATIVÁ,muestra_sintetica
4.699747186613074,-74.10540937216979,10,ENGATIVÁ,muestra_sintetica
4.711303528143688,-74.10065412512549,10,ENGATIVÁ,muestra_sintetica
4.699550840494899,-74.10443598534677,10,ENGATIVÁ,muestra_sintetica
4.702977028601249,-74.09908534167039,10,ENGATIVÁ,muestra_sintetica
4.697880011136192,-74.10403358639365,10,ENGATIVÁ,muestra_sintetica
4.698428633746995,-74.10967380545476,10,ENGATIVÁ,muestra_sintetica
4.6960090031820965,-74.10990541204129,10,ENGATIVÁ,muestra_sintetica
4.696483560781575,-74.10141198889575,10,ENGATIVÁ,muestra_sintetica
4.698036849293936,-74.10546173153261,10,ENGATIVÁ,muestra_sintetica
4.693802755955092,-74.10499466438753,10,ENGATIVÁ,muestra_sintetica
4.702069106380509,-74.1071854809287,10,ENGATIVÁ,muestra_sintetica
4.695848227738994,-74.10415006116206,10,ENGATIVÁ,muestra_sintetica
4.70152887630393,-74.10466023542844,10,ENGATIVÁ,muestra_sintetica
4.689252315787359,-74.10548571887479,10,ENGATIVÁ,muestra_sintetica
4.702392975614052,-74.10654109530998,10,ENGATIVÁ,muestra_sintetica
4.698699621378862,-74.10381388692362,10,ENGATIVÁ,muestra_sintetica
4.696160368044119,-74.09864890478916,10,ENGATIVÁ,muestra_sintetica
4.704285770483195,-74.1083814676043,10,ENGATIVÁ,muestra_sintetica
4.70269168808204,-74.10395458635105,10,ENGATIVÁ,muestra_sintetica
4.706947316815576,-74.11028231969185,10,ENGATIVÁ,muestra_sintetica
4.696364186091676,-74.10475911066914,10,ENGATIVÁ,muestra_sintetica
4.705608156631225,-74.09507008247947,10,ENGATIVÁ,muestra_sintetica
4.70609705183371,-74.10999995837665,10,ENGATIVÁ,muestra_sintetica
4.698047589517665,-74.09892367867046,10,ENGATIVÁ,muestra_sintetica
4.703082252330091,-74.09519138084056,10,ENGATIVÁ,muestra_sintetica
4.688389148030731,-74.1042156335209,10,ENGATIVÁ,muestra_sintetica
4.6924190285307645,-74.10458374293198,10,ENGATIVÁ,muestra_sintetica
4.700958375450986,-74.10106278971486,10,ENGATIVÁ,muestra_sintetica
4.700118381596693,-74.09976710538413,10,ENGATIVÁ,muestra_sintetica
4.701992904386281,-74.10420213106669,10,ENGATIVÁ,muestra_sintetica
4.697383689916128,-74.10868553396942,10,ENGATIVÁ,muestra_sintetica
4.703858674774521,-74.11056463099757,10,ENGATIVÁ,muestra_sintetica
4.703618115445589,-74.10274789898949,10,ENGATIVÁ,muestra_sintetica
4.702614312773552,-74.10351633860044,10,ENGATIVÁ,muestra_sintetica
4.705472178194819,-74.10357855626404,10,ENGATIVÁ,muestra_sintetica
4.699926129016559,-74.10144746192742,10,ENGATIVÁ,muestra_sintetica
4.703735012292035,-74.10902505319663,10,ENGATIVÁ,muestra_sintetica
4.707945023070914,-74.11056997181332,10,ENGATIVÁ,muestra_sintetica
4.703401212472444,-74.1097572358302,10,ENGATIVÁ,muestra_sintetica
4.705700804022929,-74.10394957057852,10,ENGATIVÁ,muestra_sintetica
4.708312999451362,-74.10162317939964,10,ENGATIVÁ,muestra_sintetica
4.691020983449686,-74.09629821758192,10,ENGATIVÁ,muestra_sintetica
4.706627567728088,-74.1026808519291,10,ENGATIVÁ,muestra_sintetica
4.703521450413115,-74.1072946883937,10,ENGATIVÁ,muestra_sintetica
4.696324330704592,-74.10266613967131,10,ENGATIVÁ,muestra_sintetica
4.710093306759773,-74.10603885739708,10,ENGATIVÁ,muestra_sintetica
4.6999566581484675,-74.10908735213086,10,ENGATIVÁ,muestra_sintetica
4.692541682737728,-74.11163949654001,10,ENGATIVÁ,muestra_sintetica
4.695532016211839,-74.1003492484133,10,ENGATIVÁ,muestra_sintetica
4.700977072650135,-74.10286998523607,10,ENGATIVÁ,muestra_sintetica
4.700742017652199,-74.10683417496087,10,ENGATIVÁ,muestra_sintetica
4.702934442381162,-74.10728676147593,10,ENGATIVÁ,muestra_sintetica
4.69965699750434,-74.11432846352987,10,ENGATIVÁ,muestra_sintetica
4.70472822328042,-74.10585112031298,10,ENGATIVÁ,muestra_sintetica
4.698867024523664,-74.12310873341686,10,ENGATIVÁ,muestra_sintetica
4.695505073605235,-74.09888979782495,10,ENGATIVÁ,muestra_sintetica
4.699445462385921,-74.10486648469262,10,ENGATIVÁ,muestra_sintetica
4.697960365615223,-74.09653265556346,10,ENGATIVÁ,muestra_sintetica
4.697849604453669,-74.10170320308671,10,ENGATIVÁ,muestra_sintetica
4.701391911330606,-74.10289192087285,10,ENGATIVÁ,muestra_sintetica
4.707241734108195,-74.10529030182174,10,ENGATIVÁ,muestra_sintetica
4.701840569067468,-74.10523337207975,10,ENGATIVÁ,muestra_sintetica
4.6981191446851405,-74.09736319357872,10,ENGATIVÁ,muestra_sintetica
4.702663150903707,-74.10205876041485,10,ENGATIVÁ,muestra_sintetica
4.6996657913516335,-74.10852639041958,10,ENGATIVÁ,muestra_sintetica
4.69694554546103,-74.09856062082524,10,ENGATIVÁ,muestra_sintetica
4.70288566003881,-74.09619109199068,10,ENGATIVÁ,muestra_sintetica
4.703014612010637,-74.09922890687368,10,ENGATIVÁ,muestra_sintetica
4.698144054667188,-74.10083892290237,10,ENGATIVÁ,muestra_sintetica
4.698873193011172,-74.09614259307972,10,ENGATIVÁ,muestra_sintetica
4.699425399909491,-74.09838268148792,10,ENGATIVÁ,muestra_sintetica
4.696869816463157,-74.11372308981385,10,ENGATIVÁ,muestra_sintetica
4.70494689851978,-74.11230669263772,10,ENGATIVÁ,muestra_sintetica
4.700648304416404,-74.10474004141574,10,ENGATIVÁ,muestra_sintetica
4.695073747673336,-74.10689273643813,10,ENGATIVÁ,muestra_sintetica
4.700288504166342,-74.10750799940143,10,ENGATIVÁ,muestra_sintetica
4.691217812983894,-74.1009044384715,10,ENGATIVÁ,muestra_sintetica
4.700510057830165,-74.11298857961671,10,ENGATIVÁ,muestra_sintetica
4.714320028581682,-74.10294268683728,10,ENGATIVÁ,muestra_sintetica
4.699709212184984,-74.10985252564598,10,ENGATIVÁ,muestra_sintetica
4.692350503043371,-74.09607588813007,10,ENGATIVÁ,muestra_sintetica
4.695618149827331,-74.10794727551152,10,ENGATIVÁ,muestra_sintetica
4.700903486879201,-74.09546139822947,10,ENGATIVÁ,muestra_sintetica
4.700410608846053,-74.10839728339703,10,ENGATIVÁ,muestra_sintetica
4.694451238036331,-74.10516151842819,10,ENGATIVÁ,muestra_sintetica
4.693270043836172,-74.09622165697432,10,ENGATIVÁ,muestra_sintetica
4.6988896196500605,-74.10082201199808,10,ENGATIVÁ,muestra_sintetica
4.6987749272521775,-74.10400530163477,10,ENGATIVÁ,muestra_sintetica
4.702777985823152,-74.10893874308488,10,ENGATIVÁ,muestra_sintetica
4.694543419235567,-74.1150891472996,10,ENGATIVÁ,muestra_sintetica
4.700491336505693,-74.11415696025477,10,ENGATIVÁ,muestra_sintetica
4.699117176762079,-74.1016204088928,10,ENGATIVÁ,muestra_sintetica
4.697591778952294,-74.10185463835401,10,ENGATIVÁ,muestra_sintetica
4.695698311697539,-74.09705562283199,10,ENGATIVÁ,muestra_sintetica
4.70356166081191,-74.10728871062649,10,ENGATIVÁ,muestra_sintetica
4.704403887028148,-74.1071344706582,10,ENGATIVÁ,muestra_sintetica
4.698508267539052,-74.09908585235262,10,ENGATIVÁ,muestra_sintetica
4.699460796256548,-74.1096089604563,10,ENGATIVÁ,muestra_sintetica
4.711426466447386,-74.10669722640813,10,ENGATIVÁ,muestra_sintetica
4.710016392561155,-74.10502583217006,10,ENGATIVÁ,muestra_sintetica
4.693829402420973,-74.10457004099602,10,ENGATIVÁ,muestra_sintetica
4.706123402509953,-74.10369586286608,10,ENGATIVÁ,muestra_sintetica
4.694807413386578,-74.10456558740546,10,ENGATIVÁ,muestra_sintetica
4.6952696621498164,-74.10393988453782,10,ENGATIVÁ,muestra_sintetica
4.71088068859618,-74.10231375227144,10,ENGATIVÁ,muestra_sintetica
4.697928453519025,-74.10064540555845,10,ENGATIVÁ,muestra_sintetica
4.6992502477317215,-74.1072917539713,10,ENGATIVÁ,muestra_sintetica
4.7021422871537695,-74.10819916200903,10,ENGATIVÁ,muestra_sintetica
4.7061328432814955,-74.10374798238702,10,ENGATIVÁ,muestra_sintetica
4.699496424484893,-74.10400392825709,10,ENGATIVÁ,muestra_sintetica
4.702397207127627,-74.10431755947384,10,ENGATIVÁ,muestra_sintetica
4.700880390322313,-74.10036266123515,10,ENGATIVÁ,muestra_sintetica
4.692675616816523,-74.09983882828027,10,ENGATIVÁ,muestra_sintetica
4.698967078001317,-74.10892463912454,10,ENGATIVÁ,muestra_sintetica
4.694141209265406,-74.11358964111992,10,ENGATIVÁ,muestra_sintetica
4.697796226884628,-74.09802528978409,10,ENGATIVÁ,muestra_sintetica
4.6943840341367435,-74.10355886039012,10,ENGATIVÁ,muestra_sintetica
4.706077648397357,-74.10345579789973,10,ENGATIVÁ,muestra_sintetica
4.702274635783321,-74.1058114692519,10,ENGATIVÁ,muestra_sintetica
4.696772922413279,-74.10002917748184,10,ENGATIVÁ,muestra_sintetica
4.697614870405442,-74.09852715619112,10,ENGATIVÁ,muestra_sintetica
4.704911291000391,-74.10895738468375,10,ENGATIVÁ,muestra_sintetica
4.69684250111201,-74.10050654134298,10,ENGATIVÁ,muestra_sintetica
4.690090895310669,-74.0990925141007,10,ENGATIVÁ,muestra_sintetica
4.699162014280827,-74.10074245960152,10,ENGATIVÁ,muestra_sintetica
4.701511667938286,-74.10918300960225,10,ENGATIVÁ,muestra_sintetica
4.703464885073793,-74.10437810501948,10,ENGATIVÁ,muestra_sintetica
4.704314087605717,-74.11123060034053,10,ENGATIVÁ,muestra_sintetica
4.698081796982549,-74.10263534004251,10,ENGATIVÁ,muestra_sintetica
4.698979280734197,-74.10259688253907,10,ENGATIVÁ,muestra_sintetica
4.706032635133194,-74.10428436290923,10,ENGATIVÁ,muestra_sintetica
4.699454295019301,-74.09946614392457,10,ENGATIVÁ,muestra_sintetica
4.702952137234093,-74.10134987737592,10,ENGATIVÁ,muestra_sintetica
4.701432826184228,-74.10180159364707,10,ENGATIVÁ,muestra_sintetica
4.70088612851736,-74.10822125407698,10,ENGATIVÁ,muestra_sintetica
4.703865794230018,-74.10659492055568,10,ENGATIVÁ,muestra_sintetica
4.7051526130057555,-74.11152993027402,10,ENGATIVÁ,muestra_sintetica
4.699688009127964,-74.10380715331647,10,ENGATIVÁ,muestra_sintetica
4.7011811033351565,-74.10623476331443,10,ENGATIVÁ,muestra_sintetica
4.704295486925611,-74.10693586110399,10,ENGATIVÁ,muestra_sintetica
4.698737092094584,-74.10498990516669,10,ENGATIVÁ,muestra_sintetica
4.695216979903386,-74.10652695821081,10,ENGATIVÁ,muestra_sintetica
4.694297048937608,-74.10958352378591,10,ENGATIVÁ,muestra_sintetica
4.697667831763591,-74.10527577898067,10,ENGATIVÁ,muestra_sintetica
4.7030976147398915,-74.1046586799673,10,ENGATIVÁ,muestra_sintetica
4.69992130547473,-74.10477153020521,10,ENGATIVÁ,muestra_sintetica
4.694180376650125,-74.11258702404281,10,ENGATIVÁ,muestra_sintetica
4.704014321994576,-74.09988842202172,10,ENGATIVÁ,muestra_sintetica
4.702564665675301,-74.10830954873694,10,ENGATIVÁ,muestra_sintetica
4.700327187977891,-74.10238900271735,10,ENGATIVÁ,muestra_sintetica
4.702742344380897,-74.1017283299202,10,ENGATIVÁ,muestra_sintetica
4.7030758700452555,-74.10859495594215,10,ENGATIVÁ,muestra_sintetica
4.699793903392033,-74.09704903782502,10,ENGATIVÁ,muestra_sintetica
4.697690186842264,-74.10261722915249,10,ENGATIVÁ,muestra_sintetica
4.700773019302782,-74.1057683796375,10,ENGATIVÁ,muestra_sintetica
4.696850319062599,-74.10634111243205,10,ENGATIVÁ,muestra_sintetica
4.700988924404872,-74.1073328582317,10,ENGATIVÁ,muestra_sintetica
4.697911569683425,-74.10321384369603,10,ENGATIVÁ,muestra_sintetica
4.698714214944674,-74.11389137088204,10,ENGATIVÁ,muestra_sintetica
4.703222035901377,-74.09748053337074,10,ENGATIVÁ,muestra_sintetica
4.695888895774557,-74.10015362518892,10,ENGATIVÁ,muestra_sintetica
4.702646504350719,-74.10117106342163,10,ENGATIVÁ,muestra_sintetica
4.698198133923435,-74.10870980342592,10,ENGATIVÁ,muestra_sintetica
4.697868923036531,-74.09937500310878,10,ENGATIVÁ,muestra_sintetica
4.698870453601539,-74.10176733967866,10,ENGATIVÁ,muestra_sintetica
4.693778912925101,-74.10530902698349,10,ENGATIVÁ,muestra_sintetica
4.70466833058752,-74.10405245618904,10,ENGATIVÁ,muestra_sintetica
4.701319780369965,-74.10356142982381,10,ENGATIVÁ,muestra_sintetica
4.705018300797023,-74.09911381767935,10,ENGATIVÁ,muestra_sintetica
4.7087215195985355,-74.10855800206554,10,ENGATIVÁ,muestra_sintetica
4.708173352973104,-74.10656419933642,10,ENGATIVÁ,muestra_sintetica
4.696468291204194,-74.11021937279232,10,ENGATIVÁ,muestra_sintetica
4.7026275033616605,-74.10625091285938,10,ENGATIVÁ,muestra_sintetica
4.694435654001785,-74.10433439617339,10,ENGATIVÁ,muestra_sintetica
4.704821759163593,-74.10200001722669,10,ENGATIVÁ,muestra_sintetica
4.697201323347608,-74.10999515978814,10,ENGATIVÁ,muestra_sintetica
4.69423997348514,-74.10379389065056,10,ENGATIVÁ,muestra_sintetica
4.697408946627317,-74.09949447575092,10,ENGATIVÁ,muestra_sintetica
4.703809504602517,-74.10522526386876,10,ENGATIVÁ,muestra_sintetica
4.703681854825646,-74.1023513492813,10,ENGATIVÁ,muestra_sintetica
4.686521229595859,-74.10434905066954,10,ENGATIVÁ,muestra_sintetica
4.705040959344387,-74.10063173668445,10,ENGATIVÁ,muestra_sintetica
4.698859056618493,-74.10850948236076,10,ENGATIVÁ,muestra_sintetica
4.69041975127322,-74.09744208042419,10,ENGATIVÁ,muestra_sintetica
4.702837881249425,-74.09891617819535,10,ENGATIVÁ,muestra_sintetica
4.696077015361263,-74.1056329660948,10,ENGATIVÁ,muestra_sintetica
4.696586602486173,-74.09905067924684,10,ENGATIVÁ,muestra_sintetica
4.705266869055032,-74.10348774353962,10,ENGATIVÁ,muestra_sintetica
4.702812451943459,-74.1030939540443,10,ENGATIVÁ,muestra_sintetica
4.6990760420409545,-74.10301610424999,10,ENGATIVÁ,muestra_sintetica
4.698436486426067,-74.10468184357774,10,ENGATIVÁ,muestra_sintetica
4.704589518095228,-74.10111503487063,10,ENGATIVÁ,muestra_sintetica
4.698599834636109,-74.09710195722546,10,ENGATIVÁ,muestra_sintetica
4.702560213042475,-74.10758979168787,10,ENGATIVÁ,muestra_sintetica
4.704096971031403,-74.09790708351284,10,ENGATIVÁ,muestra_sintetica
4.70480123333204,-74.10266347849672,10,ENGATIVÁ,muestra_sintetica
4.699396298666873,-74.10572078444656,10,ENGATIVÁ,muestra_sintetica
4.706199045526025,-74.10612319130999,10,ENGATIVÁ,muestra_sintetica
4.699334168278383,-74.10685813145183,10,ENGATIVÁ,muestra_sintetica
4.693644434266723,-74.10976089454337,10,ENGATIVÁ,muestra_sintetica
4.700275845250768,-74.10404837691978,10,ENGATIVÁ,muestra_sintetica
4.69321914407865,-74.11243517829382,10,ENGATIVÁ,muestra_sintetica
4.698906969882952,-74.09992919709256,10,ENGATIVÁ,muestra_sintetica
4.696595713266913,-74.10654167739297,10,ENGATIVÁ,muestra_sintetica
4.699902458786946,-74.10427717142154,10,ENGATIVÁ,muestra_sintetica
4.701412843935882,-74.10436238036597,10,ENGATIVÁ,muestra_sintetica
4.703698175144659,-74.10723889239793,10,ENGATIVÁ,muestra_sintetica
4.700777307114697,-74.10648759420727,10,ENGATIVÁ,muestra_sintetica
4.69228580919304,-74.10691349271642,10,ENGATIVÁ,muestra_sintetica
4.704253891198878,-74.09181607977949,10,ENGATIVÁ,muestra_sintetica
4.696612679638586,-74.100704006484,10,ENGATIVÁ,muestra_sintetica
4.703366814138707,-74.10105391460827,10,ENGATIVÁ,muestra_sintetica
4.704639778174196,-74.11022457760723,10,ENGATIVÁ,muestra_sintetica
4.700007777128099,-74.10391405826324,10,ENGATIVÁ,muestra_sintetica
4.705800347642323,-74.09988273805669,10,ENGATIVÁ,muestra_sintetica
4.7004065014044585,-74.10379833861738,10,ENGATIVÁ,muestra_sintetica
4.707550463345146,-74.10145143765052,10,ENGATIVÁ,muestra_sintetica
4.6986805234497835,-74.09435209700331,10,ENGATIVÁ,muestra_sintetica
4.705562434066542,-74.09630247554205,10,ENGATIVÁ,muestra_sintetica
4.700889845674172,-74.102273069024,10,ENGATIVÁ,muestra_sintetica
4.706218407525925,-74.10072667934658,10,ENGATIVÁ,muestra_sintetica
4.701477605256232,-74.1034414214961,10,ENGATIVÁ,muestra_sintetica
4.699466117183256,-74.10775782659536,10,ENGATIVÁ,muestra_sintetica
4.69103733058031,-74.1025592253641,10,ENGATIVÁ,muestra_sintetica
4.701449745779638,-74.1074113191201,10,ENGATIVÁ,muestra_sintetica
4.699720755913464,-74.10435801939359,10,ENGATIVÁ,muestra_sintetica
4.696088657455052,-74.104135153239,10,ENGATIVÁ,muestra_sintetica
4.696190132128737,-74.09578120039284,10,ENGATIVÁ,muestra_sintetica
4.6939506299925124,-74.10101115638379,10,ENGATIVÁ,muestra_sintetica
4.708108206496273,-74.09875640322474,10,ENGATIVÁ,muestra_sintetica
4.6992581513014615,-74.10502432099155,10,ENGATIVÁ,muestra_sintetica
4.6960231737666716,-74.10861561468727,10,ENGATIVÁ,muestra_sintetica
4.6972785689469365,-74.1096146155044,10,ENGATIVÁ,muestra_sintetica
4.702278578057247,-74.09781647082643,10,ENGATIVÁ,muestra_sintetica
4.698945480241531,-74.09973095263624,10,ENGATIVÁ,muestra_sintetica
4.704368474866813,-74.09458590389113,10,ENGATIVÁ,muestra_sintetica
4.705044375211503,-74.0977466703058,10,ENGATIVÁ,muestra_sintetica
4.695838041840104,-74.10220615799938,10,ENGATIVÁ,muestra_sintetica
4.699310836352415,-74.10707521967346,10,ENGATIVÁ,muestra_sintetica
4.701386861427108,-74.10546830842753,10,ENGATIVÁ,muestra_sintetica
4.704195537222199,-74.1007697827004,10,ENGATIVÁ,muestra_sintetica
4.705020399613629,-74.10847843709976,10,ENGATIVÁ,muestra_sintetica
4.697194433227242,-74.10420573218953,10,ENGATIVÁ,muestra_sintetica
4.6978794670582555,-74.10704827649913,10,ENGATIVÁ,muestra_sintetica
4.692223945784657,-74.10173792820927,10,ENGATIVÁ,muestra_sintetica
4.696544766331355,-74.10119547117354,10,ENGATIVÁ,muestra_sintetica
4.7055966877532995,-74.10417098810362,10,ENGATIVÁ,muestra_sintetica
4.6938713704880035,-74.10919822519882,10,ENGATIVÁ,muestra_sintetica
4.707844371058363,-74.09890574144211,10,ENGATIVÁ,muestra_sintetica
4.711179206311422,-74.09995169120863,10,ENGATIVÁ,muestra_sintetica
4.703120212202637,-74.11145135407745,10,ENGATIVÁ,muestra_sintetica
4.703877681900473,-74.10992808166576,10,ENGATIVÁ,muestra_sintetica
4.696120164342849,-74.10220806309479,10,ENGATIVÁ,muestra_sintetica
4.6997239610929515,-74.09971900468544,10,ENGATIVÁ,muestra_sintetica
4.703974608109392,-74.09842437397866,10,ENGATIVÁ,muestra_sintetica
4.700619205331455,-74.10069175169073,10,ENGATIVÁ,muestra_sintetica
4.709192893916296,-74.10182000989528,10,ENGATIVÁ,muestra_sintetica
4.7009226003911895,-74.09936986413594,10,ENGATIVÁ,muestra_sintetica
4.695646668799922,-74.10724334802626,10,ENGATIVÁ,muestra_sintetica
4.696693669664583,-74.10790799829797,10,ENGATIVÁ,muestra_sintetica
4.696318821844266,-74.10227541084659,10,ENGATIVÁ,muestra_sintetica
4.698143480045237,-74.10391038448252,10,ENGATIVÁ,muestra_sintetica
4.70042090817722,-74.10193935627085,10,ENGATIVÁ,muestra_sintetica
4.699152952904296,-74.11037352855601,10,ENGATIVÁ,muestra_sintetica
4.697792590224038,-74.10511312757379,10,ENGATIVÁ,muestra_sintetica
4.702209459417706,-74.09400224328157,10,ENGATIVÁ,muestra_sintetica
4.697452070484611,-74.10152478165868,10,ENGATIVÁ,muestra_sintetica
4.697450294607786,-74.09704645084197,10,ENGATIVÁ,muestra_sintetica
4.701110015666693,-74.0981177829603,10,ENGATIVÁ,muestra_sintetica
4.702060662472238,-74.10835246797993,10,ENGATIVÁ,muestra_sintetica
4.706689540183481,-74.10902655116408,10,ENGATIVÁ,muestra_sintetica
4.705974966006527,-74.10334951138839,10,ENGATIVÁ,muestra_sintetica
4.700077336523902,-74.09685000271824,10,ENGATIVÁ,muestra_sintetica
4.700153693796216,-74.10072198318619,10,ENGATIVÁ,muestra_sintetica
4.696756274069448,-74.1071107574506,10,ENGATIVÁ,muestra_sintetica
4.710728539514701,-74.10416926351685,10,ENGATIVÁ,muestra_sintetica
4.695587873537384,-74.10670744194285,10,ENGATIVÁ,muestra_sintetica
4.692743357379487,-74.10784548256169,10,ENGATIVÁ,muestra_sintetica
4.705373791133661,-74.10143935252354,10,ENGATIVÁ,muestra_sintetica
4.695523827515943,-74.0962041899718,10,ENGATIVÁ,muestra_sintetica
4.702245050718444,-74.10276729041077,10,ENGATIVÁ,muestra_sintetica
4.697327690853547,-74.09925082525285,10,ENGATIVÁ,muestra_sintetica
4.69632342886658,-74.11097593050773,10,ENGATIVÁ,muestra_sintetica
4.6944911484409015,-74.10204832490206,10,ENGATIVÁ,muestra_sintetica
4.700259618754106,-74.10564887492876,10,ENGATIVÁ,muestra_sintetica
4.700967515179052,-74.10719497394115,10,ENGATIVÁ,muestra_sintetica
4.698751220649882,-74.10783058151678,10,ENGATIVÁ,muestra_sintetica
4.692788611297463,-74.10748411848313,10,ENGATIVÁ,muestra_sintetica
4.702562130029257,-74.10895330056947,10,ENGATIVÁ,muestra_sintetica
4.701103944575445,-74.10972031753613,10,ENGATIVÁ,muestra_sintetica
4.698719602386531,-74.10294271485517,10,ENGATIVÁ,muestra_sintetica
4.707239520661161,-74.09703336986402,10,ENGATIVÁ,muestra_sintetica
4.6935076406755805,-74.10232006612362,10,ENGATIVÁ,muestra_sintetica
4.698300015943451,-74.10818552847692,10,ENGATIVÁ,muestra_sintetica
4.703575982919175,-74.10693060083025,10,ENGATIVÁ,muestra_sintetica
4.701418982019658,-74.10790476250068,10,ENGATIVÁ,muestra_sintetica
4.703571206252819,-74.10287276085563,10,ENGATIVÁ,muestra_sintetica
4.70826719428362,-74.11213957025437,10,ENGATIVÁ,muestra_sintetica
4.694589256999533,-74.10070668416495,10,ENGATIVÁ,muestra_sintetica
4.711329576591807,-74.10623974844795,10,ENGATIVÁ,muestra_sintetica
4.688419851029801,-74.11174087659039,10,ENGATIVÁ,muestra_sintetica
4.691431664369166,-74.11399508323314,10,ENGATIVÁ,muestra_sintetica
4.6938874336593495,-74.10230705211333,10,ENGATIVÁ,muestra_sintetica
4.708541912627539,-74.10227314657855,10,ENGATIVÁ,muestra_sintetica
4.703612015282673,-74.10581736395224,10,ENGATIVÁ,muestra_sintetica
4.697898842125756,-74.10497487007119,10,ENGATIVÁ,muestra_sintetica
4.698664613208913,-74.10395705536385,10,ENGATIVÁ,muestra_sintetica
4.702437950335566,-74.10636533796813,10,ENGATIVÁ,muestra_sintetica
4.704195841009747,-74.10177180190357,10,ENGATIVÁ,muestra_sintetica
4.704380452422446,-74.09684818982349,10,ENGATIVÁ,muestra_sintetica
4.701172503377345,-74.09958357264881,10,ENGATIVÁ,muestra_sintetica
4.690093119940539,-74.10604792539063,10,ENGATIVÁ,muestra_sintetica
4.701150870909781,-74.10970166207872,10,ENGATIVÁ,muestra_sintetica
4.700479353924982,-74.10385203743773,10,ENGATIVÁ,muestra_sintetica
4.694011705119682,-74.10229210173821,10,ENGATIVÁ,muestra_sintetica
4.701237851283187,-74.11303446267613,10,ENGATIVÁ,muestra_sintetica
4.70057706299747,-74.10037033364407,10,ENGATIVÁ,muestra_sintetica
4.705571296522489,-74.10372999529064,10,ENGATIVÁ,muestra_sintetica
4.699092825828401,-74.10036251348205,10,ENGATIVÁ,muestra_sintetica
4.696763991796698,-74.10810820893236,10,ENGATIVÁ,muestra_sintetica
4.696198019801495,-74.10395410758655,10,ENGATIVÁ,muestra_sintetica
4.693543705068281,-74.1097242514133,10,ENGATIVÁ,muestra_sintetica
4.688329925881412,-74.1023601601163,10,ENGATIVÁ,muestra_sintetica
4.700313905368191,-74.10748367817764,10,ENGATIVÁ,muestra_sintetica
4.694699447143833,-74.09558861594853,10,ENGATIVÁ,muestra_sintetica
4.703330678005623,-74.10667062212974,10,ENGATIVÁ,muestra_sintetica
4.618386175327791,-74.17575004906568,07,BOSA,muestra_sintetica
4.619568293336503,-74.17593020666226,07,BOSA,muestra_sintetica
4.627351508644594,-74.17979198999144,07,BOSA,muestra_sintetica
4.615403711715569,-74.17813278172844,07,BOSA,muestra_sintetica
4.620945243276721,-74.17630884417241,07,BOSA,muestra_sintetica
4.620903314237968,-74.17250750625462,07,BOSA,muestra_sintetica
4.629670055573321,-74.18895712927404,07,BOSA,muestra_sintetica
4.621966698693137,-74.1823143685028,07,BOSA,muestra_sintetica
4.6216565504422915,-74.16642074560012,07,BOSA,muestra_sintetica
4.609076488504234,-74.17953769455933,07,BOSA,muestra_sintetica
4.621793335666266,-74.18247887728926,07,BOSA,muestra_sintetica
4.628436080663914,-74.18124333202066,07,BOSA,muestra_sintetica
4.618209758848275,-74.18277764417104,07,BOSA,muestra_sintetica
4.619073987399225,-74.19004320854923,07,BOSA,muestra_sintetica
4.618999638261421,-74.17548578644218,07,BOSA,muestra_sintetica
4.624163675816411,-74.18145783787281,07,BOSA,muestra_sintetica
4.62361701408691,-74.18510292164413,07,BOSA,muestra_sintetica
4.622147579444445,-74.17439700316673,07,BOSA,muestra_sintetica
4.617022933650858,-74.18282663406497,07,BOSA,muestra_sintetica
4.617629981967344,-74.17552988139592,07,BOSA,muestra_sintetica
4.619924664568959,-74.18439201864956,07,BOSA,muestra_sintetica
4.627100305321317,-74.18072139592957,07,BOSA,muestra_sintetica
4.617913866059121,-74.17087068051104,07,BOSA,muestra_sintetica
4.614689451586801,-74.17703022428795,07,BOSA,muestra_sintetica
4.613762594918817,-74.16785176701087,07,BOSA,muestra_sintetica
4.6221209409451545,-74.17894645636737,07,BOSA,muestra_sintetica
4.626571749659971,-74.18625085579991,07,BOSA,muestra_sintetica
4.621682676108572,-74.17802878733877,07,BOSA,muestra_sintetica
4.621349776513444,-74.18437344766417,07,BOSA,muestra_sintetica
4.6231775284404035,-74.18177910449195,07,BOSA,muestra_sintetica
4.614013819922071,-74.17725527025395,07,BOSA,muestra_sintetica
4.6213732292130105,-74.18284837153753,07,BOSA,muestra_sintetica
4.6241105630481565,-74.17829504524126,07,BOSA,muestra_sintetica
4.619222812009864,-74.18753758345717,07,BOSA,muestra_sintetica
4.6322068797863265,-74.18478157362485,07,BOSA,muestra_sintetica
4.617343735940114,-74.17683567227758,07,BOSA,muestra_sintetica
4.62165607711023,-74.18355923738525,07,BOSA,muestra_sintetica
4.622611083532493,-74.17330649839246,07,BOSA,muestra_sintetica
4.614004740734567,-74.173495120129,07,BOSA,muestra_sintetica
4.62833776925082,-74.18290822828064,07,BOSA,muestra_sintetica
4.624655795080127,-74.18056145368818,07,BOSA,muestra_sintetica
4.615237330720916,-74.17898322186333,07,BOSA,muestra_sintetica
4.631379355510215,-74.18196665929119,07,BOSA,muestra_sintetica
4.615879054781023,-74.17350369134425,07,BOSA,muestra_sintetica
4.622424230108403,-74.18287340125624,07,BOSA,muestra_sintetica
4.618817893534827,-74.17397878989803,07,BOSA,muestra_sintetica
4.625010814662867,-74.1789337742689,07,BOSA,muestra_sintetica
4.630487186812403,-74.18263995947632,07,BOSA,muestra_sintetica
4.615208566962192,-74.17262408022022,07,BOSA,muestra_sintetica
4.619005884587357,-74.17241174287821,07,BOSA,muestra_sintetica
4.621212825897858,-74.18242251587091,07,BOSA,muestra_sintetica
4.616110724454771,-74.18869598014763,07,BOSA,muestra_sintetica
4.616791498280805,-74.17710384237026,07,BOSA,muestra_sintetica
4.62157168071273,-74.17774395138547,07,BOSA,muestra_sintetica
4.619650311567648,-74.1830482978935,07,BOSA,muestra_sintetica
4.624431446952933,-74.17144392552511,07,BOSA,muestra_sintetica
4.6178976888309,-74.17121983809896,07,BOSA,muestra_sintetica
4.628552052246423,-74.18099102434668,07,BOSA,muestra_sintetica
4.6191067273167485,-74.17708139840565,07,BOSA,muestra_sintetica
4.625944521493172,-74.17910856772978,07,BOSA,muestra_sintetica
4.619866319616324,-74.1807757075117,07,BOSA,muestra_sintetica
4.621591509277723,-74.18580581307198,07,BOSA,muestra_sintetica
4.624522559937254,-74.17457407196856,07,BOSA,muestra_sintetica
4.622339883810554,-74.1811716322442,07,BOSA,muestra_sintetica
4.626667048635265,-74.17745508314427,07,BOSA,muestra_sintetica
4.62363676993182,-74.17966397941274,07,BOSA,muestra_sintetica
4.622597033845251,-74.17650980942048,07,BOSA,muestra_sintetica
4.618601877451962,-74.1812994566995,07,BOSA,muestra_sintetica
4.623006996123237,-74.1774957179883,07,BOSA,muestra_sintetica
4.616812909336964,-74.18149518701094,07,BOSA,muestra_sintetica
4.622209345541027,-74.18066030980356,07,BOSA,muestra_sintetica
4.6236203881706945,-74.1822468150804,07,BOSA,muestra_sintetica
4.620140709272663,-74.18233496361137,07,BOSA,muestra_sintetica
4.6251349056225255,-74.17289901880767,07,BOSA,muestra_sintetica
4.623656464071315,-74.17913141627054,07,BOSA,muestra_sintetica
4.629870376383992,-74.18804179409891,07,BOSA,muestra_sintetica
4.62329733983218,-74.17598840999139,07,BOSA,muestra_sintetica
4.615260583736941,-74.18015581918831,07,BOSA,muestra_sintetica
4.625025547820078,-74.1708663277612,07,BOSA,muestra_sintetica
4.619496590718368,-74.1698870576555,07,BOSA,muestra_sintetica
4.615913587200638,-74.17858151578051,07,BOSA,muestra_sintetica
4.613027388823996,-74.17253690840488,07,BOSA,muestra_sintetica
4.622157414514469,-74.17967568022641,07,BOSA,muestra_sintetica
4.625545506605119,-74.18278938891288,07,BOSA,muestra_sintetica
4.623678856817101,-74.1755050001215,07,BOSA,muestra_sintetica
4.616359923677634,-74.18672558429009,07,BOSA,muestra_sintetica
4.623052583669808,-74.18517426338394,07,BOSA,muestra_sintetica
4.621581391504519,-74.1812655814961,07,BOSA,muestra_sintetica
4.623915042350416,-74.17479450974643,07,BOSA,muestra_sintetica
4.619826371647704,-74.18000381060483,07,BOSA,muestra_sintetica
4.615197442114948,-74.17772621275569,07,BOSA,muestra_sintetica
4.609229451752046,-74.17746138410135,07,BOSA,muestra_sintetica
4.6255518748239695,-74.18392585412545,07,BOSA,muestra_sintetica
4.619654808694776,-74.17936663062045,07,BOSA,muestra_sintetica
4.628036831079231,-74.18510908898797,07,BOSA,muestra_sintetica
4.628953182296714,-74.18279047019485,07,BOSA,muestra_sintetica
4.613285028574122,-74.17236980132711,07,BOSA,muestra_sintetica
4.611704466962419,-74.18072462583966,07,BOSA,muestra_sintetica
4.617241544440495,-74.17441026229926,07,BOSA,muestra_sintetica
4.620490431308403,-74.1782372789597,07,BOSA,muestra_sintetica
4.620846336612459,-74.18173214627575,07,BOSA,muestra_sintetica
4.61587196620816,-74.17359775326298,07,BOSA,muestra_sintetica
4.618010868697642,-74.18084179765727,07,BOSA,muestra_sintetica
4.618360739681708,-74.1769931110497,07,BOSA,muestra_sintetica
4.623455330097105,-74.1774482749745,07,BOSA,muestra_sintetica
4.622460292023596,-74.18128843671238,07,BOSA,muestra_sintetica
4.619504840788488,-74.18003814701052,07,BOSA,muestra_sintetica
4.6209613823731335,-74.18239553707085,07,BOSA,muestra_sintetica
4.619070830664546,-74.1847782353202,07,BOSA,muestra_sintetica
4.616483381934323,-74.17595921422094,07,BOSA,muestra_sintetica
4.617675224891727,-74.17834839599816,07,BOSA,muestra_sintetica
4.6206459301403395,-74.17863528967845,07,BOSA,muestra_sintetica
4.619325364629721,-74.17822857856316,07,BOSA,muestra_sintetica
4.6179367925051915,-74.18306433953306,07,BOSA,muestra_sintetica
4.629001981215156,-74.17715337914743,07,BOSA,muestra_sintetica
4.6144643459049055,-74.17585304944765,07,BOSA,muestra_sintetica
4.622899204945825,-74.18409658237611,07,BOSA,muestra_sintetica
4.617996641156221,-74.17962885909938,07,BOSA,muestra_sintetica
4.622475513769425,-74.17494358252458,07,BOSA,muestra_sintetica
4.618223183540761,-74.1739472184204,07,BOSA,muestra_sintetica
4.616499290628313,-74.1760161126733,07,BOSA,muestra_sintetica
4.613970234455479,-74.18033900664139,07,BOSA,muestra_sintetica
4.625353305777668,-74.18304387390208,07,BOSA,muestra_sintetica
4.627287801033598,-74.17998076993462,07,BOSA,muestra_sintetica
4.623986967974023,-74.183292022699,07,BOSA,muestra_sintetica
4.626062556810757,-74.1768205559525,07,BOSA,muestra_sintetica
4.624341534665138,-74.175010610347,07,BOSA,muestra_sintetica
4.623774855428098,-74.17567363502654,07,BOSA,muestra_sintetica
4.6226596705154765,-74.17307547059877,07,BOSA,muestra_sintetica
4.6224210795705645,-74.18178856900997,07,BOSA,muestra_sintetica
4.618198625911977,-74.17086693736265,07,BOSA,muestra_sintetica
4.623318195772289,-74.18398255733945,07,BOSA,muestra_sintetica
4.622744681220868,-74.17420344330596,07,BOSA,muestra_sintetica
4.624860903322538,-74.17767442020174,07,BOSA,muestra_sintetica
4.623789374565754,-74.1809117188521,07,BOSA,muestra_sintetica
4.618096830877432,-74.1845510273025,07,BOSA,muestra_sintetica
4.6227160478554525,-74.18278722847387,07,BOSA,muestra_sintetica
4.625357125696015,-74.17539923351356,07,BOSA,muestra_sintetica
4.623732060221389,-74.17684561790162,07,BOSA,muestra_sintetica
4.617600141689936,-74.18455941776953,07,BOSA,muestra_sintetica
4.620794860776702,-74.18489085431108,07,BOSA,muestra_sintetica
4.615081392017554,-74.17428086214753,07,BOSA,muestra_sintetica
4.6229825094441415,-74.17617868528437,07,BOSA,muestra_sintetica
4.6207190448372,-74.18174702977578,07,BOSA,muestra_sintetica
4.61318243282806,-74.17633371367573,07,BOSA,muestra_sintetica
4.619768869302607,-74.18024926806773,07,BOSA,muestra_sintetica
4.617998400936692,-74.18152208406866,07,BOSA,muestra_sintetica
4.614753857114884,-74.17429161174702,07,BOSA,muestra_sintetica
4.616813170143662,-74.18570951790268,07,BOSA,muestra_sintetica
4.617129863960312,-74.17924910106647,07,BOSA,muestra_sintetica
4.625050947150514,-74.18602450590289,07,BOSA,muestra_sintetica
4.6209033096954455,-74.17450728376792,07,BOSA,muestra_sintetica
4.62382255645083,-74.17642383846602,07,BOSA,muestra_sintetica
4.6154645816964255,-74.18774787984755,07,BOSA,muestra_sintetica
4.6259746586305655,-74.18001035410539,07,BOSA,muestra_sintetica
4.618514539493947,-74.17710546852865,07,BOSA,muestra_sintetica
4.62693171776184,-74.17977033884048,07,BOSA,muestra_sintetica
4.619095711796955,-74.17946096651623,07,BOSA,muestra_sintetica
4.622337917586371,-74.17446779744394,07,BOSA,muestra_sintetica
4.618596409947466,-74.18608076823911,07,BOSA,muestra_sintetica
4.6189193082041164,-74.18370515884936,07,BOSA,muestra_sintetica
4.625447260868567,-74.17696936030995,07,BOSA,muestra_sintetica
4.61536073644546,-74.18141829846834,07,BOSA,muestra_sintetica
4.625238788195293,-74.17757401560128,07,BOSA,muestra_sintetica
4.623754154326636,-74.17513808751444,07,BOSA,muestra_sintetica
4.6221061149470275,-74.1729215260381,07,BOSA,muestra_sintetica
4.617469174653002,-74.18159130164459,07,BOSA,muestra_sintetica
4.618262882734149,-74.1793339128661,07,BOSA,muestra_sintetica
4.623049522375267,-74.1783873035272,07,BOSA,muestra_sintetica
4.620041865928951,-74.18146287151178,07,BOSA,muestra_sintetica
4.617772467142717,-74.18375191860451,07,BOSA,muestra_sintetica
4.618096025218551,-74.17936676702077,07,BOSA,muestra_sintetica
4.616461162262306,-74.18345779185057,07,BOSA,muestra_sintetica
4.622254484578544,-74.17728265579865,07,BOSA,muestra_sintetica
4.625033370177762,-74.1819364313592,07,BOSA,muestra_sintetica
4.619982054523413,-74.17988297593133,07,BOSA,muestra_sintetica
4.619342311814167,-74.1781720985637,07,BOSA,muestra_sintetica
4.6104252160913655,-74.17971617815346,07,BOSA,muestra_sintetica
4.624890557421885,-74.1779372141108,07,BOSA,muestra_sintetica
4.619541346463388,-74.1714934481719,07,BOSA,muestra_sintetica
4.623845737043253,-74.18234855012527,07,BOSA,muestra_sintetica
4.627591745529044,-74.1879624528327,07,BOSA,muestra_sintetica
4.62380616788308,-74.17378552429878,07,BOSA,muestra_sintetica
4.625160969387123,-74.1766244646795,07,BOSA,muestra_sintetica
4.61997920686263,-74.18457562638032,07,BOSA,muestra_sintetica
4.6138782334693085,-74.1772381418701,07,BOSA,muestra_sintetica
4.6208849648888615,-74.17606995583117,07,BOSA,muestra_sintetica
4.62850454434593,-74.17727784605043,07,BOSA,muestra_sintetica
4.614329106146254,-74.18073244008045,07,BOSA,muestra_sintetica
4.624122622516933,-74.17523215643013,07,BOSA,muestra_sintetica
4.622492822459989,-74.1758124161938,07,BOSA,muestra_sintetica
4.611335686758477,-74.1763279985963,07,BOSA,muestra_sintetica
4.6162977670338465,-74.17724269711935,07,BOSA,muestra_sintetica
4.619754983076102,-74.17776174773536,07,BOSA,muestra_sintetica
4.63019879507049,-74.175989413023,07,BOSA,muestra_sintetica
4.621344697598764,-74.18402155239404,07,BOSA,muestra_sintetica
4.620667586159036,-74.18498509973901,07,BOSA,muestra_sintetica
4.62120161075029,-74.17563219372242,07,BOSA,muestra_sintetica
4.619903689529585,-74.18189829629065,07,BOSA,muestra_sintetica
4.619243007625928,-74.17664695142182,07,BOSA,muestra_sintetica
4.618399213448658,-74.18229438811782,07,BOSA,muestra_sintetica
4.6202567248095665,-74.17180244518016,07,BOSA,muestra_sintetica
4.619377758582186,-74.16938502964696,07,BOSA,muestra_sintetica
4.618150744027246,-74.18294777649594,07,BOSA,muestra_sintetica
4.620159197723948,-74.1756061312098,07,BOSA,muestra_sintetica
4.623770130289217,-74.18300089054566,07,BOSA,muestra_sintetica
4.619691605851315,-74.17794399688673,07,BOSA,muestra_sintetica
4.6238433595976165,-74.17969348554713,07,BOSA,muestra_sintetica
4.62413111477608,-74.18018562694785,07,BOSA,muestra_sintetica
4.624394766652075,-74.16450739405555,07,BOSA,muestra_sintetica
4.619737074450349,-74.18146077536127,07,BOSA,muestra_sintetica
4.616670802642259,-74.17854035691519,07,BOSA,muestra_sintetica
4.624513841825512,-74.17722872761337,07,BOSA,muestra_sintetica
4.620653369533389,-74.1790918309301,07,BOSA,muestra_sintetica
4.624362920314965,-74.17816548637398,07,BOSA,muestra_sintetica
4.614001300369764,-74.18211113228554,07,BOSA,muestra_sintetica
4.620561127838721,-74.17930669525491,07,BOSA,muestra_sintetica
4.618566402719354,-74.1770137696702,07,BOSA,muestra_sintetica
4.624113976433184,-74.17813969494347,07,BOSA,muestra_sintetica
4.622613096343919,-74.17899223992745,07,BOSA,muestra_sintetica
4.617943147811747,-74.18352179953317,07,BOSA,muestra_sintetica
4.614711923282201,-74.17583113683499,07,BOSA,muestra_sintetica
4.613253032026363,-74.18690548233174,07,BOSA,muestra_sintetica
4.621596843083679,-74.18188196168158,07,BOSA,muestra_sintetica
4.6208334613739375,-74.18033168701892,07,BOSA,muestra_sintetica
4.620631224294127,-74.1836168483856,07,BOSA,muestra_sintetica
4.620322125655254,-74.18232623158924,07,BOSA,muestra_sintetica
4.621533389709315,-74.17775275440273,07,BOSA,muestra_sintetica
4.620182482479168,-74.17706585036562,07,BOSA,muestra_sintetica
4.621583806761666,-74.18374191731009,07,BOSA,muestra_sintetica
4.618713868992174,-74.18109519937865,07,BOSA,muestra_sintetica
4.6184779416180595,-74.17340597099242,07,BOSA,muestra_sintetica
4.630946867297826,-74.17728726822841,07,BOSA,muestra_sintetica
4.613586375177112,-74.17911790027934,07,BOSA,muestra_sintetica
4.624591713317994,-74.18289749409149,07,BOSA,muestra_sintetica
4.613292662660771,-74.17929691535204,07,BOSA,muestra_sintetica
4.627561993846633,-74.177960058088,07,BOSA,muestra_sintetica
4.62087513205637,-74.17546828243874,07,BOSA,muestra_sintetica
4.610105237531199,-74.17466263186711,07,BOSA,muestra_sintetica
4.616940520102996,-74.18477306527673,07,BOSA,muestra_sintetica
4.627541363336318,-74.18622137755254,07,BOSA,muestra_sintetica
4.622804878238192,-74.1814647906319,07,BOSA,muestra_sintetica
4.621422318385648,-74.17417120288664,07,BOSA,muestra_sintetica
4.620611519615215,-74.17811328687017,07,BOSA,muestra_sintetica
4.620035196051685,-74.17604451990837,07,BOSA,muestra_sintetica
4.614041045334821,-74.18249831046897,07,BOSA,muestra_sintetica
4.625009506913168,-74.18522288905989,07,BOSA,muestra_sintetica
4.627028417920133,-74.18170452601504,07,BOSA,muestra_sintetica
4.626555689192811,-74.17610585294393,07,BOSA,muestra_sintetica
4.629635083238015,-74.18219630520453,07,BOSA,muestra_sintetica
4.619989931627231,-74.17961615984642,07,BOSA,muestra_sintetica
4.627576868159209,-74.17956540600466,07,BOSA,muestra_sintetica
4.619593617778082,-74.17563854045525,07,BOSA,muestra_sintetica
4.6237206904590575,-74.1777037319778,07,BOSA,muestra_sintetica
4.6153082084534,-74.18102519467274,07,BOSA,muestra_sintetica
4.621474943563551,-74.18254330137458,07,BOSA,muestra_sintetica
4.618963099561503,-74.17718216417062,07,BOSA,muestra_sintetica
4.6134313377182234,-74.18250517014887,07,BOSA,muestra_sintetica
4.621202416363935,-74.18058278913635,07,BOSA,muestra_sintetica
4.62993780811614,-74.181601184505,07,BOSA,muestra_sintetica
4.611437787667858,-74.17327322257397,07,BOSA,muestra_sintetica
4.617022794724601,-74.17901039456932,07,BOSA,muestra_sintetica
4.63120136316349,-74.17484157469852,07,BOSA,muestra_sintetica
4.623696430464462,-74.18630114491674,07,BOSA,muestra_sintetica
4.618226423889662,-74.16957784881711,07,BOSA,muestra_sintetica
4.614143307979365,-74.1794358177682,07,BOSA,muestra_sintetica
4.62438962524115,-74.18164056896536,07,BOSA,muestra_sintetica
4.613334305520873,-74.18122076679387,07,BOSA,muestra_sintetica
4.618744534677456,-74.17677019352436,07,BOSA,muestra_sintetica
4.623737004441699,-74.18648636675798,07,BOSA,muestra_sintetica
4.621488161532695,-74.16789957144232,07,BOSA,muestra_sintetica
4.612673676850263,-74.17529499023212,07,BOSA,muestra_sintetica
4.626090545208099,-74.17880596035134,07,BOSA,muestra_sintetica
4.622697472979346,-74.17895216060957,07,BOSA,muestra_sintetica
4.6186478718665676,-74.18976930901715,07,BOSA,muestra_sintetica
4.612523954867503,-74.17759175579283,07,BOSA,muestra_sintetica
4.626885858432009,-74.18293281882207,07,BOSA,muestra_sintetica
4.620880668617107,-74.18539459496643,07,BOSA,muestra_sintetica
4.618831891373328,-74.18064870663349,07,BOSA,muestra_sintetica
4.61633199726068,-74.17296176442423,07,BOSA,muestra_sintetica
4.626419284734687,-74.17904942001348,07,BOSA,muestra_sintetica
4.629220022006767,-74.17438649891804,07,BOSA,muestra_sintetica
4.6165649073829895,-74.1800806559909,07,BOSA,muestra_sintetica
4.629065904050133,-74.18089354558414,07,BOSA,muestra_sintetica
4.623625999373224,-74.17647948193397,07,BOSA,muestra_sintetica
4.616935957578425,-74.17590199702633,07,BOSA,muestra_sintetica
4.624650215137707,-74.18307778854633,07,BOSA,muestra_sintetica
4.622815933500275,-74.1861106936469,07,BOSA,muestra_sintetica
4.618066525643081,-74.1830519632786,07,BOSA,muestra_sintetica
4.624421859025921,-74.17931562228856,07,BOSA,muestra_sintetica
4.624770610356702,-74.17630005728778,07,BOSA,muestra_sintetica
4.6140582591655255,-74.17951142270759,07,BOSA,muestra_sintetica
4.6273180365777185,-74.18018859326098,07,BOSA,muestra_sintetica
4.613181552325186,-74.17927991195752,07,BOSA,muestra_sintetica
4.622420325059863,-74.17034573364462,07,BOSA,muestra_sintetica
4.6220071892138614,-74.1696491198552,07,BOSA,muestra_sintetica
4.61500316894085,-74.18245851640482,07,BOSA,muestra_sintetica
4.623603902421286,-74.17448055834008,07,BOSA,muestra_sintetica
4.628784618245636,-74.18042338349582,07,BOSA,muestra_sintetica
4.626106408689505,-74.1780216295659,07,BOSA,muestra_sintetica
4.614533181307786,-74.18182937968646,07,BOSA,muestra_sintetica
4.6273926658935265,-74.17629516957554,07,BOSA,muestra_sintetica
4.622075746526461,-74.17366272647781,07,BOSA,muestra_sintetica
4.6209184958158644,-74.1801216603706,07,BOSA,muestra_sintetica
4.617482754948644,-74.18050306387771,07,BOSA,muestra_sintetica
4.624428368201259,-74.18008789236023,07,BOSA,muestra_sintetica
4.6239339899807295,-74.17990616760893,07,BOSA,muestra_sintetica
4.619763735867855,-74.17474973735247,07,BOSA,muestra_sintetica
4.620193232428684,-74.17064985600949,07,BOSA,muestra_sintetica
4.6263994853548125,-74.17396582545256,07,BOSA,muestra_sintetica
4.620868671968747,-74.17851771245925,07,BOSA,muestra_sintetica
4.6198123510463205,-74.17239224811928,07,BOSA,muestra_sintetica
4.61300085100634,-74.18436038433573,07,BOSA,muestra_sintetica
4.6148021253807485,-74.18686960232912,07,BOSA,muestra_sintetica
4.619126896548709,-74.18221108408102,07,BOSA,muestra_sintetica
4.621237933064929,-74.18141304070994,07,BOSA,muestra_sintetica
4.612616475118669,-74.17155918988607,07,BOSA,muestra_sintetica
4.617124847437838,-74.17529638673616,07,BOSA,muestra_sintetica
4.615396521278865,-74.1788033033865,07,BOSA,muestra_sintetica
4.613938083349467,-74.18417453252448,07,BOSA,muestra_sintetica
4.6187728442276885,-74.18626294457273,07,BOSA,muestra_sintetica
4.6257076486475315,-74.17652017624162,07,BOSA,muestra_sintetica
4.623989807502129,-74.1855517181357,07,BOSA,muestra_sintetica
4.620145966982935,-74.17353538992487,07,BOSA,muestra_sintetica
4.61753281242844,-74.18428393648071,07,BOSA,muestra_sintetica
4.626159848861723,-74.18363455340469,07,BOSA,muestra_sintetica
4.620836206687551,-74.17117679856588,07,BOSA,muestra_sintetica
4.613623314953813,-74.18149933413603,07,BOSA,muestra_sintetica
4.626924896421543,-74.18031481209684,07,BOSA,muestra_sintetica
4.621532180723015,-74.18014975334702,07,BOSA,muestra_sintetica
4.621963806086513,-74.18114369016281,07,BOSA,muestra_sintetica
4.613443647271083,-74.17952136475272,07,BOSA,muestra_sintetica
4.617307887240326,-74.17415628466141,07,BOSA,muestra_sintetica
4.629828878822504,-74.174728683273,07,BOSA,muestra_sintetica
4.618288987585645,-74.18047569362875,07,BOSA,muestra_sintetica
4.618015072955736,-74.17906206928856,07,BOSA,muestra_sintetica
4.614637293207045,-74.17650340894626,07,BOSA,muestra_sintetica
4.620278440226276,-74.17750206765967,07,BOSA,muestra_sintetica
4.612690716784657,-74.19095444432051,07,BOSA,muestra_sintetica
4.613529864428654,-74.18239996966008,07,BOSA,muestra_sintetica
4.627650879601246,-74.17309580967404,07,BOSA,muestra_sintetica
4.620110764162775,-74.18184163960004,07,BOSA,muestra_sintetica
4.626406866547775,-74.17731027671417,07,BOSA,muestra_sintetica
4.620741614699694,-74.17155770622361,07,BOSA,muestra_sintetica
4.627950531825882,-74.16975013592628,07,BOSA,muestra_sintetica
4.621598569864466,-74.17836391949788,07,BOSA,muestra_sintetica
4.62450309940282,-74.1867921624831,07,BOSA,muestra_sintetica
4.625977217298636,-74.18111375965715,07,BOSA,muestra_sintetica
4.623654928037977,-74.17826249263861,07,BOSA,muestra_sintetica
4.622737524261364,-74.18549192922372,07,BOSA,muestra_sintetica
4.630447950056398,-74.18313976923525,07,BOSA,muestra_sintetica
4.620056360418851,-74.18286080202675,07,BOSA,muestra_sintetica
4.617192524472802,-74.17692052359553,07,BOSA,muestra_sintetica
4.6157913346913535,-74.17146758660844,07,BOSA,muestra_sintetica
4.615708656576661,-74.17991264037343,07,BOSA,muestra_sintetica
4.621258276420927,-74.18433700345304,07,BOSA,muestra_sintetica
4.617464086366103,-74.18175949745829,07,BOSA,muestra_sintetica
4.6206928859055445,-74.17808353346564,07,BOSA,muestra_sintetica
4.62366788164539,-74.18047379607177,07,BOSA,muestra_sintetica
4.623104107371056,-74.17735886173868,07,BOSA,muestra_sintetica
4.627698723350463,-74.18600567365333,07,BOSA,muestra_sintetica
4.61747777084451,-74.17518386989812,07,BOSA,muestra_sintetica
4.579594919800303,-74.15342722707298,19,CIUDAD BOLÍVAR,muestra_sintetica
4.578684565599934,-74.15814370136688,19,CIUDAD BOLÍVAR,muestra_sintetica
4.573856051095946,-74.15911854409225,19,CIUDAD BOLÍVAR,muestra_sintetica
4.57515343526908,-74.15042287427431,19,CIUDAD BOLÍVAR,muestra_sintetica
4.5772040045324855,-74.15931613574485,19,CIUDAD BOLÍVAR,muestra_sintetica
4.567666865111626,-74.15950773840736,19,CIUDAD BOLÍVAR,muestra_sintetica
4.576770413853192,-74.1685438858358,19,CIUDAD BOLÍVAR,muestra_sintetica
4.579788993790962,-74.15011827485912,19,CIUDAD BOLÍVAR,muestra_sintetica
4.582652639176263,-74.17201369049201,19,CIUDAD BOLÍVAR,muestra_sintetica
4.572302195547078,-74.15727972242793,19,CIUDAD BOLÍVAR,muestra_sintetica
4.58028277225827,-74.1587896125287,19,CIUDAD BOLÍVAR,muestra_sintetica
4.5744732272680855,-74.15848408404524,19,CIUDAD BOLÍVAR,muestra_sintetica
4.581327052287981,-74.15809151971771,19,CIUDAD BOLÍVAR,muestra_sintetica
4.5728441614979145,-74.15668250804448,19,CIUDAD BOLÍVAR,muestra_sintetica
4.58044535902213,-74.15509874209992,19,CIUDAD BOLÍVAR,muestra_sintetica
4.569912231006443,-74.15266463907449,19,CIUDAD BOLÍVAR,muestra_sintetica
4.580623166289635,-74.15576871085277,19,CIUDAD BOLÍVAR,muestra_sintetica
4.577524521440642,-74.14851434673119,19,CIUDAD BOLÍVAR,muestra_sintetica
4.571239468110133,-74.15493897657046,19,CIUDAD BOLÍVAR,muestra_sintetica
4.577216730614203,-74.16102845188819,19,CIUDAD BOLÍVAR,muestra_sintetica
4.581785852442308,-74.15354613319754,19,CIUDAD BOLÍVAR,muestra_sintetica
4.586385943306628,-74.1547966418115,19,CIUDAD BOLÍVAR,muestra_sintetica
4.578307724235146,-74.15796687956217,19,CIUDAD BOLÍVAR,muestra_sintetica
4.571279401741432,-74.16322917080674,19,CIUDAD BOLÍVAR,muestra_sintetica
4.570981226604156,-74.16398359632103,19,CIUDAD BOLÍVAR,muestra_sintetica
4.5781816651529645,-74.1627076442154,19,CIUDAD BOLÍVAR,muestra_sintetica
4.578756928713682,-74.1534149329227,19,CIUDAD BOLÍVAR,muestra_sintetica
4.5778563805481305,-74.15874304431789,19,CIUDAD BOLÍVAR,muestra_sintetica
4.5803823774930565,-74.16010347045255,19,CIUDAD BOLÍVAR,muestra_sintetica
4.5772788204524515,-74.15429478800006,19,CIUDAD BOLÍVAR,muestra_sintetica
4.579416279779392,-74.15595706531475,19,CIUDAD BOLÍVAR,muestra_sintetica
4.580911983839705,-74.16399612103895,19,CIUDAD BOLÍVAR,muestra_sintetica
4.566911900296859,-74.15793681206902,19,CIUDAD BOLÍVAR,muestra_sintetica
4.576291940423214,-74.15568055755783,19,CIUDAD BOLÍVAR,muestra_sintetica
4.567822006640926,-74.15687481416832,19,CIUDAD BOLÍVAR,muestra_sintetica
4.579274530988193,-74.15862857126702,19,CIUDAD BOLÍVAR,muestra_sintetica
4.57196088924742,-74.16546396547204,19,CIUDAD BOLÍVAR,muestra_sintetica
4.576285694050758,-74.16088261409432,19,CIUDAD BOLÍVAR,muestra_sintetica
4.579830296668079,-74.15804171084135,19,CIUDAD BOLÍVAR,muestra_sintetica
4.578128839238946,-74.16579495370614,19,CIUDAD BOLÍVAR,muestra_sintetica
4.574171968195959,-74.15064599996043,19,CIUDAD BOLÍVAR,muestra_sintetica
4.577577226080743,-74.15555895145843,19,CIUDAD BOLÍVAR,muestra_sintetica
4.582110242280433,-74.15397706736474,19,CIUDAD BOLÍVAR,muestra_sintetica
4.582485832418465,-74.16165606248344,19,CIUDAD BOLÍVAR,muestra_sintetica
4.57874712781489,-74.16093397989972,19,CIUDAD BOLÍVAR,muestra_sintetica
4.580666362399574,-74.15814378319972,19,CIUDAD BOLÍVAR,muestra_sintetica
4.572074941151476,-74.1520317848501,19,CIUDAD BOLÍVAR,muestra_sintetica
4.580752157827221,-74.15975506131477,19,CIUDAD BOLÍVAR,muestra_sintetica
4.582943586651883,-74.16067365928127,19,CIUDAD BOLÍVAR,muestra_sintetica
4.581334908247458,-74.16388155045824,19,CIUDAD BOLÍVAR,muestra_sintetica
4.580499277839873,-74.15937837531347,19,CIUDAD BOLÍVAR,muestra_sintetica
4.577303035413373,-74.16499614682802,19,CIUDAD BOLÍVAR,muestra_sintetica
4.572950656206625,-74.15686633508109,19,CIUDAD BOLÍVAR,muestra_sintetica
4.58141531306178,-74.15668133259038,19,CIUDAD BOLÍVAR,muestra_sintetica
4.56836778521003,-74.16491723055957,19,CIUDAD BOLÍVAR,muestra_sintetica
4.574380638459076,-74.16680529772634,19,CIUDAD BOLÍVAR,muestra_sintetica
4.576516327165873,-74.15842353597826,19,CIUDAD BOLÍVAR,muestra_sintetica
4.579100846723991,-74.15775144491147,19,CIUDAD BOLÍVAR,muestra_sintetica
4.582665842354849,-74.15457731966616,19,CIUDAD BOLÍVAR,muestra_sintetica
4.581697500867981,-74.15460756577119,19,CIUDAD BOLÍVAR,muestra_sintetica
4.58121279592258,-74.15867656835348,19,CIUDAD BOLÍVAR,muestra_sintetica
4.5821911613676445,-74.15269693607843,19,CIUDAD BOLÍVAR,muestra_sintetica
4.584938054360488,-74.15608344870643,19,CIUDAD BOLÍVAR,muestra_sintetica
4.579414826855597,-74.15359568923215,19,CIUDAD BOLÍVAR,muestra_sintetica
4.568064452998396,-74.16664377049196,19,CIUDAD BOLÍVAR,muestra_sintetica
4.583898327895443,-74.16592664039845,19,CIUDAD BOLÍVAR,muestra_sintetica
4.582283407448238,-74.15951332391509,19,CIUDAD BOLÍVAR,muestra_sintetica
4.570588336533877,-74.1618631638958,19,CIUDAD BOLÍVAR,muestra_sintetica
4.574209664569421,-74.15793163092762,19,CIUDAD BOLÍVAR,muestra_sintetica
4.574895109259336,-74.15981452379899,19,CIUDAD BOLÍVAR,muestra_sintetica
4.575198363987479,-74.1624324610793,19,CIUDAD BOLÍVAR,muestra_sintetica
4.567779520855275,-74.15663846125696,19,CIUDAD BOLÍVAR,muestra_sintetica
4.566551065149307,-74.15157046726786,19,CIUDAD BOLÍVAR,muestra_sintetica
4.583146446721404,-74.15626303952395,19,CIUDAD BOLÍVAR,muestra_sintetica
4.580562513943791,-74.15399589253434,19,CIUDAD BOLÍVAR,muestra_sintetica
4.571974767682143,-74.15744094755763,19,CIUDAD BOLÍVAR,muestra_sintetica
4.581219051795969,-74.16246105196207,19,CIUDAD BOLÍVAR,muestra_sintetica
4.566838972037369,-74.15238354666481,19,CIUDAD BOLÍVAR,muestra_sintetica
4.581604243972653,-74.1644530062553,19,CIUDAD BOLÍVAR,muestra_sintetica
4.585439063978868,-74.1594863918453,19,CIUDAD BOLÍVAR,muestra_sintetica
4.578240424316559,-74.1516929166496,19,CIUDAD BOLÍVAR,muestra_sintetica
4.58408201390351,-74.16750007507859,19,CIUDAD BOLÍVAR,muestra_sintetica
4.580261384551759,-74.15611306471243,19,CIUDAD BOLÍVAR,muestra_sintetica
4.5791721201542135,-74.15731007798246,19,CIUDAD BOLÍVAR,muestra_sintetica
4.579969842033939,-74.16638197025748,19,CIUDAD BOLÍVAR,muestra_sintetica
4.585088513561138,-74.164822429853,19,CIUDAD BOLÍVAR,muestra_sintetica
4.577521286219635,-74.15601904350214,19,CIUDAD BOLÍVAR,muestra_sintetica
4.580873787011009,-74.15893835750394,19,CIUDAD BOLÍVAR,muestra_sintetica
4.56870910571473,-74.1545222882111,19,CIUDAD BOLÍVAR,muestra_sintetica
4.582078781007643,-74.1599840106648,19,CIUDAD BOLÍVAR,muestra_sintetica
4.5798007546480894,-74.15684653330689,19,CIUDAD BOLÍVAR,muestra_sintetica
4.578373981422812,-74.16602779738771,19,CIUDAD BOLÍVAR,muestra_sintetica
4.573090375741659,-74.15867303622467,19,CIUDAD BOLÍVAR,muestra_sintetica
4.5734139601881765,-74.15942939711978,19,CIUDAD BOLÍVAR,muestra_sintetica
4.581157907897168,-74.15075082624186,19,CIUDAD BOLÍVAR,muestra_sintetica
4.578812476885034,-74.16252738349701,19,CIUDAD BOLÍVAR,muestra_sintetica
4.577272697482037,-74.15508413843598,19,CIUDAD BOLÍVAR,muestra_sintetica
4.578473962686385,-74.15369568990796,19,CIUDAD BOLÍVAR,muestra_sintetica
4.582269840095955,-74.15833265472934,19,CIUDAD BOLÍVAR,muestra_sintetica
4.5742880732500755,-74.15533771377193,19,CIUDAD BOLÍVAR,muestra_sintetica
4.587830708112573,-74.15687170089068,19,CIUDAD BOLÍVAR,muestra_sintetica
4.573110122439976,-74.15688483009954,19,CIUDAD BOLÍVAR,muestra_sintetica
4.58211039909433,-74.15789386328699,19,CIUDAD BOLÍVAR,muestra_sintetica
4.576657978322789,-74.1534678683911,19,CIUDAD BOLÍVAR,muestra_sintetica
4.576194603959674,-74.16122665118638,19,CIUDAD BOLÍVAR,muestra_sintetica
4.586425404039299,-74.15491871657737,19,CIUDAD BOLÍVAR,muestra_sintetica
4.56939491934098,-74.15311991727684,19,CIUDAD BOLÍVAR,muestra_sintetica
4.5876366715263055,-74.15535983334847,19,CIUDAD BOLÍVAR,muestra_sintetica
4.571291995512552,-74.16566795215832,19,CIUDAD BOLÍVAR,muestra_sintetica
4.583744185760466,-74.15410826336027,19,CIUDAD BOLÍVAR,muestra_sintetica
4.573855310449592,-74.15157962054143,19,CIUDAD BOLÍVAR,muestra_sintetica
4.573179793073019,-74.16539669745467,19,CIUDAD BOLÍVAR,muestra_sintetica
4.576064342759159,-74.15475576146336,19,CIUDAD BOLÍVAR,muestra_sintetica
4.578187413744381,-74.16699743987024,19,CIUDAD BOLÍVAR,muestra_sintetica
4.577412913072721,-74.16032162204966,19,CIUDAD BOLÍVAR,muestra_sintetica
4.578782598974824,-74.15545092275947,19,CIUDAD BOLÍVAR,muestra_sintetica
4.575566638353977,-74.15690678444464,19,CIUDAD BOLÍVAR,muestra_sintetica
4.58178805480779,-74.16076549172772,19,CIUDAD BOLÍVAR,muestra_sintetica
4.577080104921375,-74.15103910409844,19,CIUDAD BOLÍVAR,muestra_sintetica
4.57918989265275,-74.15255044970245,19,CIUDAD BOLÍVAR,muestra_sintetica
4.576704279365482,-74.16608895004539,19,CIUDAD BOLÍVAR,muestra_sintetica
4.580157238369237,-74.14939192835118,19,CIUDAD BOLÍVAR,muestra_sintetica
4.578894329701609,-74.15243704787734,19,CIUDAD BOLÍVAR,muestra_sintetica
4.577668609708602,-74.16244684410194,19,CIUDAD BOLÍVAR,muestra_sintetica
4.574504528132375,-74.16180624570477,19,CIUDAD BOLÍVAR,muestra_sintetica
4.581633156772164,-74.15728476028782,19,CIUDAD BOLÍVAR,muestra_sintetica
4.581495946688277,-74.16323259664554,19,CIUDAD BOLÍVAR,muestra_sintetica
4.580381497506048,-74.16391906002139,19,CIUDAD BOLÍVAR,muestra_sintetica
4.577114281644394,-74.16582675204782,19,CIUDAD BOLÍVAR,muestra_sintetica
4.574973504079371,-74.1593610395171,19,CIUDAD BOLÍVAR,muestra_sintetica
4.576286406914872,-74.15672197256573,19,CIUDAD BOLÍVAR,muestra_sintetica
4.583259471934175,-74.15753756417028,19,CIUDAD BOLÍVAR,muestra_sintetica
4.57361884583832,-74.15940914338321,19,CIUDAD BOLÍVAR,muestra_sintetica
4.581612188342596,-74.1556858488562,19,CIUDAD BOLÍVAR,muestra_sintetica
4.584296645773668,-74.16258772700127,19,CIUDAD BOLÍVAR,muestra_sintetica
4.577863438641677,-74.16005541343524,19,CIUDAD BOLÍVAR,muestra_sintetica
4.584985036544631,-74.15920069942048,19,CIUDAD BOLÍVAR,muestra_sintetica
4.574244431984649,-74.1560466246583,19,CIUDAD BOLÍVAR,muestra_sintetica
4.577901961368243,-74.15372658391811,19,CIUDAD BOLÍVAR,muestra_sintetica
4.587405666345472,-74.15417183709786,19,CIUDAD BOLÍVAR,muestra_sintetica
4.57976101822838,-74.15721256681931,19,CIUDAD BOLÍVAR,muestra_sintetica
4.581399055176568,-74.15976520406493,19,CIUDAD BOLÍVAR,muestra_sintetica
4.582454004834526,-74.16057739853055,19,CIUDAD BOLÍVAR,muestra_sintetica
4.575372470288212,-74.16054225671549,19,CIUDAD BOLÍVAR,muestra_sintetica
4.575374392179306,-74.15269689998655,19,CIUDAD BOLÍVAR,muestra_sintetica
4.57939352106234,-74.15746649037814,19,CIUDAD BOLÍVAR,muestra_sintetica
4.565014864536591,-74.16473274979633,19,CIUDAD BOLÍVAR,muestra_sintetica
4.579960394329475,-74.15470216898714,19,CIUDAD BOLÍVAR,muestra_sintetica
4.57849541697304,-74.16276742305489,19,CIUDAD BOLÍVAR,muestra_sintetica
4.576941395905886,-74.16305382752506,19,CIUDAD BOLÍVAR,muestra_sintetica
4.571218738486199,-74.16069716762676,19,CIUDAD BOLÍVAR,muestra_sintetica
4.5871561897905195,-74.15617167373094,19,CIUDAD BOLÍVAR,muestra_sintetica
4.582490984517787,-74.15030057688597,19,CIUDAD BOLÍVAR,muestra_sintetica
4.575114349960261,-74.16082976844841,19,CIUDAD BOLÍVAR,muestra_sintetica
4.5925968669421335,-74.15614848825439,19,CIUDAD BOLÍVAR,muestra_sintetica
4.583015890503709,-74.1564236434022,19,CIUDAD BOLÍVAR,muestra_sintetica
4.584353780800912,-74.15698933451915,19,CIUDAD BOLÍVAR,muestra_sintetica
4.579302433141719,-74.15654543023354,19,CIUDAD BOLÍVAR,muestra_sintetica
4.5770922270772445,-74.1544693935864,19,CIUDAD BOLÍVAR,muestra_sintetica
4.572612572365432,-74.16073251578987,19,CIUDAD BOLÍVAR,muestra_sintetica
4.586632668794617,-74.16206689326057,19,CIUDAD BOLÍVAR,muestra_sintetica
4.5779931127577695,-74.16326940842893,19,CIUDAD BOLÍVAR,muestra_sintetica
4.577545365630785,-74.15871345011308,19,CIUDAD BOLÍVAR,muestra_sintetica
4.581604014530443,-74.15796372467139,19,CIUDAD BOLÍVAR,muestra_sintetica
4.579750493714057,-74.16033640031009,19,CIUDAD BOLÍVAR,muestra_sintetica
4.588315670191694,-74.14615299051644,19,CIUDAD BOLÍVAR,muestra_sintetica
4.572679764536145,-74.15749392650068,19,CIUDAD BOLÍVAR,muestra_sintetica
4.5742648121612675,-74.15446686208053,19,CIUDAD BOLÍVAR,muestra_sintetica
4.5694576318068885,-74.15521884670335,19,CIUDAD BOLÍVAR,muestra_sintetica
4.56836757616175,-74.15565653355173,19,CIUDAD BOLÍVAR,muestra_sintetica
4.580336408405398,-74.15989238615528,19,CIUDAD BOLÍVAR,muestra_sintetica
4.580566646924731,-74.15924531938828,19,CIUDAD BOLÍVAR,muestra_sintetica
4.579668715457606,-74.16146546224891,19,CIUDAD BOLÍVAR,muestra_sintetica
4.573931125514507,-74.15724316264969,19,CIUDAD BOLÍVAR,muestra_sintetica
4.576190611064596,-74.15796118980413,19,CIUDAD BOLÍVAR,muestra_sintetica
4.574386223206429,-74.1619624841543,19,CIUDAD BOLÍVAR,muestra_sintetica
4.581399456354537,-74.15789944878053,19,CIUDAD BOLÍVAR,muestra_sintetica
4.578589676201916,-74.15728828767261,19,CIUDAD BOLÍVAR,muestra_sintetica
4.584555912292051,-74.15582498135223,19,CIUDAD BOLÍVAR,muestra_sintetica
4.572948058472135,-74.16182584112687,19,CIUDAD BOLÍVAR,muestra_sintetica
4.57806463782212,-74.15638669437027,19,CIUDAD BOLÍVAR,muestra_sintetica
4.57376300296713,-74.16004820257074,19,CIUDAD BOLÍVAR,muestra_sintetica
4.5791922327471335,-74.15564761776986,19,CIUDAD BOLÍVAR,muestra_sintetica
4.572757759692769,-74.15234210127173,19,CIUDAD BOLÍVAR,muestra_sintetica
4.573324777182216,-74.15415064120255,19,CIUDAD BOLÍVAR,muestra_sintetica
4.5803958552964765,-74.16115610910452,19,CIUDAD BOLÍVAR,muestra_sintetica
4.570188010316391,-74.16587437876795,19,CIUDAD BOLÍVAR,muestra_sintetica
4.584601994009144,-74.15570664586284,19,CIUDAD BOLÍVAR,muestra_sintetica
4.577483995569744,-74.15992211671575,19,CIUDAD BOLÍVAR,muestra_sintetica
4.5795767700464545,-74.16592067682896,19,CIUDAD BOLÍVAR,muestra_sintetica
4.5842772524627655,-74.15868725349073,19,CIUDAD BOLÍVAR,muestra_sintetica
4.579510749217358,-74.15113356459462,19,CIUDAD BOLÍVAR,muestra_sintetica
4.582904130527868,-74.17320165638559,19,CIUDAD BOLÍVAR,muestra_sintetica
4.580949839271931,-74.15706551292234,19,CIUDAD BOLÍVAR,muestra_sintetica
4.573229169570661,-74.16648140878459,19,CIUDAD BOLÍVAR,muestra_sintetica
4.57963958786404,-74.16069728095493,19,CIUDAD BOLÍVAR,muestra_sintetica
4.579911853104818,-74.15586564054476,19,CIUDAD BOLÍVAR,muestra_sintetica
4.584728862565552,-74.16051923087629,19,CIUDAD BOLÍVAR,muestra_sintetica
4.579892227917459,-74.15452669086397,19,CIUDAD BOLÍVAR,muestra_sintetica
4.583901303927386,-74.15825064770398,19,CIUDAD BOLÍVAR,muestra_sintetica
4.58224559620278,-74.16366170820095,19,CIUDAD BOLÍVAR,muestra_sintetica
4.580449393922662,-74.16060721795456,19,CIUDAD BOLÍVAR,muestra_sintetica
4.573263664321366,-74.15613835246378,19,CIUDAD BOLÍVAR,muestra_sintetica
4.582151338917049,-74.15601101945873,19,CIUDAD BOLÍVAR,muestra_sintetica
4.583782263903749,-74.16065638263463,19,CIUDAD BOLÍVAR,muestra_sintetica
4.583971309838304,-74.1552083020505,19,CIUDAD BOLÍVAR,muestra_sintetica
4.56651400635946,-74.15733034605898,19,CIUDAD BOLÍVAR,muestra_sintetica
4.58173278823689,-74.15152508214622,19,CIUDAD BOLÍVAR,muestra_sintetica
4.571025133737134,-74.16654613894151,19,CIUDAD BOLÍVAR,muestra_sintetica
4.582048288764921,-74.15604724168944,19,CIUDAD BOLÍVAR,muestra_sintetica
4.574256839253811,-74.16055116075708,19,CIUDAD BOLÍVAR,muestra_sintetica
4.5816028872845616,-74.14743902774705,19,CIUDAD BOLÍVAR,muestra_sintetica
4.575070114751102,-74.1578789786598,19,CIUDAD BOLÍVAR,muestra_sintetica
4.570124667344625,-74.1641244362355,19,CIUDAD BOLÍVAR,muestra_sintetica
4.5763309590306145,-74.15605367805131,19,CIUDAD BOLÍVAR,muestra_sintetica
4.572403177184616,-74.15591424676253,19,CIUDAD BOLÍVAR,muestra_sintetica
4.584655812031934,-74.16092753701642,19,CIUDAD BOLÍVAR,muestra_sintetica
4.574334000088007,-74.1637186769774,19,CIUDAD BOLÍVAR,muestra_sintetica
4.5772357063474765,-74.16180043985563,19,CIUDAD BOLÍVAR,muestra_sintetica
4.574141660154748,-74.16395062266521,19,CIUDAD BOLÍVAR,muestra_sintetica
4.58650658105503,-74.15739834430018,19,CIUDAD BOLÍVAR,muestra_sintetica
4.575616456695057,-74.15158406827967,19,CIUDAD BOLÍVAR,muestra_sintetica
4.577135762518145,-74.15693129015229,19,CIUDAD BOLÍVAR,muestra_sintetica
4.574824120984816,-74.16222317969694,19,CIUDAD BOLÍVAR,muestra_sintetica
4.5670011743716925,-74.15715358653044,19,CIUDAD BOLÍVAR,muestra_sintetica
4.581049199420161,-74.15516742456184,19,CIUDAD BOLÍVAR,muestra_sintetica
4.58049287432375,-74.15945392191178,19,CIUDAD BOLÍVAR,muestra_sintetica
4.578334941740584,-74.16211483160748,19,CIUDAD BOLÍVAR,muestra_sintetica
4.576207851015709,-74.1654425426528,19,CIUDAD BOLÍVAR,muestra_sintetica
4.581687371557595,-74.1627048831972,19,CIUDAD BOLÍVAR,muestra_sintetica
4.578353976349777,-74.15995111840422,19,CIUDAD BOLÍVAR,muestra_sintetica
4.580487923915931,-74.15787948853807,19,CIUDAD BOLÍVAR,muestra_sintetica
4.568619354638345,-74.16116928851892,19,CIUDAD BOLÍVAR,muestra_sintetica
4.580086683163529,-74.15887647475127,19,CIUDAD BOLÍVAR,muestra_sintetica
4.585354462414747,-74.16149467311935,19,CIUDAD BOLÍVAR,muestra_sintetica
4.577231991511369,-74.16013831405864,19,CIUDAD BOLÍVAR,muestra_sintetica
4.583774215301096,-74.16433147677265,19,CIUDAD BOLÍVAR,muestra_sintetica
4.574755718159535,-74.15644719154434,19,CIUDAD BOLÍVAR,muestra_sintetica
4.5709461302304915,-74.16120738338387,19,CIUDAD BOLÍVAR,muestra_sintetica
4.569306814279246,-74.15742302127533,19,CIUDAD BOLÍVAR,muestra_sintetica
4.575242029814585,-74.16708832029255,19,CIUDAD BOLÍVAR,muestra_sintetica
4.57966906716431,-74.16302474815652,19,CIUDAD BOLÍVAR,muestra_sintetica
4.580608913067344,-74.16177762952937,19,CIUDAD BOLÍVAR,muestra_sintetica
4.570983248126634,-74.16040858340408,19,CIUDAD BOLÍVAR,muestra_sintetica
4.574284556815173,-74.15907691829939,19,CIUDAD BOLÍVAR,muestra_sintetica
4.573552378060849,-74.15456355772452,19,CIUDAD BOLÍVAR,muestra_sintetica
4.583140956360318,-74.1592933432003,19,CIUDAD BOLÍVAR,muestra_sintetica
4.579103987560993,-74.15423955433269,19,CIUDAD BOLÍVAR,muestra_sintetica
4.57464675625341,-74.16101433125188,19,CIUDAD BOLÍVAR,muestra_sintetica
4.579554156190636,-74.1500667028521,19,CIUDAD BOLÍVAR,muestra_sintetica
4.570934291983769,-74.15919672836722,19,CIUDAD BOLÍVAR,muestra_sintetica
4.578643971940847,-74.16336659828146,19,CIUDAD BOLÍVAR,muestra_sintetica
4.583184611935182,-74.1584380407319,19,CIUDAD BOLÍVAR,muestra_sintetica
4.5799326695264995,-74.15805094095893,19,CIUDAD BOLÍVAR,muestra_sintetica
4.580355340033519,-74.15584260102885,19,CIUDAD BOLÍVAR,muestra_sintetica
4.578354310491016,-74.16615651294623,19,CIUDAD BOLÍVAR,muestra_sintetica
4.575232922814631,-74.16186408935035,19,CIUDAD BOLÍVAR,muestra_sintetica
4.573750708160603,-74.16456453523747,19,CIUDAD BOLÍVAR,muestra_sintetica
4.574777409292499,-74.15871593621712,19,CIUDAD BOLÍVAR,muestra_sintetica
4.575313790678095,-74.16710834541689,19,CIUDAD BOLÍVAR,muestra_sintetica
4.583550086269882,-74.15132646969913,19,CIUDAD BOLÍVAR,muestra_sintetica
4.57842274070907,-74.15595853660176,19,CIUDAD BOLÍVAR,muestra_sintetica
4.5777334186580605,-74.15560417096776,19,CIUDAD BOLÍVAR,muestra_sintetica
4.576978763558028,-74.16270764180213,19,CIUDAD BOLÍVAR,muestra_sintetica
4.5729480266905655,-74.15830660909499,19,CIUDAD BOLÍVAR,muestra_sintetica
4.582968318205014,-74.16578415999045,19,CIUDAD BOLÍVAR,muestra_sintetica
4.57999339044943,-74.16357250976617,19,CIUDAD BOLÍVAR,muestra_sintetica
4.575225595285803,-74.15812621325593,19,CIUDAD BOLÍVAR,muestra_sintetica
4.571494078115553,-74.15844487249336,19,CIUDAD BOLÍVAR,muestra_sintetica
4.580059515813267,-74.15733222458643,19,CIUDAD BOLÍVAR,muestra_sintetica
4.57642232861082,-74.16000947798359,19,CIUDAD BOLÍVAR,muestra_sintetica
4.580475133489882,-74.16135717425925,19,CIUDAD BOLÍVAR,muestra_sintetica
4.576908498625787,-74.16177478192061,19,CIUDAD BOLÍVAR,muestra_sintetica
4.578544116458124,-74.16285618942665,19,CIUDAD BOLÍVAR,muestra_sintetica
4.577353436378617,-74.16012601539745,19,CIUDAD BOLÍVAR,muestra_sintetica
4.577427091448937,-74.15783199779774,19,CIUDAD BOLÍVAR,muestra_sintetica
4.578206133912791,-74.15882567615597,19,CIUDAD BOLÍVAR,muestra_sintetica
4.578924147458614,-74.15391820580798,19,CIUDAD BOLÍVAR,muestra_sintetica
4.580693818211169,-74.15238094015204,19,CIUDAD BOLÍVAR,muestra_sintetica
4.581592723498487,-74.1630618562656,19,CIUDAD BOLÍVAR,muestra_sintetica
4.577869966406131,-74.1584418791518,19,CIUDAD BOLÍVAR,muestra_sintetica
4.57442624877983,-74.15906167463169,19,CIUDAD BOLÍVAR,muestra_sintetica
4.583837594804613,-74.16627991047771,19,CIUDAD BOLÍVAR,muestra_sintetica
4.574970760934366,-74.15785166332361,19,CIUDAD BOLÍVAR,muestra_sintetica
4.584873233059319,-74.15483384626839,19,CIUDAD BOLÍVAR,muestra_sintetica
4.5757321819387125,-74.15769734841959,19,CIUDAD BOLÍVAR,muestra_sintetica
4.570639651151081,-74.16216490316785,19,CIUDAD BOLÍVAR,muestra_sintetica
4.577775347507467,-74.16184365221159,19,CIUDAD BOLÍVAR,muestra_sintetica
4.5770870995346575,-74.15501514689036,19,CIUDAD BOLÍVAR,muestra_sintetica
4.577810556977219,-74.1596344281974,19,CIUDAD BOLÍVAR,muestra_sintetica
4.576021461627303,-74.1605609732611,19,CIUDAD BOLÍVAR,muestra_sintetica
4.5707837688708945,-74.15337831465753,19,CIUDAD BOLÍVAR,muestra_sintetica
4.576723778108547,-74.16282686494567,19,CIUDAD BOLÍVAR,muestra_sintetica
4.58272313981589,-74.15549466758108,19,CIUDAD BOLÍVAR,muestra_sintetica
4.574327060374841,-74.16450477490837,19,CIUDAD BOLÍVAR,muestra_sintetica
4.582971455548274,-74.16547606372443,19,CIUDAD BOLÍVAR,muestra_sintetica
4.578582105039942,-74.15113431531442,19,CIUDAD BOLÍVAR,muestra_sintetica
4.570524867194428,-74.15996399584026,19,CIUDAD BOLÍVAR,muestra_sintetica
4.576932118285468,-74.15573685415005,19,CIUDAD BOLÍVAR,muestra_sintetica
4.571849752947643,-74.1559474501252,19,CIUDAD BOLÍVAR,muestra_sintetica
4.574173082168539,-74.1594522487785,19,CIUDAD BOLÍVAR,muestra_sintetica
4.575426573405258,-74.1640010153724,19,CIUDAD BOLÍVAR,muestra_sintetica
4.578647352426512,-74.15416243409338,19,CIUDAD BOLÍVAR,muestra_sintetica
4.573325032620595,-74.15919389841144,19,CIUDAD BOLÍVAR,muestra_sintetica
4.578958403859661,-74.15411629316563,19,CIUDAD BOLÍVAR,muestra_sintetica
4.580718004547357,-74.15640519336851,19,CIUDAD BOLÍVAR,muestra_sintetica
4.581810539753203,-74.15591265950187,19,CIUDAD BOLÍVAR,muestra_sintetica
4.586926122636331,-74.16035669222644,19,CIUDAD BOLÍVAR,muestra_sintetica
4.577804482286188,-74.15402102532506,19,CIUDAD BOLÍVAR,muestra_sintetica
4.5822837195835735,-74.16396262600739,19,CIUDAD BOLÍVAR,muestra_sintetica
4.577708985616448,-74.16214176485481,19,CIUDAD BOLÍVAR,muestra_sintetica
4.574470594234503,-74.1558463682635,19,CIUDAD BOLÍVAR,muestra_sintetica
4.568952828675512,-74.16615037803771,19,CIUDAD BOLÍVAR,muestra_sintetica
4.580143359640514,-74.15994760617652,19,CIUDAD BOLÍVAR,muestra_sintetica
4.573225555481463,-74.16320228830244,19,CIUDAD BOLÍVAR,muestra_sintetica
4.571145377563196,-74.16103528794389,19,CIUDAD BOLÍVAR,muestra_sintetica
4.58331728587801,-74.16161088828832,19,CIUDAD BOLÍVAR,muestra_sintetica
4.578685782823305,-74.16419653448816,19,CIUDAD BOLÍVAR,muestra_sintetica
4.57761643856794,-74.15796455342065,19,CIUDAD BOLÍVAR,muestra_sintetica
4.572323831924722,-74.1543531329158,19,CIUDAD BOLÍVAR,muestra_sintetica
4.572043411636057,-74.15820614522194,19,CIUDAD BOLÍVAR,muestra_sintetica
4.572103623427548,-74.16393841087167,19,CIUDAD BOLÍVAR,muestra_sintetica
4.567069033714913,-74.1590391638341,19,CIUDAD BOLÍVAR,muestra_sintetica
4.585315211521971,-74.16061907434222,19,CIUDAD BOLÍVAR,muestra_sintetica
4.57910875580176,-74.15864302726254,19,CIUDAD BOLÍVAR,muestra_sintetica
4.569778397357439,-74.15811643090417,19,CIUDAD BOLÍVAR,muestra_sintetica
4.577280728008805,-74.15407953110687,19,CIUDAD BOLÍVAR,muestra_sintetica
4.578278825928426,-74.15387364610127,19,CIUDAD BOLÍVAR,muestra_sintetica
4.574307592135819,-74.15381773313777,19,CIUDAD BOLÍVAR,muestra_sintetica
4.580065671976123,-74.1574523064758,19,CIUDAD BOLÍVAR,muestra_sintetica
4.576781741834233,-74.15507933899337,19,CIUDAD BOLÍVAR,muestra_sintetica
4.5755133707801345,-74.1651621741533,19,CIUDAD BOLÍVAR,muestra_sintetica
4.577673493959633,-74.15490600458365,19,CIUDAD BOLÍVAR,muestra_sintetica
4.571414792057294,-74.16627492085394,19,CIUDAD BOLÍVAR,muestra_sintetica
4.573458651126797,-74.15580291989208,19,CIUDAD BOLÍVAR,muestra_sintetica
4.5780828050074724,-74.16517527338361,19,CIUDAD BOLÍVAR,muestra_sintetica
4.58046424713011,-74.15893359143315,19,CIUDAD BOLÍVAR,muestra_sintetica
4.570718284660066,-74.15328712539974,19,CIUDAD BOLÍVAR,muestra_sintetica
4.581566236668955,-74.15783037080477,19,CIUDAD BOLÍVAR,muestra_sintetica
4.57443758184086,-74.17071455263796,19,CIUDAD BOLÍVAR,muestra_sintetica
4.575844216085942,-74.15739554752453,19,CIUDAD BOLÍVAR,muestra_sintetica
4.5820079091672445,-74.15708625068632,19,CIUDAD BOLÍVAR,muestra_sintetica
4.5786845827339855,-74.15616416794995,19,CIUDAD BOLÍVAR,muestra_sintetica
4.579022392269039,-74.15883574429786,19,CIUDAD BOLÍVAR,muestra_sintetica
4.579096420786567,-74.15065203960367,19,CIUDAD BOLÍVAR,muestra_sintetica
4.749684610962346,-74.02974224871934,01,USAQUÉN,muestra_sintetica
4.750880069621894,-74.0305643726489,01,USAQUÉN,muestra_sintetica
4.750453745266293,-74.03498529827456,01,USAQUÉN,muestra_sintetica
4.75545474207574,-74.02277791148887,01,USAQUÉN,muestra_sintetica
4.753949429571718,-74.02057895610898,01,USAQUÉN,muestra_sintetica
4.751426486373895,-74.03417309170547,01,USAQUÉN,muestra_sintetica
4.751999583917752,-74.0183009123872,01,USAQUÉN,muestra_sintetica
4.753069486383422,-74.02901494299391,01,USAQUÉN,muestra_sintetica
4.752232461542127,-74.0305477861889,01,USAQUÉN,muestra_sintetica
4.755193998135363,-74.02620716935535,01,USAQUÉN,muestra_sintetica
4.758118049175686,-74.03402394224867,01,USAQUÉN,muestra_sintetica
4.750935402231568,-74.03136102488106,01,USAQUÉN,muestra_sintetica
4.74928109768442,-74.03752221835613,01,USAQUÉN,muestra_sintetica
4.752142588630061,-74.03171911930743,01,USAQUÉN,muestra_sintetica
4.750120807568733,-74.03117571481411,01,USAQUÉN,muestra_sintetica
4.743845222007782,-74.02174114245453,01,USAQUÉN,muestra_sintetica
4.744699034439067,-74.02999085785322,01,USAQUÉN,muestra_sintetica
4.752411710787401,-74.02982062786043,01,USAQUÉN,muestra_sintetica
4.754452449084734,-74.03439046774285,01,USAQUÉN,muestra_sintetica
4.753921247664304,-74.0273290751068,01,USAQUÉN,muestra_sintetica
4.756407558730164,-74.02946387001533,01,USAQUÉN,muestra_sintetica
4.745374748688658,-74.03042753198072,01,USAQUÉN,muestra_sintetica
4.756231428792879,-74.02687441876911,01,USAQUÉN,muestra_sintetica
4.745482489958046,-74.03225016426369,01,USAQUÉN,muestra_sintetica
4.755778790492257,-74.03974611456863,01,USAQUÉN,muestra_sintetica
4.762122751273294,-74.02463641264778,01,USAQUÉN,muestra_sintetica
4.746720771084449,-74.03490895277399,01,USAQUÉN,muestra_sintetica
4.743666230192526,-74.03032988374115,01,USAQUÉN,muestra_sintetica
4.762054903260331,-74.0268768856131,01,USAQUÉN,muestra_sintetica
4.746539154849833,-74.03498459943908,01,USAQUÉN,muestra_sintetica
4.7591382919499905,-74.02931732881804,01,USAQUÉN,muestra_sintetica
4.754114844069304,-74.02596258450417,01,USAQUÉN,muestra_sintetica
4.749164202064336,-74.03160801646402,01,USAQUÉN,muestra_sintetica
4.759476771721274,-74.02948769298216,01,USAQUÉN,muestra_sintetica
4.743335957910124,-74.02833864209167,01,USAQUÉN,muestra_sintetica
4.741138967048061,-74.03750139837734,01,USAQUÉN,muestra_sintetica
4.760191972733281,-74.03045149368528,01,USAQUÉN,muestra_sintetica
4.753682501050562,-74.03295489647739,01,USAQUÉN,muestra_sintetica
4.74800400666262,-74.03218022020175,01,USAQUÉN,muestra_sintetica
4.751720815697308,-74.03051994926815,01,USAQUÉN,muestra_sintetica
4.75536088224402,-74.04059390593255,01,USAQUÉN,muestra_sintetica
4.755625390698233,-74.03369802920759,01,USAQUÉN,muestra_sintetica
4.751944001904746,-74.0354370163279,01,USAQUÉN,muestra_sintetica
4.753571851583906,-74.04114913270277,01,USAQUÉN,muestra_sintetica
4.754701633932147,-74.03225560477748,01,USAQUÉN,muestra_sintetica
4.769520773541329,-74.03970191285836,01,USAQUÉN,muestra_sintetica
4.754699514180459,-74.02852124172179,01,USAQUÉN,muestra_sintetica
4.75131533061098,-74.03288822843155,01,USAQUÉN,muestra_sintetica
4.760256796586516,-74.03040765207975,01,USAQUÉN,muestra_sintetica
4.74395514073549,-74.02931590668568,01,USAQUÉN,muestra_sintetica
4.747241107977484,-74.03153974270248,01,USAQUÉN,muestra_sintetica
4.748218329085224,-74.03701312486244,01,USAQUÉN,muestra_sintetica
4.746608007661826,-74.02694833736443,01,USAQUÉN,muestra_sintetica
4.75420491942133,-74.0242496337872,01,USAQUÉN,muestra_sintetica
4.751363667371473,-74.02959841541997,01,USAQUÉN,muestra_sintetica
4.750907246823431,-74.02460598270191,01,USAQUÉN,muestra_sintetica
4.744934135335332,-74.03000750447784,01,USAQUÉN,muestra_sintetica
4.7552339791171025,-74.03484731540655,01,USAQUÉN,muestra_sintetica
4.752878846000668,-74.03219919804842,01,USAQUÉN,muestra_sintetica
4.749348319016787,-74.03766207667343,01,USAQUÉN,muestra_sintetica
4.750448919152078,-74.02854906798285,01,USAQUÉN,muestra_sintetica
4.747008758080354,-74.02519600689502,01,USAQUÉN,muestra_sintetica
4.7533643448230265,-74.02398776347657,01,USAQUÉN,muestra_sintetica
4.745173178841188,-74.02683032769133,01,USAQUÉN,muestra_sintetica
4.751698982606565,-74.03045617466664,01,USAQUÉN,muestra_sintetica
4.75675639791912,-74.03263522226098,01,USAQUÉN,muestra_sintetica
4.755988006819666,-74.03517049110752,01,USAQUÉN,muestra_sintetica
4.754597280664228,-74.03245355861847,01,USAQUÉN,muestra_sintetica
4.746927925688785,-74.02110478716949,01,USAQUÉN,muestra_sintetica
4.754817133071489,-74.03083187970131,01,USAQUÉN,muestra_sintetica
4.756494574481225,-74.03620894379964,01,USAQUÉN,muestra_sintetica
4.753381884616176,-74.03133500133511,01,USAQUÉN,muestra_sintetica
4.7494850857875095,-74.0290145954253,01,USAQUÉN,muestra_sintetica
4.752923303122138,-74.03550185441622,01,USAQUÉN,muestra_sintetica
4.758588925968182,-74.0311998825175,01,USAQUÉN,muestra_sintetica
4.754101900334999,-74.03650900851686,01,USAQUÉN,muestra_sintetica
4.761880063358295,-74.03861750042385,01,USAQUÉN,muestra_sintetica
4.74872580387393,-74.02026661538186,01,USAQUÉN,muestra_sintetica
4.747951780259615,-74.03319821601139,01,USAQUÉN,muestra_sintetica
4.751792155123205,-74.03332894274479,01,USAQUÉN,muestra_sintetica
4.751892965541935,-74.0274650122392,01,USAQUÉN,muestra_sintetica
4.755977350079461,-74.03668462883866,01,USAQUÉN,muestra_sintetica
4.756654216347887,-74.03111604721991,01,USAQUÉN,muestra_sintetica
4.75196953023073,-74.0287476331998,01,USAQUÉN,muestra_sintetica
4.7457508689005525,-74.02886788519147,01,USAQUÉN,muestra_sintetica
4.747621034036676,-74.02999679960917,01,USAQUÉN,muestra_sintetica
4.758295752744922,-74.03546708033629,01,USAQUÉN,muestra_sintetica
4.75009526217191,-74.03250745544933,01,USAQUÉN,muestra_sintetica
4.75131834935895,-74.02436901613336,01,USAQUÉN,muestra_sintetica
4.750143102813593,-74.02645933999054,01,USAQUÉN,muestra_sintetica
4.7458741792285615,-74.03300115313378,01,USAQUÉN,muestra_sintetica
4.752183704413185,-74.0308778317503,01,USAQUÉN,muestra_sintetica
4.749040730284449,-74.02909430158539,01,USAQUÉN,muestra_sintetica
4.757219262994394,-74.02797494321439,01,USAQUÉN,muestra_sintetica
4.750752468306011,-74.03121143557759,01,USAQUÉN,muestra_sintetica
4.756946517933037,-74.0347136083806,01,USAQUÉN,muestra_sintetica
4.748009696549258,-74.03138029496186,01,USAQUÉN,muestra_sintetica
4.755378703423602,-74.02751300282428,01,USAQUÉN,muestra_sintetica
4.752789763034486,-74.01921193572893,01,USAQUÉN,muestra_sintetica
4.75328261854876,-74.02676726327603,01,USAQUÉN,muestra_sintetica
4.74835221220522,-74.02170554185075,01,USAQUÉN,muestra_sintetica
4.751172273995675,-74.02480439638927,01,USAQUÉN,muestra_sintetica
4.75592781064717,-74.0423419354157,01,USAQUÉN,muestra_sintetica
4.754420160275644,-74.03772249212177,01,USAQUÉN,muestra_sintetica
4.748797631762176,-74.03308526008487,01,USAQUÉN,muestra_sintetica
4.762562735327537,-74.03802586499684,01,USAQUÉN,muestra_sintetica
4.754206548267054,-74.03647133529329,01,USAQUÉN,muestra_sintetica
4.751815378281283,-74.03186514207718,01,USAQUÉN,muestra_sintetica
4.748571234693258,-74.02346537063221,01,USAQUÉN,muestra_sintetica
4.7525423466776635,-74.0374932322098,01,USAQUÉN,muestra_sintetica
4.752629531796343,-74.03334977586137,01,USAQUÉN,muestra_sintetica
4.74796480735809,-74.03042169008818,01,USAQUÉN,muestra_sintetica
4.753633864016197,-74.03164212925932,01,USAQUÉN,muestra_sintetica
4.7580567255805,-74.0296327523853,01,USAQUÉN,muestra_sintetica
4.758432783483846,-74.03177243020683,01,USAQUÉN,muestra_sintetica
4.757935069432647,-74.03389623232135,01,USAQUÉN,muestra_sintetica
4.7503031925495565,-74.02865575743688,01,USAQUÉN,muestra_sintetica
4.752247710334867,-74.03145982705469,01,USAQUÉN,muestra_sintetica
4.7499617709711695,-74.03741205820494,01,USAQUÉN,muestra_sintetica
4.753817945878205,-74.03431349669201,01,USAQUÉN,muestra_sintetica
4.750085634183753,-74.03511864690047,01,USAQUÉN,muestra_sintetica
4.753831967181867,-74.03631408210597,01,USAQUÉN,muestra_sintetica
4.753439615022067,-74.03077092886332,01,USAQUÉN,muestra_sintetica
4.745249711568634,-74.03114076070146,01,USAQUÉN,muestra_sintetica
4.755125542469762,-74.0343089429661,01,USAQUÉN,muestra_sintetica
4.751589098665503,-74.02549986417448,01,USAQUÉN,muestra_sintetica
4.751348964958592,-74.0284153941278,01,USAQUÉN,muestra_sintetica
4.758507922428841,-74.03023167769025,01,USAQUÉN,muestra_sintetica
4.760650698021336,-74.03968827110384,01,USAQUÉN,muestra_sintetica
4.758696232127897,-74.0310891706766,01,USAQUÉN,muestra_sintetica
4.754202323637559,-74.02440498888795,01,USAQUÉN,muestra_sintetica
4.750300433803862,-74.02910820182582,01,USAQUÉN,muestra_sintetica
4.7578017586054,-74.03454241453223,01,USAQUÉN,muestra_sintetica
4.754560626271315,-74.02752677508559,01,USAQUÉN,muestra_sintetica
4.747853889561995,-74.02748110164406,01,USAQUÉN,muestra_sintetica
4.763822483823168,-74.02499585371116,01,USAQUÉN,muestra_sintetica
4.7541146568549015,-74.02603017136454,01,USAQUÉN,muestra_sintetica
4.75474096402981,-74.03379259389885,01,USAQUÉN,muestra_sintetica
4.754286087395584,-74.03572436414314,01,USAQUÉN,muestra_sintetica
4.751015410976136,-74.03097360102868,01,USAQUÉN,muestra_sintetica
4.753346204167394,-74.0264179284977,01,USAQUÉN,muestra_sintetica
4.7630819167028156,-74.02672463713108,01,USAQUÉN,muestra_sintetica
4.751998292163813,-74.02876002547364,01,USAQUÉN,muestra_sintetica
4.758605436459004,-74.0281679344825,01,USAQUÉN,muestra_sintetica
4.745776849118439,-74.02470736327273,01,USAQUÉN,muestra_sintetica
4.7542106898449354,-74.03114193376929,01,USAQUÉN,muestra_sintetica
4.752613431560319,-74.02526302602166,01,USAQUÉN,muestra_sintetica
4.753972986304988,-74.02795743149665,01,USAQUÉN,muestra_sintetica
4.748297713995417,-74.03031600567164,01,USAQUÉN,muestra_sintetica
4.7543150051794765,-74.0299208045968,01,USAQUÉN,muestra_sintetica
4.74810841112508,-74.03183073276858,01,USAQUÉN,muestra_sintetica
4.7548197542093344,-74.02884897909017,01,USAQUÉN,muestra_sintetica
4.7510807418101235,-74.0292493885692,01,USAQUÉN,muestra_sintetica
4.763196851031921,-74.02528069542872,01,USAQUÉN,muestra_sintetica
4.747902491574548,-74.01850233673753,01,USAQUÉN,muestra_sintetica
4.756482460104319,-74.02893841062456,01,USAQUÉN,muestra_sintetica
4.7474791284621265,-74.02567422106475,01,USAQUÉN,muestra_sintetica
4.755549169620359,-74.02704069133034,01,USAQUÉN,muestra_sintetica
4.753910888280524,-74.03826430981363,01,USAQUÉN,muestra_sintetica
4.752137234244357,-74.03622666236863,01,USAQUÉN,muestra_sintetica
4.747944776216006,-74.03208428110693,01,USAQUÉN,muestra_sintetica
4.7579959619210355,-74.02747771943982,01,USAQUÉN,muestra_sintetica
4.7520850563521675,-74.0324904300106,01,USAQUÉN,muestra_sintetica
4.745894707684602,-74.02671460609824,01,USAQUÉN,muestra_sintetica
4.753188776736686,-74.03037366129769,01,USAQUÉN,muestra_sintetica
4.75181848044569,-74.0304158825475,01,USAQUÉN,muestra_sintetica
4.753331193995906,-74.03247022218044,01,USAQUÉN,muestra_sintetica
4.758280947761303,-74.03226261405841,01,USAQUÉN,muestra_sintetica
4.755311960673601,-74.0256010020755,01,USAQUÉN,muestra_sintetica
4.7477897011888395,-74.03276757072824,01,USAQUÉN,muestra_sintetica
4.75536857040312,-74.02556629270632,01,USAQUÉN,muestra_sintetica
4.755360603433938,-74.03433082961273,01,USAQUÉN,muestra_sintetica
4.745026194506406,-74.02875579783648,01,USAQUÉN,muestra_sintetica
4.756450828725852,-74.03606524720958,01,USAQUÉN,muestra_sintetica
4.757002756948699,-74.03244186839171,01,USAQUÉN,muestra_sintetica
4.750642770502412,-74.03609519835729,01,USAQUÉN,muestra_sintetica
4.743870449248985,-74.03237260052258,01,USAQUÉN,muestra_sintetica
4.750853510421501,-74.03166267390966,01,USAQUÉN,muestra_sintetica
4.762337844406009,-74.02759954286853,01,USAQUÉN,muestra_sintetica
4.7529826789630665,-74.0348086480161,01,USAQUÉN,muestra_sintetica
4.753404987055454,-74.0240009709481,01,USAQUÉN,muestra_sintetica
4.7557977152929665,-74.0308784124087,01,USAQUÉN,muestra_sintetica
4.758618993625686,-74.02453505045105,01,USAQUÉN,muestra_sintetica
4.760573125130794,-74.03599703596859,01,USAQUÉN,muestra_sintetica
4.755769720174149,-74.02676446365189,01,USAQUÉN,muestra_sintetica
4.7466260663200766,-74.02980441231774,01,USAQUÉN,muestra_sintetica
4.749904542223371,-74.03149895112624,01,USAQUÉN,muestra_sintetica
4.7574654191219725,-74.02422134352871,01,USAQUÉN,muestra_sintetica
4.750353864623498,-74.03437397649694,01,USAQUÉN,muestra_sintetica
4.7542578210884425,-74.03620254470552,01,USAQUÉN,muestra_sintetica
4.758573468290547,-74.02703099625683,01,USAQUÉN,muestra_sintetica
4.748190233905726,-74.03062079445132,01,USAQUÉN,muestra_sintetica
4.75174548386124,-74.02746515006399,01,USAQUÉN,muestra_sintetica
4.751108975889478,-74.03401713545799,01,USAQUÉN,muestra_sintetica
4.751946155510705,-74.0280717403848,01,USAQUÉN,muestra_sintetica
4.7459660053414785,-74.03097826379367,01,USAQUÉN,muestra_sintetica
4.7553444526428,-74.03537284853839,01,USAQUÉN,muestra_sintetica
4.7536777406796,-74.03558844489608,01,USAQUÉN,muestra_sintetica
4.747610765596271,-74.03117471385316,01,USAQUÉN,muestra_sintetica
4.752526194120062,-74.02891891869845,01,USAQUÉN,muestra_sintetica
4.756326258121089,-74.03835966937898,01,USAQUÉN,muestra_sintetica
4.745852522701541,-74.01984744833474,01,USAQUÉN,muestra_sintetica
4.746947492155787,-74.03248086379772,01,USAQUÉN,muestra_sintetica
4.751496550168845,-74.03437682685596,01,USAQUÉN,muestra_sintetica
4.7465599299563115,-74.03034570779595,01,USAQUÉN,muestra_sintetica
4.754196241935951,-74.02652553164837,01,USAQUÉN,muestra_sintetica
4.755325290653002,-74.02479269070068,01,USAQUÉN,muestra_sintetica
4.762094248341836,-74.0246737010535,01,USAQUÉN,muestra_sintetica
4.760804881690618,-74.02846509642484,01,USAQUÉN,muestra_sintetica
4.7512408712197995,-74.03056246185264,01,USAQUÉN,muestra_sintetica
4.751119107163091,-74.0292995017055,01,USAQUÉN,muestra_sintetica
4.7621396262401525,-74.03737610476107,01,USAQUÉN,muestra_sintetica
4.74701058934068,-74.03551128521315,01,USAQUÉN,muestra_sintetica
4.756690859337579,-74.0269657240062,01,USAQUÉN,muestra_sintetica
4.755321058501932,-74.02547431261203,01,USAQUÉN,muestra_sintetica
4.750412623011303,-74.02687704206022,01,USAQUÉN,muestra_sintetica
4.75022551965761,-74.03100331106762,01,USAQUÉN,muestra_sintetica
4.754256597976244,-74.04005473513871,01,USAQUÉN,muestra_sintetica
4.754187238745832,-74.03512754709256,01,USAQUÉN,muestra_sintetica
4.7474289650263115,-74.02777722819557,01,USAQUÉN,muestra_sintetica
4.75674417652544,-74.03246308001582,01,USAQUÉN,muestra_sintetica
4.7515304022752725,-74.027114059003,01,USAQUÉN,muestra_sintetica
4.743496719941523,-74.0266329138649,01,USAQUÉN,muestra_sintetica
4.752932543652235,-74.02457926070855,01,USAQUÉN,muestra_sintetica
4.751530217226877,-74.02465833420116,01,USAQUÉN,muestra_sintetica
4.760752534610489,-74.03413280654883,01,USAQUÉN,muestra_sintetica
4.757630669231142,-74.02262946010946,01,USAQUÉN,muestra_sintetica
4.752282244951791,-74.02882401840951,01,USAQUÉN,muestra_sintetica
4.751594471113306,-74.03204261245493,01,USAQUÉN,muestra_sintetica
4.751407948920248,-74.03040526319921,01,USAQUÉN,muestra_sintetica
4.752726421860978,-74.03095917475876,01,USAQUÉN,muestra_sintetica
4.747874596569188,-74.03548074662854,01,USAQUÉN,muestra_sintetica
4.757451982387995,-74.02905538784971,01,USAQUÉN,muestra_sintetica
4.744749976250868,-74.02913031740236,01,USAQUÉN,muestra_sintetica
4.76384952219644,-74.02933056923011,01,USAQUÉN,muestra_sintetica
4.752922755002123,-74.02794562652278,01,USAQUÉN,muestra_sintetica
4.754219808408497,-74.02804481622212,01,USAQUÉN,muestra_sintetica
4.7505804720701805,-74.03496793708834,01,USAQUÉN,muestra_sintetica
4.755780182289738,-74.03091144037035,01,USAQUÉN,muestra_sintetica
4.754217630443467,-74.0285691035502,01,USAQUÉN,muestra_sintetica
4.748465847533287,-74.02725283788972,01,USAQUÉN,muestra_sintetica
4.748147632986305,-74.0313821579227,01,USAQUÉN,muestra_sintetica
4.753887808173682,-74.03581852448666,01,USAQUÉN,muestra_sintetica
4.750683862633862,-74.02454475727212,01,USAQUÉN,muestra_sintetica
4.7491729367631645,-74.01441185455661,01,USAQUÉN,muestra_sintetica
4.753700686377174,-74.03340185059622,01,USAQUÉN,muestra_sintetica
4.744388061003724,-74.03127377199743,01,USAQUÉN,muestra_sintetica
4.751200256395232,-74.03399582333671,01,USAQUÉN,muestra_sintetica
4.756363433664775,-74.02885701641236,01,USAQUÉN,muestra_sintetica
4.747457002161819,-74.0307936579776,01,USAQUÉN,muestra_sintetica
4.745442354841593,-74.02484005299462,01,USAQUÉN,muestra_sintetica
4.74757523087639,-74.03299587129756,01,USAQUÉN,muestra_sintetica
4.752587357633192,-74.02357573569003,01,USAQUÉN,muestra_sintetica
4.760408633659056,-74.0304505166473,01,USAQUÉN,muestra_sintetica
4.740826073027987,-74.02912501225983,01,USAQUÉN,muestra_sintetica
4.757388240684672,-74.0332794795958,01,USAQUÉN,muestra_sintetica
4.752889363022196,-74.02876724746353,01,USAQUÉN,muestra_sintetica
4.757257590711587,-74.03754533871289,01,USAQUÉN,muestra_sintetica
4.764237452816672,-74.03126759797442,01,USAQUÉN,muestra_sintetica
4.761150836865126,-74.03052936005852,01,USAQUÉN,muestra_sintetica
4.7484596666085555,-74.03410999457138,01,USAQUÉN,muestra_sintetica
4.7594269387766035,-74.028393100652,01,USAQUÉN,muestra_sintetica
4.758228034770697,-74.02919904052803,01,USAQUÉN,muestra_sintetica
4.751523820453628,-74.03773859478544,01,USAQUÉN,muestra_sintetica
4.747734852350527,-74.0330319197213,01,USAQUÉN,muestra_sintetica
4.749127974490804,-74.03456868773686,01,USAQUÉN,muestra_sintetica
4.763367849316187,-74.03910560622602,01,USAQUÉN,muestra_sintetica
4.753086685617116,-74.03397661086773,01,USAQUÉN,muestra_sintetica
4.74823427812463,-74.02924544954573,01,USAQUÉN,muestra_sintetica
4.753056090503223,-74.03515239457401,01,USAQUÉN,muestra_sintetica
4.753447480184596,-74.03231893371071,01,USAQUÉN,muestra_sintetica
4.748053403616472,-74.02903492326796,01,USAQUÉN,muestra_sintetica
4.7438470711467,-74.03290397969371,01,USAQUÉN,muestra_sintetica
4.7526950269763715,-74.032974775398,01,USAQUÉN,muestra_sintetica
4.749567975437512,-74.03361101388813,01,USAQUÉN,muestra_sintetica
4.7476301998585875,-74.03515672976283,01,USAQUÉN,muestra_sintetica
4.751743014445993,-74.02829069084865,01,USAQUÉN,muestra_sintetica
4.751244422763338,-74.02544405125344,01,USAQUÉN,muestra_sintetica
4.755887380806656,-74.02536862577595,01,USAQUÉN,muestra_sintetica
4.75340774886803,-74.03475970937754,01,USAQUÉN,muestra_sintetica
4.750251229281577,-74.02518330216108,01,USAQUÉN,muestra_sintetica
4.752463345187979,-74.02882129800916,01,USAQUÉN,muestra_sintetica
4.754006598267138,-74.0361782671232,01,USAQUÉN,muestra_sintetica
4.754520234283945,-74.03014506143589,01,USAQUÉN,muestra_sintetica
4.748302897752339,-74.02926591292673,01,USAQUÉN,muestra_sintetica
4.7588358061733524,-74.03168179144119,01,USAQUÉN,muestra_sintetica
4.752925372363019,-74.02994418105693,01,USAQUÉN,muestra_sintetica
4.759286661775915,-74.02912696757345,01,USAQUÉN,muestra_sintetica
4.749860593796681,-74.03257734058447,01,USAQUÉN,muestra_sintetica
4.742288686479016,-74.03544826459218,01,USAQUÉN,muestra_sintetica
4.763432331816694,-74.03172446579714,01,USAQUÉN,muestra_sintetica
4.757757147231892,-74.02665638506228,01,USAQUÉN,muestra_sintetica
4.758676964730483,-74.02452935542503,01,USAQUÉN,muestra_sintetica
4.752585966593634,-74.03200085225684,01,USAQUÉN,muestra_sintetica
4.757046709382803,-74.03004525661079,01,USAQUÉN,muestra_sintetica
4.752004662482913,-74.02909968837639,01,USAQUÉN,muestra_sintetica
4.76195496195247,-74.03339567939398,01,USAQUÉN,muestra_sintetica
4.74382081050557,-74.02445924955188,01,USAQUÉN,muestra_sintetica
4.7555014701672915,-74.02506037301036,01,USAQUÉN,muestra_sintetica
4.7539746882473555,-74.03002838612804,01,USAQUÉN,muestra_sintetica
4.749096088884207,-74.02812740619652,01,USAQUÉN,muestra_sintetica
4.763054188660774,-74.02716562688815,01,USAQUÉN,muestra_sintetica
4.751629740899041,-74.03443980544195,01,USAQUÉN,muestra_sintetica
4.753379377775091,-74.03147744991189,01,USAQUÉN,muestra_sintetica
4.753270742140055,-74.02986018087955,01,USAQUÉN,muestra_sintetica
4.759555761621142,-74.02769523637751,01,USAQUÉN,muestra_sintetica
4.753125130087511,-74.02540161168788,01,USAQUÉN,muestra_sintetica
4.751515628204384,-74.03623836467143,01,USAQUÉN,muestra_sintetica
4.752403070226114,-74.03643016289078,01,USAQUÉN,muestra_sintetica
4.750199790850118,-74.02549954611565,01,USAQUÉN,muestra_sintetica
4.753774889248744,-74.03086716164631,01,USAQUÉN,muestra_sintetica
4.75590727750934,-74.03848297666958,01,USAQUÉN,muestra_sintetica
4.744769456089551,-74.03009514665666,01,USAQUÉN,muestra_sintetica
4.751884732591783,-74.03071376960595,01,USAQUÉN,muestra_sintetica
4.757534323955102,-74.03626100864166,01,USAQUÉN,muestra_sintetica
4.746710189622077,-74.03135271374607,01,USAQUÉN,muestra_sintetica
4.755021407760542,-74.02332488826745,01,USAQUÉN,muestra_sintetica
4.747138630634911,-74.03130544770539,01,USAQUÉN,muestra_sintetica
4.752232019403786,-74.02725217561843,01,USAQUÉN,muestra_sintetica
4.7492416148315,-74.03394657468039,01,USAQUÉN,muestra_sintetica
4.748567276251568,-74.03160222076019,01,USAQUÉN,muestra_sintetica
4.747614736187985,-74.02438209384411,01,USAQUÉN,muestra_sintetica
4.752400548790394,-74.03145790196,01,USAQUÉN,muestra_sintetica
4.7546811103260165,-74.03393722440289,01,USAQUÉN,muestra_sintetica
4.757413878663035,-74.02810075974429,01,USAQUÉN,muestra_sintetica
4.758610922707956,-74.03023944994095,01,USAQUÉN,muestra_sintetica
4.751121003123434,-74.0272606783666,01,USAQUÉN,muestra_sintetica
4.756327328346921,-74.02732116037222,01,USAQUÉN,muestra_sintetica
4.7553726294534435,-74.03319150352338,01,USAQUÉN,muestra_sintetica
4.743318110658132,-74.0334412868388,01,USAQUÉN,muestra_sintetica
4.754833562374032,-74.03157272665653,01,USAQUÉN,muestra_sintetica
4.755035466789928,-74.0262075391958,01,USAQUÉN,muestra_sintetica
4.752682591698574,-74.03468752950374,01,USAQUÉN,muestra_sintetica
4.75463038628972,-74.0364409781719,01,USAQUÉN,muestra_sintetica
4.756239366996095,-74.04200671896444,01,USAQUÉN,muestra_sintetica
4.758521535689623,-74.02882949344792,01,USAQUÉN,muestra_sintetica
4.75150803874533,-74.02660150231749,01,USAQUÉN,muestra_sintetica
4.7505990585834565,-74.03702286168985,01,USAQUÉN,muestra_sintetica
4.7536413059196905,-74.02884973502394,01,USAQUÉN,muestra_sintetica
4.746469628037678,-74.03246044942864,01,USAQUÉN,muestra_sintetica
4.578421236509334,-74.06318590368318,04,SAN CRISTÓBAL,muestra_sintetica
4.573979089440625,-74.06757688370097,04,SAN CRISTÓBAL,muestra_sintetica
4.5761496965167625,-74.05834085506991,04,SAN CRISTÓBAL,muestra_sintetica
4.577597523303913,-74.05954503023594,04,SAN CRISTÓBAL,muestra_sintetica
4.578826396028933,-74.06153784015618,04,SAN CRISTÓBAL,muestra_sintetica
4.579468901172336,-74.06135198100147,04,SAN CRISTÓBAL,muestra_sintetica
4.570584906063074,-74.05596568625649,04,SAN CRISTÓBAL,muestra_sintetica
4.572966033589268,-74.05464103927652,04,SAN CRISTÓBAL,muestra_sintetica
4.573029388458121,-74.05485110684693,04,SAN CRISTÓBAL,muestra_sintetica
4.582718492416388,-74.06461846350453,04,SAN CRISTÓBAL,muestra_sintetica
4.582695401639946,-74.06290491827586,04,SAN CRISTÓBAL,muestra_sintetica
4.581938193022587,-74.05651324734323,04,SAN CRISTÓBAL,muestra_sintetica
4.577367338834675,-74.05599934102379,04,SAN CRISTÓBAL,muestra_sintetica
4.578879635440429,-74.0548488357671,04,SAN CRISTÓBAL,muestra_sintetica
4.573047541129408,-74.06151788602332,04,SAN CRISTÓBAL,muestra_sintetica
4.580975476719274,-74.06274138195903,04,SAN CRISTÓBAL,muestra_sintetica
4.57263411344958,-74.05890490349627,04,SAN CRISTÓBAL,muestra_sintetica
4.583211149263608,-74.05884713580254,04,SAN CRISTÓBAL,muestra_sintetica
4.57901446561305,-74.0634040642279,04,SAN CRISTÓBAL,muestra_sintetica
4.577257914531131,-74.06095083618277,04,SAN CRISTÓBAL,muestra_sintetica
4.5729204274130675,-74.05892399404154,04,SAN CRISTÓBAL,muestra_sintetica
4.581077553306808,-74.05628160487554,04,SAN CRISTÓBAL,muestra_sintetica
4.582600417292215,-74.0659293626983,04,SAN CRISTÓBAL,muestra_sintetica
4.577429786635185,-74.06873193221598,04,SAN CRISTÓBAL,muestra_sintetica
4.577883850780307,-74.0679885848719,04,SAN CRISTÓBAL,muestra_sintetica
4.583836200560845,-74.05689862806891,04,SAN CRISTÓBAL,muestra_sintetica
4.578827110417758,-74.06443909788914,04,SAN CRISTÓBAL,muestra_sintetica
4.576328983847234,-74.05664893333702,04,SAN CRISTÓBAL,muestra_sintetica
4.577589677543049,-74.05584508557453,04,SAN CRISTÓBAL,muestra_sintetica
4.5720221727316,-74.0624448461286,04,SAN CRISTÓBAL,muestra_sintetica
4.585818419411652,-74.05959393765082,04,SAN CRISTÓBAL,muestra_sintetica
4.579213478380015,-74.05943798614916,04,SAN CRISTÓBAL,muestra_sintetica
4.577375422509344,-74.05624038664357,04,SAN CRISTÓBAL,muestra_sintetica
4.578712551785075,-74.06149016668282,04,SAN CRISTÓBAL,muestra_sintetica
4.579024574907185,-74.06762543238185,04,SAN CRISTÓBAL,muestra_sintetica
4.585880485823306,-74.05899498827831,04,SAN CRISTÓBAL,muestra_sintetica
4.576922529456902,-74.05726135966775,04,SAN CRISTÓBAL,muestra_sintetica
4.573742229741798,-74.06651266345064,04,SAN CRISTÓBAL,muestra_sintetica
4.581048440989244,-74.06429077774784,04,SAN CRISTÓBAL,muestra_sintetica
4.57236727001216,-74.0615895206698,04,SAN CRISTÓBAL,muestra_sintetica
4.578008054250636,-74.06126607974129,04,SAN CRISTÓBAL,muestra_sintetica
4.576371571856691,-74.06302141949898,04,SAN CRISTÓBAL,muestra_sintetica
4.5765635684244605,-74.06499797419009,04,SAN CRISTÓBAL,muestra_sintetica
4.5848396506829605,-74.05923069629677,04,SAN CRISTÓBAL,muestra_sintetica
4.579758652602046,-74.06201031446561,04,SAN CRISTÓBAL,muestra_sintetica
4.568523377792517,-74.05625303852796,04,SAN CRISTÓBAL,muestra_sintetica
4.57127319961672,-74.05536413131952,04,SAN CRISTÓBAL,muestra_sintetica
4.584837472183136,-74.06348201944347,04,SAN CRISTÓBAL,muestra_sintetica
4.569463215164922,-74.0573006096337,04,SAN CRISTÓBAL,muestra_sintetica
4.567289572094407,-74.07305104092322,04,SAN CRISTÓBAL,muestra_sintetica
4.571727458455128,-74.05905501463285,04,SAN CRISTÓBAL,muestra_sintetica
4.585479652180938,-74.05537067795959,04,SAN CRISTÓBAL,muestra_sintetica
4.576184944061185,-74.05614365691318,04,SAN CRISTÓBAL,muestra_sintetica
4.571741656065366,-74.06732282569068,04,SAN CRISTÓBAL,muestra_sintetica
4.586511973352835,-74.06139805858187,04,SAN CRISTÓBAL,muestra_sintetica
4.575104268424846,-74.06395644777297,04,SAN CRISTÓBAL,muestra_sintetica
4.5731198739557755,-74.05930989727979,04,SAN CRISTÓBAL,muestra_sintetica
4.583539638678922,-74.07081802917047,04,SAN CRISTÓBAL,muestra_sintetica
4.581767174092747,-74.05897178107737,04,SAN CRISTÓBAL,muestra_sintetica
4.5793257916016605,-74.0595091906139,04,SAN CRISTÓBAL,muestra_sintetica
4.581809944471861,-74.05992653538773,04,SAN CRISTÓBAL,muestra_sintetica
4.578921384671818,-74.0648765318136,04,SAN CRISTÓBAL,muestra_sintetica
4.581559761063245,-74.05986027673259,04,SAN CRISTÓBAL,muestra_sintetica
4.572727368294845,-74.06461354855836,04,SAN CRISTÓBAL,muestra_sintetica
4.570799038365189,-74.0632987167224,04,SAN CRISTÓBAL,muestra_sintetica
4.570663945482611,-74.05989897008259,04,SAN CRISTÓBAL,muestra_sintetica
4.571003954815552,-74.06005583733892,04,SAN CRISTÓBAL,muestra_sintetica
4.578391065016381,-74.05625044171984,04,SAN CRISTÓBAL,muestra_sintetica
4.572160978156385,-74.0523193154713,04,SAN CRISTÓBAL,muestra_sintetica
4.574327024799413,-74.0621729001405,04,SAN CRISTÓBAL,muestra_sintetica
4.577112673725761,-74.05789580482545,04,SAN CRISTÓBAL,muestra_sintetica
4.57426344207251,-74.0571995412144,04,SAN CRISTÓBAL,muestra_sintetica
4.569662893836269,-74.06342053178776,04,SAN CRISTÓBAL,muestra_sintetica
4.575221252060511,-74.0550432030283,04,SAN CRISTÓBAL,muestra_sintetica
4.58404285075792,-74.05472959233619,04,SAN CRISTÓBAL,muestra_sintetica
4.573745628098141,-74.0553154975549,04,SAN CRISTÓBAL,muestra_sintetica
4.580908940881962,-74.06071500797067,04,SAN CRISTÓBAL,muestra_sintetica
4.583262618712947,-74.0606253032617,04,SAN CRISTÓBAL,muestra_sintetica
4.575567686664564,-74.06043776294892,04,SAN CRISTÓBAL,muestra_sintetica
4.575136831777814,-74.05632015696241,04,SAN CRISTÓBAL,muestra_sintetica
4.586583470937573,-74.06772794274904,04,SAN CRISTÓBAL,muestra_sintetica
4.578445285843834,-74.0697958487171,04,SAN CRISTÓBAL,muestra_sintetica
4.574676444111234,-74.06702852946889,04,SAN CRISTÓBAL,muestra_sintetica
4.579597047433807,-74.05920890459043,04,SAN CRISTÓBAL,muestra_sintetica
4.577509401076098,-74.05602835880909,04,SAN CRISTÓBAL,muestra_sintetica
4.583321739441677,-74.06300765603471,04,SAN CRISTÓBAL,muestra_sintetica
4.580420794997095,-74.0645978199115,04,SAN CRISTÓBAL,muestra_sintetica
4.579268372973961,-74.05449668669252,04,SAN CRISTÓBAL,muestra_sintetica
4.583145692496078,-74.05891339807394,04,SAN CRISTÓBAL,muestra_sintetica
4.585313901243435,-74.06720092264587,04,SAN CRISTÓBAL,muestra_sintetica
4.580576195970044,-74.0577389615602,04,SAN CRISTÓBAL,muestra_sintetica
4.581429571330967,-74.06684741184547,04,SAN CRISTÓBAL,muestra_sintetica
4.5756868679277805,-74.06354007153621,04,SAN CRISTÓBAL,muestra_sintetica
4.57565629625278,-74.05827644734228,04,SAN CRISTÓBAL,muestra_sintetica
4.578465509660377,-74.06169518410549,04,SAN CRISTÓBAL,muestra_sintetica
4.579447930375525,-74.05544850849796,04,SAN CRISTÓBAL,muestra_sintetica
4.57862673347962,-74.06334056448163,04,SAN CRISTÓBAL,muestra_sintetica
4.575896371616868,-74.06206764394868,04,SAN CRISTÓBAL,muestra_sintetica
4.578382494201645,-74.06533142551433,04,SAN CRISTÓBAL,muestra_sintetica
4.579597597994476,-74.06732194940074,04,SAN CRISTÓBAL,muestra_sintetica
4.577637908620543,-74.06407554645777,04,SAN CRISTÓBAL,muestra_sintetica
4.582320651481834,-74.06468594279956,04,SAN CRISTÓBAL,muestra_sintetica
4.5756841193207825,-74.06653841170119,04,SAN CRISTÓBAL,muestra_sintetica
4.573237728307301,-74.06647091642581,04,SAN CRISTÓBAL,muestra_sintetica
4.58171684997871,-74.06546737583595,04,SAN CRISTÓBAL,muestra_sintetica
4.571803758686883,-74.05826936726835,04,SAN CRISTÓBAL,muestra_sintetica
4.57292563247882,-74.04674980622524,04,SAN CRISTÓBAL,muestra_sintetica
4.575564697587982,-74.06615854614881,04,SAN CRISTÓBAL,muestra_sintetica
4.586430388127405,-74.06255650520256,04,SAN CRISTÓBAL,muestra_sintetica
4.569875802195551,-74.0621830223631,04,SAN CRISTÓBAL,muestra_sintetica
4.57801641351063,-74.05574704469915,04,SAN CRISTÓBAL,muestra_sintetica
4.580332555533859,-74.06717796031387,04,SAN CRISTÓBAL,muestra_sintetica
4.587588924856048,-74.06258428845261,04,SAN CRISTÓBAL,muestra_sintetica
4.571589105092528,-74.06371683185326,04,SAN CRISTÓBAL,muestra_sintetica
4.5755963996617375,-74.05810035962259,04,SAN CRISTÓBAL,muestra_sintetica
4.5830923780939345,-74.05866737236438,04,SAN CRISTÓBAL,muestra_sintetica
4.573690559624745,-74.06254973679972,04,SAN CRISTÓBAL,muestra_sintetica
4.583443732644114,-74.06084612888641,04,SAN CRISTÓBAL,muestra_sintetica
4.571498706633481,-74.06612975288371,04,SAN CRISTÓBAL,muestra_sintetica
4.578625590026543,-74.06310597865183,04,SAN CRISTÓBAL,muestra_sintetica
4.583653476426811,-74.05705296442761,04,SAN CRISTÓBAL,muestra_sintetica
4.574481773150285,-74.0531811346597,04,SAN CRISTÓBAL,muestra_sintetica
4.5703042245635075,-74.05824211437378,04,SAN CRISTÓBAL,muestra_sintetica
4.574841174848956,-74.05349430762963,04,SAN CRISTÓBAL,muestra_sintetica
4.579565600176715,-74.06347272578385,04,SAN CRISTÓBAL,muestra_sintetica
4.589342499991674,-74.06167776435844,04,SAN CRISTÓBAL,muestra_sintetica
4.584093358762069,-74.0656250607507,04,SAN CRISTÓBAL,muestra_sintetica
4.571455896787997,-74.0596957590566,04,SAN CRISTÓBAL,muestra_sintetica
4.582712928806213,-74.05657082870117,04,SAN CRISTÓBAL,muestra_sintetica
4.581384826486813,-74.06306288083938,04,SAN CRISTÓBAL,muestra_sintetica
4.5862324192545785,-74.05099885567668,04,SAN CRISTÓBAL,muestra_sintetica
4.576810949840946,-74.06133034648106,04,SAN CRISTÓBAL,muestra_sintetica
4.579960790368281,-74.05828856929254,04,SAN CRISTÓBAL,muestra_sintetica
4.572975427700508,-74.06187930101011,04,SAN CRISTÓBAL,muestra_sintetica
4.578178547955098,-74.0662075933835,04,SAN CRISTÓBAL,muestra_sintetica
4.57534327511908,-74.06570804462842,04,SAN CRISTÓBAL,muestra_sintetica
4.569330697184618,-74.06074769910865,04,SAN CRISTÓBAL,muestra_sintetica
4.5786751305331,-74.06309263596935,04,SAN CRISTÓBAL,muestra_sintetica
4.576166689452806,-74.06092656962474,04,SAN CRISTÓBAL,muestra_sintetica
4.585024104252343,-74.06438383314917,04,SAN CRISTÓBAL,muestra_sintetica
4.5800350085181165,-74.06641208355867,04,SAN CRISTÓBAL,muestra_sintetica
4.576664271557585,-74.0638254586005,04,SAN CRISTÓBAL,muestra_sintetica
4.579012484673621,-74.05985189737761,04,SAN CRISTÓBAL,muestra_sintetica
4.581493001332485,-74.06007379266488,04,SAN CRISTÓBAL,muestra_sintetica
4.570435644634648,-74.06086079100517,04,SAN CRISTÓBAL,muestra_sintetica
4.581142334630077,-74.06385053654878,04,SAN CRISTÓBAL,muestra_sintetica
4.573864893704454,-74.05584440978551,04,SAN CRISTÓBAL,muestra_sintetica
4.578800286779768,-74.06079803850207,04,SAN CRISTÓBAL,muestra_sintetica
4.57247294477493,-74.05927349667114,04,SAN CRISTÓBAL,muestra_sintetica
4.584497303359231,-74.06403913673351,04,SAN CRISTÓBAL,muestra_sintetica
4.5879432042808554,-74.06369413495806,04,SAN CRISTÓBAL,muestra_sintetica
4.577906197094741,-74.05768593289278,04,SAN CRISTÓBAL,muestra_sintetica
4.581059347272714,-74.06418733141474,04,SAN CRISTÓBAL,muestra_sintetica
4.577502783672121,-74.06173143456941,04,SAN CRISTÓBAL,muestra_sintetica
4.576802578967231,-74.05641684172522,04,SAN CRISTÓBAL,muestra_sintetica
4.57402650658306,-74.06116497797726,04,SAN CRISTÓBAL,muestra_sintetica
4.577132638529269,-74.06282172052997,04,SAN CRISTÓBAL,muestra_sintetica
4.5812356406880035,-74.06130032545578,04,SAN CRISTÓBAL,muestra_sintetica
4.570915292266653,-74.0560345861499,04,SAN CRISTÓBAL,muestra_sintetica
4.5747491700467675,-74.06768641908269,04,SAN CRISTÓBAL,muestra_sintetica
4.583002646707658,-74.05288139155968,04,SAN CRISTÓBAL,muestra_sintetica
4.578202268158268,-74.07872893210524,04,SAN CRISTÓBAL,muestra_sintetica
4.589340252612548,-74.06006640762631,04,SAN CRISTÓBAL,muestra_sintetica
4.576682414234237,-74.05710362369604,04,SAN CRISTÓBAL,muestra_sintetica
4.579415291536607,-74.05909741512328,04,SAN CRISTÓBAL,muestra_sintetica
4.5796933047074475,-74.05746987295524,04,SAN CRISTÓBAL,muestra_sintetica
4.585067116453181,-74.0674748549023,04,SAN CRISTÓBAL,muestra_sintetica
4.574722433175838,-74.058889679214,04,SAN CRISTÓBAL,muestra_sintetica
4.574570244268011,-74.06259774909437,04,SAN CRISTÓBAL,muestra_sintetica
4.581506807171193,-74.05464112867617,04,SAN CRISTÓBAL,muestra_sintetica
4.5829577135703845,-74.05932110283943,04,SAN CRISTÓBAL,muestra_sintetica
4.573208803295643,-74.05994864892718,04,SAN CRISTÓBAL,muestra_sintetica
4.583392503623025,-74.06577079092067,04,SAN CRISTÓBAL,muestra_sintetica
4.5753194601630565,-74.05513396228636,04,SAN CRISTÓBAL,muestra_sintetica
4.57834739613194,-74.06611955911329,04,SAN CRISTÓBAL,muestra_sintetica
4.5797549528360495,-74.05829571188661,04,SAN CRISTÓBAL,muestra_sintetica
4.57857457142044,-74.06035708699196,04,SAN CRISTÓBAL,muestra_sintetica
4.569656367466853,-74.0661372229895,04,SAN CRISTÓBAL,muestra_sintetica
4.573962327648488,-74.06821300314178,04,SAN CRISTÓBAL,muestra_sintetica
4.571516150168028,-74.06411482671109,04,SAN CRISTÓBAL,muestra_sintetica
4.574614215249854,-74.06111198582586,04,SAN CRISTÓBAL,muestra_sintetica
4.57552984701275,-74.06254616742822,04,SAN CRISTÓBAL,muestra_sintetica
4.586588024199167,-74.06211282134817,04,SAN CRISTÓBAL,muestra_sintetica
4.577060116523713,-74.0591420076694,04,SAN CRISTÓBAL,muestra_sintetica
4.580871245051895,-74.06418150545394,04,SAN CRISTÓBAL,muestra_sintetica
4.580674662450185,-74.06654017814674,04,SAN CRISTÓBAL,muestra_sintetica
4.576315097174209,-74.06504399381505,04,SAN CRISTÓBAL,muestra_sintetica
4.576857024655888,-74.06018223459509,04,SAN CRISTÓBAL,muestra_sintetica
4.581179226032918,-74.06422887846752,04,SAN CRISTÓBAL,muestra_sintetica
4.579597877023021,-74.06375042248348,04,SAN CRISTÓBAL,muestra_sintetica
4.578938609732042,-74.05734641031577,04,SAN CRISTÓBAL,muestra_sintetica
4.575143850891074,-74.07096901740738,04,SAN CRISTÓBAL,muestra_sintetica
4.575836729350943,-74.0522813556356,04,SAN CRISTÓBAL,muestra_sintetica
4.574099687263398,-74.0609185946375,04,SAN CRISTÓBAL,muestra_sintetica
4.578517685078213,-74.0613926177239,04,SAN CRISTÓBAL,muestra_sintetica
4.575913517130996,-74.06898620727978,04,SAN CRISTÓBAL,muestra_sintetica
4.579712498555919,-74.0597038224232,04,SAN CRISTÓBAL,muestra_sintetica
4.577556753038263,-74.05718385812645,04,SAN CRISTÓBAL,muestra_sintetica
4.576051257284139,-74.06329977972364,04,SAN CRISTÓBAL,muestra_sintetica
4.580818070971305,-74.0597096408137,04,SAN CRISTÓBAL,muestra_sintetica
4.579865475815349,-74.06318676734698,04,SAN CRISTÓBAL,muestra_sintetica
4.58326824796511,-74.05542929293446,04,SAN CRISTÓBAL,muestra_sintetica
4.577029835595954,-74.05605387215513,04,SAN CRISTÓBAL,muestra_sintetica
4.57864773957831,-74.05975443753803,04,SAN CRISTÓBAL,muestra_sintetica
4.571437522255289,-74.05406263895352,04,SAN CRISTÓBAL,muestra_sintetica
4.582161613191376,-74.06723737997608,04,SAN CRISTÓBAL,muestra_sintetica
4.583351420007743,-74.0566739672938,04,SAN CRISTÓBAL,muestra_sintetica
4.572464188028358,-74.06531953157615,04,SAN CRISTÓBAL,muestra_sintetica
4.576486444480514,-74.06844992319047,04,SAN CRISTÓBAL,muestra_sintetica
4.572678276663497,-74.05507603616624,04,SAN CRISTÓBAL,muestra_sintetica
4.578517785816038,-74.06568748075948,04,SAN CRISTÓBAL,muestra_sintetica
4.570671121621616,-74.06441723473486,04,SAN CRISTÓBAL,muestra_sintetica
4.584462544189978,-74.06489090746152,04,SAN CRISTÓBAL,muestra_sintetica
4.572212874890612,-74.05720829240265,04,SAN CRISTÓBAL,muestra_sintetica
4.576802686156259,-74.06230695722287,04,SAN CRISTÓBAL,muestra_sintetica
4.572133338006006,-74.0620345677267,04,SAN CRISTÓBAL,muestra_sintetica
4.5849714954117635,-74.06116962694134,04,SAN CRISTÓBAL,muestra_sintetica
4.584851708030262,-74.05540542191255,04,SAN CRISTÓBAL,muestra_sintetica
4.57656188516942,-74.05344966619727,04,SAN CRISTÓBAL,muestra_sintetica
4.586335908826567,-74.0640106264088,04,SAN CRISTÓBAL,muestra_sintetica
4.581351101454289,-74.06208885620399,04,SAN CRISTÓBAL,muestra_sintetica
4.580026178418489,-74.06253966444456,04,SAN CRISTÓBAL,muestra_sintetica
4.581372584776299,-74.05828875465907,04,SAN CRISTÓBAL,muestra_sintetica
4.57975073823814,-74.05337138221911,04,SAN CRISTÓBAL,muestra_sintetica
4.575925326631921,-74.06749275159108,04,SAN CRISTÓBAL,muestra_sintetica
4.590461586939859,-74.05241368139713,04,SAN CRISTÓBAL,muestra_sintetica
4.574559107212239,-74.05821660253253,04,SAN CRISTÓBAL,muestra_sintetica
4.578816603349688,-74.066697270774,04,SAN CRISTÓBAL,muestra_sintetica
4.580057164235114,-74.06210825536346,04,SAN CRISTÓBAL,muestra_sintetica
4.5723395625611145,-74.05155530929771,04,SAN CRISTÓBAL,muestra_sintetica
4.572764515710285,-74.06613684648673,04,SAN CRISTÓBAL,muestra_sintetica
4.578003289350923,-74.06229822686635,04,SAN CRISTÓBAL,muestra_sintetica
4.582154628117784,-74.04680498816603,04,SAN CRISTÓBAL,muestra_sintetica
4.57088409887653,-74.06793698994055,04,SAN CRISTÓBAL,muestra_sintetica
4.576821134813163,-74.06428648170625,04,SAN CRISTÓBAL,muestra_sintetica
4.578890706371319,-74.07079568006421,04,SAN CRISTÓBAL,muestra_sintetica
4.576950223965218,-74.06824327421214,04,SAN CRISTÓBAL,muestra_sintetica
4.582293688392984,-74.05262050854243,04,SAN CRISTÓBAL,muestra_sintetica
4.5786308016634685,-74.06666541371615,04,SAN CRISTÓBAL,muestra_sintetica
4.586987948194315,-74.06940761043498,04,SAN CRISTÓBAL,muestra_sintetica
4.566204859138749,-74.06432175560195,04,SAN CRISTÓBAL,muestra_sintetica
4.5776356443466035,-74.05902643691088,04,SAN CRISTÓBAL,muestra_sintetica
4.581385742860675,-74.06509740616075,04,SAN CRISTÓBAL,muestra_sintetica
4.570555689433062,-74.06402565763531,04,SAN CRISTÓBAL,muestra_sintetica
4.5816303123060385,-74.12023789500344,18,RAFAEL URIBE URIBE,muestra_sintetica
4.5795521487944235,-74.11326543131496,18,RAFAEL URIBE URIBE,muestra_sintetica
4.592327571352566,-74.11488708530729,18,RAFAEL URIBE URIBE,muestra_sintetica
4.593563139618301,-74.11980543642561,18,RAFAEL URIBE URIBE,muestra_sintetica
4.589938073702732,-74.12353592315641,18,RAFAEL URIBE URIBE,muestra_sintetica
4.581048291984429,-74.11880341744937,18,RAFAEL URIBE URIBE,muestra_sintetica
4.583412408472243,-74.11536875324038,18,RAFAEL URIBE URIBE,muestra_sintetica
4.58055558789169,-74.11482520693887,18,RAFAEL URIBE URIBE,muestra_sintetica
4.58188042269371,-74.10796040293552,18,RAFAEL URIBE URIBE,muestra_sintetica
4.58314249573191,-74.1093249262164,18,RAFAEL URIBE URIBE,muestra_sintetica
4.581664885091442,-74.10780775836915,18,RAFAEL URIBE URIBE,muestra_sintetica
4.5779590094768245,-74.114222742496,18,RAFAEL URIBE URIBE,muestra_sintetica
4.58323419347551,-74.11368523325837,18,RAFAEL URIBE URIBE,muestra_sintetica
4.585064248146017,-74.11510313744672,18,RAFAEL URIBE URIBE,muestra_sintetica
4.580520320258768,-74.11113495236465,18,RAFAEL URIBE URIBE,muestra_sintetica
4.58367725179492,-74.11571723673607,18,RAFAEL URIBE URIBE,muestra_sintetica
4.5800043508570045,-74.10717841711804,18,RAFAEL URIBE URIBE,muestra_sintetica
4.582778895490614,-74.11698362929368,18,RAFAEL URIBE URIBE,muestra_sintetica
4.594161347944595,-74.1092166755571,18,RAFAEL URIBE URIBE,muestra_sintetica
4.576659237310174,-74.1174449055088,18,RAFAEL URIBE URIBE,muestra_sintetica
4.58108011175206,-74.11617755216592,18,RAFAEL URIBE URIBE,muestra_sintetica
4.586639919365799,-74.10693243976168,18,RAFAEL URIBE URIBE,muestra_sintetica
4.593700943259417,-74.10867314781854,18,RAFAEL URIBE URIBE,muestra_sintetica
4.577834832562589,-74.11503525926848,18,RAFAEL URIBE URIBE,muestra_sintetica
4.587810148285873,-74.11733623351847,18,RAFAEL URIBE URIBE,muestra_sintetica
4.582908509102992,-74.1154063058223,18,RAFAEL URIBE URIBE,muestra_sintetica
4.581777668479662,-74.11275586583443,18,RAFAEL URIBE URIBE,muestra_sintetica
4.575565284854924,-74.1107091270612,18,RAFAEL URIBE URIBE,muestra_sintetica
4.58227341882097,-74.1074906593463,18,RAFAEL URIBE URIBE,muestra_sintetica
4.586420688166847,-74.10824395374539,18,RAFAEL URIBE URIBE,muestra_sintetica
4.580711350422873,-74.11968013013725,18,RAFAEL URIBE URIBE,muestra_sintetica
4.590215962431633,-74.11519158192117,18,RAFAEL URIBE URIBE,muestra_sintetica
4.5898587118467935,-74.11339467474058,18,RAFAEL URIBE URIBE,muestra_sintetica
4.585717971471426,-74.10938711060537,18,RAFAEL URIBE URIBE,muestra_sintetica
4.586920071164345,-74.10773700055054,18,RAFAEL URIBE URIBE,muestra_sintetica
4.583696810285445,-74.11210179681383,18,RAFAEL URIBE URIBE,muestra_sintetica
4.587716105793742,-74.10647457717492,18,RAFAEL URIBE URIBE,muestra_sintetica
4.579339512599456,-74.12011212870974,18,RAFAEL URIBE URIBE,muestra_sintetica
4.582059300335108,-74.11332663418077,18,RAFAEL URIBE URIBE,muestra_sintetica
4.5780819113127,-74.10967808877317,18,RAFAEL URIBE URIBE,muestra_sintetica
4.582648594224931,-74.11359848521562,18,RAFAEL URIBE URIBE,muestra_sintetica
4.585450571733633,-74.10918208394494,18,RAFAEL URIBE URIBE,muestra_sintetica
4.584947354400156,-74.11892558669352,18,RAFAEL URIBE URIBE,muestra_sintetica
4.583515353938058,-74.11737654477268,18,RAFAEL URIBE URIBE,muestra_sintetica
4.577701577601399,-74.11024353788898,18,RAFAEL URIBE URIBE,muestra_sintetica
4.586072979589377,-74.1209888952714,18,RAFAEL URIBE URIBE,muestra_sintetica
4.588070647306989,-74.12159442608443,18,RAFAEL URIBE URIBE,muestra_sintetica
4.580411788008836,-74.11794548277598,18,RAFAEL URIBE URIBE,muestra_sintetica
4.585746810436894,-74.1150638224827,18,RAFAEL URIBE URIBE,muestra_sintetica
4.581509922453506,-74.11779902953576,18,RAFAEL URIBE URIBE,muestra_sintetica
4.589481104851742,-74.1032193121438,18,RAFAEL URIBE URIBE,muestra_sintetica
4.578273145321667,-74.10593466451793,18,RAFAEL URIBE URIBE,muestra_sintetica
4.585130536722145,-74.11856856117276,18,RAFAEL URIBE URIBE,muestra_sintetica
4.582968709721026,-74.11049597555272,18,RAFAEL URIBE URIBE,muestra_sintetica
4.593893621190374,-74.11553839536023,18,RAFAEL URIBE URIBE,muestra_sintetica
4.5841213399763285,-74.10794609343242,18,RAFAEL URIBE URIBE,muestra_sintetica
4.586544971962316,-74.11376931771476,18,RAFAEL URIBE URIBE,muestra_sintetica
4.581369089248272,-74.1120668912803,18,RAFAEL URIBE URIBE,muestra_sintetica
4.576362459281153,-74.11360045461757,18,RAFAEL URIBE URIBE,muestra_sintetica
4.581629050337023,-74.11503281049264,18,RAFAEL URIBE URIBE,muestra_sintetica
4.585297504327275,-74.11504270088949,18,RAFAEL URIBE URIBE,muestra_sintetica
4.582066683859338,-74.11031878319517,18,RAFAEL URIBE URIBE,muestra_sintetica
4.581985514168356,-74.11904107556556,18,RAFAEL URIBE URIBE,muestra_sintetica
4.578292258369338,-74.11783885050254,18,RAFAEL URIBE URIBE,muestra_sintetica
4.593002233799766,-74.11119916879164,18,RAFAEL URIBE URIBE,muestra_sintetica
4.5835678992785525,-74.11479168020392,18,RAFAEL URIBE URIBE,muestra_sintetica
4.587023526355471,-74.1134986610233,18,RAFAEL URIBE URIBE,muestra_sintetica
4.5821509878129385,-74.10442714367355,18,RAFAEL URIBE URIBE,muestra_sintetica
4.591223699724446,-74.11209188735788,18,RAFAEL URIBE URIBE,muestra_sintetica
4.5790054186372,-74.1154589708643,18,RAFAEL URIBE URIBE,muestra_sintetica
4.574937059771354,-74.11332424488435,18,RAFAEL URIBE URIBE,muestra_sintetica
4.5820010482805325,-74.11107332170239,18,RAFAEL URIBE URIBE,muestra_sintetica
4.587516720362086,-74.11716267620244,18,RAFAEL URIBE URIBE,muestra_sintetica
4.579758294509728,-74.11115648711603,18,RAFAEL URIBE URIBE,muestra_sintetica
4.5870499576660295,-74.11081143482795,18,RAFAEL URIBE URIBE,muestra_sintetica
4.573232445859529,-74.11399445305328,18,RAFAEL URIBE URIBE,muestra_sintetica
4.58113730693822,-74.12076163447388,18,RAFAEL URIBE URIBE,muestra_sintetica
4.581468602355742,-74.1100929764201,18,RAFAEL URIBE URIBE,muestra_sintetica
4.587481938888017,-74.11023298447532,18,RAFAEL URIBE URIBE,muestra_sintetica
4.583707922233388,-74.11130062057454,18,RAFAEL URIBE URIBE,muestra_sintetica
4.587449670108024,-74.11013375045637,18,RAFAEL URIBE URIBE,muestra_sintetica
4.586277722069888,-74.1100055027144,18,RAFAEL URIBE URIBE,muestra_sintetica
4.58607572054588,-74.11299657233762,18,RAFAEL URIBE URIBE,muestra_sintetica
4.575220224987661,-74.11278879087142,18,RAFAEL URIBE URIBE,muestra_sintetica
4.579266561613465,-74.11200553922504,18,RAFAEL URIBE URIBE,muestra_sintetica
4.5838601969317665,-74.11436926883248,18,RAFAEL URIBE URIBE,muestra_sintetica
4.573642452131946,-74.11094575720938,18,RAFAEL URIBE URIBE,muestra_sintetica
4.583949518895177,-74.11219555134689,18,RAFAEL URIBE URIBE,muestra_sintetica
4.576544234451785,-74.11286674138013,18,RAFAEL URIBE URIBE,muestra_sintetica
4.588217258384647,-74.11747397460755,18,RAFAEL URIBE URIBE,muestra_sintetica
4.582497608960785,-74.11351346437098,18,RAFAEL URIBE URIBE,muestra_sintetica
4.582158103353669,-74.11129673387376,18,RAFAEL URIBE URIBE,muestra_sintetica
4.585467150610109,-74.11544421381677,18,RAFAEL URIBE URIBE,muestra_sintetica
4.57794090938195,-74.11078318605213,18,RAFAEL URIBE URIBE,muestra_sintetica
4.588192430011882,-74.115436328736,18,RAFAEL URIBE URIBE,muestra_sintetica
4.583739320640702,-74.11347040385267,18,RAFAEL URIBE URIBE,muestra_sintetica
4.580068812403784,-74.10771994228891,18,RAFAEL URIBE URIBE,muestra_sintetica
4.574685065523342,-74.10911399376442,18,RAFAEL URIBE URIBE,muestra_sintetica
4.57987731675874,-74.11835344027128,18,RAFAEL URIBE URIBE,muestra_sintetica
4.581312405210814,-74.11843764219714,18,RAFAEL URIBE URIBE,muestra_sintetica
4.581510703153283,-74.1102494507175,18,RAFAEL URIBE URIBE,muestra_sintetica
4.582694518726714,-74.11097207932394,18,RAFAEL URIBE URIBE,muestra_sintetica
4.580281069534206,-74.11337070346494,18,RAFAEL URIBE URIBE,muestra_sintetica
4.579857642413075,-74.11168457500392,18,RAFAEL URIBE URIBE,muestra_sintetica
4.579369701170534,-74.11194449909712,18,RAFAEL URIBE URIBE,muestra_sintetica
4.584695901981462,-74.11833419767974,18,RAFAEL URIBE URIBE,muestra_sintetica
4.581725693983163,-74.10818379635299,18,RAFAEL URIBE URIBE,muestra_sintetica
4.586653837876943,-74.11129084010324,18,RAFAEL URIBE URIBE,muestra_sintetica
4.58610169421028,-74.11566723688375,18,RAFAEL URIBE URIBE,muestra_sintetica
4.585546341283879,-74.11506879068128,18,RAFAEL URIBE URIBE,muestra_sintetica
4.577520717654033,-74.10585634830416,18,RAFAEL URIBE URIBE,muestra_sintetica
4.586296246681199,-74.10715065272196,18,RAFAEL URIBE URIBE,muestra_sintetica
4.576266005220227,-74.11381316670887,18,RAFAEL URIBE URIBE,muestra_sintetica
4.58341058036593,-74.11083126424299,18,RAFAEL URIBE URIBE,muestra_sintetica
4.584344955480422,-74.1107928822831,18,RAFAEL URIBE URIBE,muestra_sintetica
4.5830474398426855,-74.11767557767968,18,RAFAEL URIBE URIBE,muestra_sintetica
4.589288038664804,-74.11015658484745,18,RAFAEL URIBE URIBE,muestra_sintetica
4.581765411661034,-74.11902103920792,18,RAFAEL URIBE URIBE,muestra_sintetica
4.581406194183098,-74.11152243293469,18,RAFAEL URIBE URIBE,muestra_sintetica
4.584438129879018,-74.10436975944373,18,RAFAEL URIBE URIBE,muestra_sintetica
4.588151571610667,-74.11575009694135,18,RAFAEL URIBE URIBE,muestra_sintetica
4.580296256287428,-74.11519247044677,18,RAFAEL URIBE URIBE,muestra_sintetica
4.576436612311628,-74.11906641756914,18,RAFAEL URIBE URIBE,muestra_sintetica
4.586220747180064,-74.1130988102439,18,RAFAEL URIBE URIBE,muestra_sintetica
4.582216314954243,-74.11654275904841,18,RAFAEL URIBE URIBE,muestra_sintetica
4.5820535275765115,-74.1115430603751,18,RAFAEL URIBE URIBE,muestra_sintetica
4.5834549741045905,-74.11245797232421,18,RAFAEL URIBE URIBE,muestra_sintetica
4.585968905850923,-74.10695996600194,18,RAFAEL URIBE URIBE,muestra_sintetica
4.5888125850734065,-74.11716447315912,18,RAFAEL URIBE URIBE,muestra_sintetica
4.581855008768377,-74.10770672675208,18,RAFAEL URIBE URIBE,muestra_sintetica
4.582429970038356,-74.11426086765302,18,RAFAEL URIBE URIBE,muestra_sintetica
4.580981189927547,-74.10240940006614,18,RAFAEL URIBE URIBE,muestra_sintetica
4.577282331790105,-74.11417785425324,18,RAFAEL URIBE URIBE,muestra_sintetica
4.59331184111121,-74.11708425823846,18,RAFAEL URIBE URIBE,muestra_sintetica
4.578942972541602,-74.10855084945585,18,RAFAEL URIBE URIBE,muestra_sintetica
4.5816481829351225,-74.11323360839795,18,RAFAEL URIBE URIBE,muestra_sintetica
4.584055661877016,-74.11563164911976,18,RAFAEL URIBE URIBE,muestra_sintetica
4.586575546863031,-74.11266142586834,18,RAFAEL URIBE URIBE,muestra_sintetica
4.572203099827891,-74.11680592804561,18,RAFAEL URIBE URIBE,muestra_sintetica
4.571966870576577,-74.11341791723811,18,RAFAEL URIBE URIBE,muestra_sintetica
4.581988989566393,-74.11415835230123,18,RAFAEL URIBE URIBE,muestra_sintetica
4.582057702111038,-74.11045669797512,18,RAFAEL URIBE URIBE,muestra_sintetica
4.5866469973064,-74.11648753973928,18,RAFAEL URIBE URIBE,muestra_sintetica
4.589059116055309,-74.11164215954906,18,RAFAEL URIBE URIBE,muestra_sintetica
4.5831135067804345,-74.09943219247472,18,RAFAEL URIBE URIBE,muestra_sintetica
4.588286814028543,-74.1159565765477,18,RAFAEL URIBE URIBE,muestra_sintetica
4.585446541581429,-74.1134235249136,18,RAFAEL URIBE URIBE,muestra_sintetica
4.586439353139545,-74.10818329093914,18,RAFAEL URIBE URIBE,muestra_sintetica
4.583263011848606,-74.11320333890224,18,RAFAEL URIBE URIBE,muestra_sintetica
4.583309852221098,-74.11510394409753,18,RAFAEL URIBE URIBE,muestra_sintetica
4.58759358855693,-74.1101069812115,18,RAFAEL URIBE URIBE,muestra_sintetica
4.586607564259756,-74.11399247950939,18,RAFAEL URIBE URIBE,muestra_sintetica
4.574554559466698,-74.11360532553722,18,RAFAEL URIBE URIBE,muestra_sintetica
4.578236152200145,-74.11713234039173,18,RAFAEL URIBE URIBE,muestra_sintetica
4.585761898403771,-74.10838126870196,18,RAFAEL URIBE URIBE,muestra_sintetica
4.588901430056985,-74.11199749695379,18,RAFAEL URIBE URIBE,muestra_sintetica
4.579752263868869,-74.10989708430078,18,RAFAEL URIBE URIBE,muestra_sintetica
4.582808479226305,-74.1155335887925,18,RAFAEL URIBE URIBE,muestra_sintetica
4.577628706811112,-74.10911346524331,18,RAFAEL URIBE URIBE,muestra_sintetica
4.583350128064301,-74.11780060581991,18,RAFAEL URIBE URIBE,muestra_sintetica
4.585366191031909,-74.10973628379696,18,RAFAEL URIBE URIBE,muestra_sintetica
4.58460747819428,-74.1082797555502,18,RAFAEL URIBE URIBE,muestra_sintetica
4.579878078496599,-74.11484638301195,18,RAFAEL URIBE URIBE,muestra_sintetica
4.5817646058345165,-74.108532053705,18,RAFAEL URIBE URIBE,muestra_sintetica
4.5847468108268075,-74.1090535067603,18,RAFAEL URIBE URIBE,muestra_sintetica
4.590806179487042,-74.10965114688321,18,RAFAEL URIBE URIBE,muestra_sintetica
4.577979930762419,-74.11440344961918,18,RAFAEL URIBE URIBE,muestra_sintetica
4.579517468606594,-74.11135463945364,18,RAFAEL URIBE URIBE,muestra_sintetica
4.585608110211574,-74.11887998006601,18,RAFAEL URIBE URIBE,muestra_sintetica
4.591733118275941,-74.11157969453639,18,RAFAEL URIBE URIBE,muestra_sintetica
4.5787988665648225,-74.11373986440346,18,RAFAEL URIBE URIBE,muestra_sintetica
4.581321094653441,-74.11258395507885,18,RAFAEL URIBE URIBE,muestra_sintetica
4.58593932756403,-74.10993193428045,18,RAFAEL URIBE URIBE,muestra_sintetica
4.588969838818134,-74.11365235368973,18,RAFAEL URIBE URIBE,muestra_sintetica
4.581765684899016,-74.1151024892292,18,RAFAEL URIBE URIBE,muestra_sintetica
4.59395485041833,-74.11777663120662,18,RAFAEL URIBE URIBE,muestra_sintetica
4.5854999879063705,-74.10865190403511,18,RAFAEL URIBE URIBE,muestra_sintetica
4.581430082834443,-74.11653056222929,18,RAFAEL URIBE URIBE,muestra_sintetica
4.583241212405608,-74.11487220780111,18,RAFAEL URIBE URIBE,muestra_sintetica
4.571356356347384,-74.10659697398188,18,RAFAEL URIBE URIBE,muestra_sintetica
4.583328430345452,-74.11208990636855,18,RAFAEL URIBE URIBE,muestra_sintetica
4.580727389080364,-74.11139002222824,18,RAFAEL URIBE URIBE,muestra_sintetica
4.578316841711368,-74.10496049525555,18,RAFAEL URIBE URIBE,muestra_sintetica
4.5797091340564835,-74.11504434431407,18,RAFAEL URIBE URIBE,muestra_sintetica
4.581930235231681,-74.11626067175935,18,RAFAEL URIBE URIBE,muestra_sintetica
4.591218272981372,-74.11494084456878,18,RAFAEL URIBE URIBE,muestra_sintetica
4.583615839417677,-74.10504699697606,18,RAFAEL URIBE URIBE,muestra_sintetica
4.583045741440593,-74.11791551230063,18,RAFAEL URIBE URIBE,muestra_sintetica
4.575153713488332,-74.1162708163851,18,RAFAEL URIBE URIBE,muestra_sintetica
4.583717814188015,-74.11635920424865,18,RAFAEL URIBE URIBE,muestra_sintetica
4.580763564494394,-74.11444370376061,18,RAFAEL URIBE URIBE,muestra_sintetica
4.588246229304571,-74.11622355573581,18,RAFAEL URIBE URIBE,muestra_sintetica
4.5855312964383055,-74.10866923265975,18,RAFAEL URIBE URIBE,muestra_sintetica
4.584055916796612,-74.1113350979037,18,RAFAEL URIBE URIBE,muestra_sintetica
4.580576892130492,-74.11913555953966,18,RAFAEL URIBE URIBE,muestra_sintetica
4.576228260887487,-74.1036252699834,18,RAFAEL URIBE URIBE,muestra_sintetica
4.584195764559387,-74.11551025603768,18,RAFAEL URIBE URIBE,muestra_sintetica
4.58259402373386,-74.1112878586576,18,RAFAEL URIBE URIBE,muestra_sintetica
4.584335436104291,-74.10711966893264,18,RAFAEL URIBE URIBE,muestra_sintetica
4.5851447457128245,-74.10353485567144,18,RAFAEL URIBE URIBE,muestra_sintetica
4.5893285224421145,-74.11733173189033,18,RAFAEL URIBE URIBE,muestra_sintetica
4.58701533958612,-74.11128445447544,18,RAFAEL URIBE URIBE,muestra_sintetica
4.582822848437887,-74.11634579954428,18,RAFAEL URIBE URIBE,muestra_sintetica
4.586877608446772,-74.11313270108313,18,RAFAEL URIBE URIBE,muestra_sintetica
4.589708851444257,-74.11278566378333,18,RAFAEL URIBE URIBE,muestra_sintetica
4.582196003897014,-74.11403360062259,18,RAFAEL URIBE URIBE,muestra_sintetica
4.580507796574154,-74.11704141167901,18,RAFAEL URIBE URIBE,muestra_sintetica
4.575681050563675,-74.11527629223914,18,RAFAEL URIBE URIBE,muestra_sintetica
4.581533614304151,-74.11457996067675,18,RAFAEL URIBE URIBE,muestra_sintetica
4.5851283117158586,-74.10711985147778,18,RAFAEL URIBE URIBE,muestra_sintetica
4.588650059789293,-74.10503207384976,18,RAFAEL URIBE URIBE,muestra_sintetica
4.586112261475045,-74.1153703008811,18,RAFAEL URIBE URIBE,muestra_sintetica
4.5797758373819315,-74.11112032788196,18,RAFAEL URIBE URIBE,muestra_sintetica
4.5830289225460845,-74.1076578841345,18,RAFAEL URIBE URIBE,muestra_sintetica
4.587427335144119,-74.10957334149228,18,RAFAEL URIBE URIBE,muestra_sintetica
4.585146176659341,-74.12272719716206,18,RAFAEL URIBE URIBE,muestra_sintetica
4.585484066111496,-74.1148996221349,18,RAFAEL URIBE URIBE,muestra_sintetica
4.586825889139568,-74.12100893888729,18,RAFAEL URIBE URIBE,muestra_sintetica
4.578089750302034,-74.11558422430755,18,RAFAEL URIBE URIBE,muestra_sintetica
4.593138094434263,-74.12426745469277,18,RAFAEL URIBE URIBE,muestra_sintetica
4.5839775202560435,-74.12079335409999,18,RAFAEL URIBE URIBE,muestra_sintetica
4.584984059153113,-74.1211998525052,18,RAFAEL URIBE URIBE,muestra_sintetica
4.58521136573109,-74.11271395760936,18,RAFAEL URIBE URIBE,muestra_sintetica
4.592612346838047,-74.10634343928729,18,RAFAEL URIBE URIBE,muestra_sintetica
4.58230492706426,-74.10795213754525,18,RAFAEL URIBE URIBE,muestra_sintetica
4.5851800440369175,-74.10715312001695,18,RAFAEL URIBE URIBE,muestra_sintetica
4.580458988971679,-74.11907230787608,18,RAFAEL URIBE URIBE,muestra_sintetica
4.580720417766341,-74.11522249222926,18,RAFAEL URIBE URIBE,muestra_sintetica
4.585324531956653,-74.10915059162424,18,RAFAEL URIBE URIBE,muestra_sintetica
4.587742637400299,-74.11562130246234,18,RAFAEL URIBE URIBE,muestra_sintetica
4.580270837043192,-74.1156691415473,18,RAFAEL URIBE URIBE,muestra_sintetica
4.593150876211214,-74.11379785465071,18,RAFAEL URIBE URIBE,muestra_sintetica
4.590818554476493,-74.11122721931403,18,RAFAEL URIBE URIBE,muestra_sintetica
4.57848371593081,-74.11831657882291,18,RAFAEL URIBE URIBE,muestra_sintetica
4.583061760215748,-74.11003041323198,18,RAFAEL URIBE URIBE,muestra_sintetica
4.58528043812683,-74.12730016870883,18,RAFAEL URIBE URIBE,muestra_sintetica
4.579314497169072,-74.11330787154628,18,RAFAEL URIBE URIBE,muestra_sintetica
4.583610353746456,-74.10469906802544,18,RAFAEL URIBE URIBE,muestra_sintetica
4.5792396574076495,-74.11309215921916,18,RAFAEL URIBE URIBE,muestra_sintetica
4.580736555783902,-74.12119598327851,18,RAFAEL URIBE URIBE,muestra_sintetica
4.578864682189762,-74.12147815614483,18,RAFAEL URIBE URIBE,muestra_sintetica
4.584822365556355,-74.1113969965788,18,RAFAEL URIBE URIBE,muestra_sintetica
4.584386424110463,-74.10993145642692,18,RAFAEL URIBE URIBE,muestra_sintetica
4.5806892993871795,-74.104722504547,18,RAFAEL URIBE URIBE,muestra_sintetica
4.5786996211452795,-74.11604188513135,18,RAFAEL URIBE URIBE,muestra_sintetica
4.670487214471014,-74.15268447504012,09,FONTIBÓN,muestra_sintetica
4.677547661928727,-74.1430565980953,09,FONTIBÓN,muestra_sintetica
4.673569352742299,-74.15191283320308,09,FONTIBÓN,muestra_sintetica
4.677092866694805,-74.13267614089929,09,FONTIBÓN,muestra_sintetica
4.677298570814791,-74.14953640055317,09,FONTIBÓN,muestra_sintetica
4.671329216040185,-74.14121756405386,09,FONTIBÓN,muestra_sintetica
4.66866485329908,-74.14414006909611,09,FONTIBÓN,muestra_sintetica
4.684914244736603,-74.14641705535426,09,FONTIBÓN,muestra_sintetica
4.672289665152492,-74.14167879725734,09,FONTIBÓN,muestra_sintetica
4.672975879909531,-74.1428937813877,09,FONTIBÓN,muestra_sintetica
4.670211529510327,-74.15011478999047,09,FONTIBÓN,muestra_sintetica
4.68100696027786,-74.14198977559543,09,FONTIBÓN,muestra_sintetica
4.674843392755978,-74.13336937803254,09,FONTIBÓN,muestra_sintetica
4.6758480528271535,-74.14101489446836,09,FONTIBÓN,muestra_sintetica
4.679647151010683,-74.14256164379995,09,FONTIBÓN,muestra_sintetica
4.6681096367426225,-74.13991245330526,09,FONTIBÓN,muestra_sintetica
4.6825456044406275,-74.1449233860363,09,FONTIBÓN,muestra_sintetica
4.6789357412683215,-74.14334824653362,09,FONTIBÓN,muestra_sintetica
4.676579917051242,-74.14351745958378,09,FONTIBÓN,muestra_sintetica
4.672071078351471,-74.14829892956341,09,FONTIBÓN,muestra_sintetica
4.668953925144688,-74.14571006267673,09,FONTIBÓN,muestra_sintetica
4.672405266877293,-74.14978281422569,09,FONTIBÓN,muestra_sintetica
4.676455664833907,-74.14634540058371,09,FONTIBÓN,muestra_sintetica
4.678625306925966,-74.14230802933201,09,FONTIBÓN,muestra_sintetica
4.6762937215454485,-74.1459116197483,09,FONTIBÓN,muestra_sintetica
4.678377063057269,-74.13435641412957,09,FONTIBÓN,muestra_sintetica
4.6790330454919795,-74.14079680208663,09,FONTIBÓN,muestra_sintetica
4.680599168565657,-74.13727112191334,09,FONTIBÓN,muestra_sintetica
4.676973006289305,-74.1382402456636,09,FONTIBÓN,muestra_sintetica
4.671732192800134,-74.14187601291843,09,FONTIBÓN,muestra_sintetica
4.674500940526009,-74.14194493254227,09,FONTIBÓN,muestra_sintetica
4.667611308348993,-74.14884221666921,09,FONTIBÓN,muestra_sintetica
4.667075223679783,-74.14383005267437,09,FONTIBÓN,muestra_sintetica
4.674813393516221,-74.1488455113117,09,FONTIBÓN,muestra_sintetica
4.679136635991381,-74.14169959992088,09,FONTIBÓN,muestra_sintetica
4.6753393556681635,-74.14165577293316,09,FONTIBÓN,muestra_sintetica
4.683948177350455,-74.15308848425332,09,FONTIBÓN,muestra_sintetica
4.672310322570234,-74.14214871115114,09,FONTIBÓN,muestra_sintetica
4.679315593609282,-74.13644489114502,09,FONTIBÓN,muestra_sintetica
4.675040505586112,-74.14198115189318,09,FONTIBÓN,muestra_sintetica
4.6803551224414575,-74.14083917605757,09,FONTIBÓN,muestra_sintetica
4.668996613668597,-74.14921201163747,09,FONTIBÓN,muestra_sintetica
4.673487144529766,-74.14759451401521,09,FONTIBÓN,muestra_sintetica
4.6813237386263475,-74.1408989817417,09,FONTIBÓN,muestra_sintetica
4.668653732600441,-74.14704690418533,09,FONTIBÓN,muestra_sintetica
4.676469393812539,-74.14688486727898,09,FONTIBÓN,muestra_sintetica
4.677204480482619,-74.14491903621271,09,FONTIBÓN,muestra_sintetica
4.670166337929142,-74.15190132643345,09,FONTIBÓN,muestra_sintetica
4.673322533927482,-74.14466999038147,09,FONTIBÓN,muestra_sintetica
4.678854084363534,-74.14887166739334,09,FONTIBÓN,muestra_sintetica
4.674184237629224,-74.13781283394415,09,FONTIBÓN,muestra_sintetica
4.677722691150239,-74.14385671714028,09,FONTIBÓN,muestra_sintetica
4.671576707590147,-74.1440576023573,09,FONTIBÓN,muestra_sintetica
4.676023460438032,-74.14158742420557,09,FONTIBÓN,muestra_sintetica
4.677649510749997,-74.14542181358722,09,FONTIBÓN,muestra_sintetica
4.671850398025384,-74.14224182989375,09,FONTIBÓN,muestra_sintetica
4.672252920801263,-74.14173421403618,09,FONTIBÓN,muestra_sintetica
4.667788168320603,-74.14036955971946,09,FONTIBÓN,muestra_sintetica
4.6740185572563,-74.14375587116231,09,FONTIBÓN,muestra_sintetica
4.66892793069848,-74.14205232962864,09,FONTIBÓN,muestra_sintetica
4.677606099387231,-74.13624821376995,09,FONTIBÓN,muestra_sintetica
4.671823236239492,-74.13027818558807,09,FONTIBÓN,muestra_sintetica
4.67898697231811,-74.1367179069626,09,FONTIBÓN,muestra_sintetica
4.671623778072302,-74.14258459818154,09,FONTIBÓN,muestra_sintetica
4.6726372556802165,-74.1466671331461,09,FONTIBÓN,muestra_sintetica
4.676047533507147,-74.14388209194912,09,FONTIBÓN,muestra_sintetica
4.671389323538207,-74.15343050392302,09,FONTIBÓN,muestra_sintetica
4.6648231897786525,-74.13859340829546,09,FONTIBÓN,muestra_sintetica
4.678773228716588,-74.15146102343026,09,FONTIBÓN,muestra_sintetica
4.673917769515102,-74.15177248382307,09,FONTIBÓN,muestra_sintetica
4.6806616566076436,-74.14037878491162,09,FONTIBÓN,muestra_sintetica
4.6736552218582705,-74.1460988554104,09,FONTIBÓN,muestra_sintetica
4.675370714102766,-74.1507681494946,09,FONTIBÓN,muestra_sintetica
4.668115280117684,-74.14831465188387,09,FONTIBÓN,muestra_sintetica
4.67618546406,-74.14713987259275,09,FONTIBÓN,muestra_sintetica
4.675371474596385,-74.1436070210988,09,FONTIBÓN,muestra_sintetica
4.6816187287548425,-74.14485055972669,09,FONTIBÓN,muestra_sintetica
4.672061393233641,-74.1356680395473,09,FONTIBÓN,muestra_sintetica
4.673637806119253,-74.1358125426514,09,FONTIBÓN,muestra_sintetica
4.674400708025167,-74.14215411360664,09,FONTIBÓN,muestra_sintetica
4.667950842139337,-74.14881772452244,09,FONTIBÓN,muestra_sintetica
4.669606253578174,-74.14976507647093,09,FONTIBÓN,muestra_sintetica
4.675213143259349,-74.15072499374031,09,FONTIBÓN,muestra_sintetica
4.676949679132817,-74.14118900499773,09,FONTIBÓN,muestra_sintetica
4.670990747650234,-74.14545688752615,09,FONTIBÓN,muestra_sintetica
4.666701525914396,-74.14814354138,09,FONTIBÓN,muestra_sintetica
4.671436684273851,-74.14349544129414,09,FONTIBÓN,muestra_sintetica
4.662332350823928,-74.15202709536563,09,FONTIBÓN,muestra_sintetica
4.680411604981271,-74.13577333410106,09,FONTIBÓN,muestra_sintetica
4.675413140740173,-74.13973510003431,09,FONTIBÓN,muestra_sintetica
4.67745463623824,-74.1379946756503,09,FONTIBÓN,muestra_sintetica
4.670432594982683,-74.14561799845131,09,FONTIBÓN,muestra_sintetica
4.6726902644926565,-74.14317562317676,09,FONTIBÓN,muestra_sintetica
4.677826136882552,-74.1485595593983,09,FONTIBÓN,muestra_sintetica
4.672155205958828,-74.1493140060013,09,FONTIBÓN,muestra_sintetica
4.675704016252834,-74.14642433676507,09,FONTIBÓN,muestra_sintetica
4.671499140293662,-74.14489232936127,09,FONTIBÓN,muestra_sintetica
4.671227017178247,-74.14632157566527,09,FONTIBÓN,muestra_sintetica
4.678802315623012,-74.14058503471887,09,FONTIBÓN,muestra_sintetica
4.670291407941243,-74.15851507898316,09,FONTIBÓN,muestra_sintetica
4.674227605968294,-74.14068088942095,09,FONTIBÓN,muestra_sintetica
4.6772229076924745,-74.13890257913131,09,FONTIBÓN,muestra_sintetica
4.67249443014237,-74.14373467110916,09,FONTIBÓN,muestra_sintetica
4.67311979704962,-74.14897249307923,09,FONTIBÓN,muestra_sintetica
4.680392942046293,-74.13502799457582,09,FONTIBÓN,muestra_sintetica
4.678650218396762,-74.14814704212435,09,FONTIBÓN,muestra_sintetica
4.674450100664505,-74.14875003251917,09,FONTIBÓN,muestra_sintetica
4.67231326465422,-74.15695169826606,09,FONTIBÓN,muestra_sintetica
4.671677124165696,-74.1510108227215,09,FONTIBÓN,muestra_sintetica
4.672866827586011,-74.14107320879273,09,FONTIBÓN,muestra_sintetica
4.676036188460519,-74.148974036226,09,FONTIBÓN,muestra_sintetica
4.675452259574944,-74.14412860668,09,FONTIBÓN,muestra_sintetica
4.674406978695946,-74.14307758606283,09,FONTIBÓN,muestra_sintetica
4.679040408119862,-74.14505150020103,09,FONTIBÓN,muestra_sintetica
4.672112678310728,-74.1407483533213,09,FONTIBÓN,muestra_sintetica
4.67350547349923,-74.14508571454196,09,FONTIBÓN,muestra_sintetica
4.67648839895775,-74.14044243062656,09,FONTIBÓN,muestra_sintetica
4.676643310724553,-74.14552498360094,09,FONTIBÓN,muestra_sintetica
4.6763388879787895,-74.13723131898318,09,FONTIBÓN,muestra_sintetica
4.672695796706377,-74.1437100577162,09,FONTIBÓN,muestra_sintetica
4.677386790907355,-74.14403296361539,09,FONTIBÓN,muestra_sintetica
4.6842854871110395,-74.14140965100704,09,FONTIBÓN,muestra_sintetica
4.6746478144907275,-74.1429128013393,09,FONTIBÓN,muestra_sintetica
4.6762767893884245,-74.14083523243293,09,FONTIBÓN,muestra_sintetica
4.6806822121293274,-74.15017001837639,09,FONTIBÓN,muestra_sintetica
4.67360232928834,-74.14880770641484,09,FONTIBÓN,muestra_sintetica
4.669383368319627,-74.14216446627582,09,FONTIBÓN,muestra_sintetica
4.668728274416764,-74.13778472521152,09,FONTIBÓN,muestra_sintetica
4.674687877551129,-74.14052779229446,09,FONTIBÓN,muestra_sintetica
4.675770214627265,-74.14424724043164,09,FONTIBÓN,muestra_sintetica
4.664892528236998,-74.13606008915826,09,FONTIBÓN,muestra_sintetica
4.683650162129592,-74.14730415508089,09,FONTIBÓN,muestra_sintetica
4.672335542022384,-74.14885065142876,09,FONTIBÓN,muestra_sintetica
4.66507261203325,-74.14478765398371,09,FONTIBÓN,muestra_sintetica
4.678509060728721,-74.14869498666272,09,FONTIBÓN,muestra_sintetica
4.66475674263103,-74.14601760448319,09,FONTIBÓN,muestra_sintetica
4.6815010769929675,-74.14204838338175,09,FONTIBÓN,muestra_sintetica
4.6767965690771405,-74.14063396365876,09,FONTIBÓN,muestra_sintetica
4.669257251237656,-74.15151103382618,09,FONTIBÓN,muestra_sintetica
4.674234611576735,-74.13612625667936,09,FONTIBÓN,muestra_sintetica
4.675281682762228,-74.14533240177123,09,FONTIBÓN,muestra_sintetica
4.678776866457364,-74.13914757914394,09,FONTIBÓN,muestra_sintetica
4.673956631476489,-74.13982871720707,09,FONTIBÓN,muestra_sintetica
4.664954966913527,-74.14597250651674,09,FONTIBÓN,muestra_sintetica
4.674600097924047,-74.14433258325141,09,FONTIBÓN,muestra_sintetica
4.668474132902685,-74.15109492081423,09,FONTIBÓN,muestra_sintetica
4.674611941459164,-74.14748602737413,09,FONTIBÓN,muestra_sintetica
4.6683738038782945,-74.14384991256127,09,FONTIBÓN,muestra_sintetica
4.671271354643796,-74.13734923723867,09,FONTIBÓN,muestra_sintetica
4.6755845420874005,-74.14411930889267,09,FONTIBÓN,muestra_sintetica
4.672974218052307,-74.14516692071054,09,FONTIBÓN,muestra_sintetica
4.671036340835117,-74.1432174477979,09,FONTIBÓN,muestra_sintetica
4.67459466849744,-74.14733368121414,09,FONTIBÓN,muestra_sintetica
4.674195003125931,-74.14168576317553,09,FONTIBÓN,muestra_sintetica
4.67517724287394,-74.13969032102162,09,FONTIBÓN,muestra_sintetica
4.676961167812111,-74.13826897387952,09,FONTIBÓN,muestra_sintetica
4.671447638074253,-74.14784516288506,09,FONTIBÓN,muestra_sintetica
4.680125042723801,-74.13391822874674,09,FONTIBÓN,muestra_sintetica
4.669643585625413,-74.14696168098308,09,FONTIBÓN,muestra_sintetica
4.676514279664885,-74.15396165020857,09,FONTIBÓN,muestra_sintetica
4.679110390231626,-74.14183964469723,09,FONTIBÓN,muestra_sintetica
4.678118173852291,-74.14357103888074,09,FONTIBÓN,muestra_sintetica
4.672694282071915,-74.1404891592168,09,FONTIBÓN,muestra_sintetica
4.673732535992389,-74.13999866888189,09,FONTIBÓN,muestra_sintetica
4.669436884760654,-74.15076392168108,09,FONTIBÓN,muestra_sintetica
4.669842122832732,-74.14354815671297,09,FONTIBÓN,muestra_sintetica
4.667588871972688,-74.14222170659599,09,FONTIBÓN,muestra_sintetica
4.673151457637633,-74.13692778581358,09,FONTIBÓN,muestra_sintetica
4.681060026557371,-74.14105824025626,09,FONTIBÓN,muestra_sintetica
4.668641418352315,-74.14399703532263,09,FONTIBÓN,muestra_sintetica
4.665053864591812,-74.14061943474846,09,FONTIBÓN,muestra_sintetica
4.6669259490398165,-74.14694419298127,09,FONTIBÓN,muestra_sintetica
4.671503356804532,-74.14360280410672,09,FONTIBÓN,muestra_sintetica
4.673163784772626,-74.14445062948771,09,FONTIBÓN,muestra_sintetica
4.681331498687073,-74.1434556473088,09,FONTIBÓN,muestra_sintetica
4.665374994318152,-74.14937223150393,09,FONTIBÓN,muestra_sintetica
4.675734953366576,-74.14556061579589,09,FONTIBÓN,muestra_sintetica
4.677958799304333,-74.1472605607751,09,FONTIBÓN,muestra_sintetica
4.672126388054962,-74.14115156710709,09,FONTIBÓN,muestra_sintetica
4.672383108570189,-74.14142584761707,09,FONTIBÓN,muestra_sintetica
4.67387113211456,-74.14479667209876,09,FONTIBÓN,muestra_sintetica
4.673560338522042,-74.14728213172984,09,FONTIBÓN,muestra_sintetica
4.672363243787871,-74.14778242314401,09,FONTIBÓN,muestra_sintetica
4.6732720606038125,-74.14806889077691,09,FONTIBÓN,muestra_sintetica
4.667824339567717,-74.15686050433888,09,FONTIBÓN,muestra_sintetica
4.676715653095887,-74.13929921093873,09,FONTIBÓN,muestra_sintetica
4.671437620506429,-74.14321454008832,09,FONTIBÓN,muestra_sintetica
4.673465679571595,-74.13846467860652,09,FONTIBÓN,muestra_sintetica
4.673428658178834,-74.140041855682,09,FONTIBÓN,muestra_sintetica
4.67489712693783,-74.14805273460854,09,FONTIBÓN,muestra_sintetica
4.667939283138451,-74.14118557559955,09,FONTIBÓN,muestra_sintetica
4.672387023823773,-74.1475827883872,09,FONTIBÓN,muestra_sintetica
4.667221181447535,-74.1450529170738,09,FONTIBÓN,muestra_sintetica
4.671428626811889,-74.14360927868206,09,FONTIBÓN,muestra_sintetica
4.669856855712236,-74.14182065619052,09,FONTIBÓN,muestra_sintetica
4.677830140605703,-74.14433482658963,09,FONTIBÓN,muestra_sintetica
4.672609519480498,-74.15230099644627,09,FONTIBÓN,muestra_sintetica
4.675615490623722,-74.141952732042,09,FONTIBÓN,muestra_sintetica
4.670778417975165,-74.137794436236,09,FONTIBÓN,muestra_sintetica
4.665021560623703,-74.14062731775331,09,FONTIBÓN,muestra_sintetica
4.66786453062596,-74.13852861622185,09,FONTIBÓN,muestra_sintetica
4.676576050676304,-74.14392109832357,09,FONTIBÓN,muestra_sintetica
4.6791334344821385,-74.14087299312074,09,FONTIBÓN,muestra_sintetica
4.677058528529727,-74.13671002655579,09,FONTIBÓN,muestra_sintetica
4.6753014269567945,-74.14585724584406,09,FONTIBÓN,muestra_sintetica
4.675142444156142,-74.1454775576451,09,FONTIBÓN,muestra_sintetica
4.673747369366875,-74.14776176268018,09,FONTIBÓN,muestra_sintetica
4.676382095418318,-74.1420897353413,09,FONTIBÓN,muestra_sintetica
4.674522185151525,-74.15001913656634,09,FONTIBÓN,muestra_sintetica
4.6884277184108445,-74.14093897051201,09,FONTIBÓN,muestra_sintetica
4.680229523272472,-74.1472132351343,09,FONTIBÓN,muestra_sintetica
4.672409909980433,-74.14826000138125,09,FONTIBÓN,muestra_sintetica
4.672651461389091,-74.14304076293097,09,FONTIBÓN,muestra_sintetica
4.678782176649154,-74.14294015943996,09,FONTIBÓN,muestra_sintetica
4.674677233150401,-74.14467432419796,09,FONTIBÓN,muestra_sintetica
4.675662351432641,-74.13663056410013,09,FONTIBÓN,muestra_sintetica
4.683497382957274,-74.14366525404084,09,FONTIBÓN,muestra_sintetica
4.679272297510363,-74.14323420075208,09,FONTIBÓN,muestra_sintetica
4.672926754290437,-74.14023371462464,09,FONTIBÓN,muestra_sintetica
4.678285364256997,-74.14040441002852,09,FONTIBÓN,muestra_sintetica
4.677192677122665,-74.14432085068711,09,FONTIBÓN,muestra_sintetica
4.674513972955301,-74.1513986552646,09,FONTIBÓN,muestra_sintetica
4.676000959442696,-74.13784457031414,09,FONTIBÓN,muestra_sintetica
4.679507769734032,-74.14518820147852,09,FONTIBÓN,muestra_sintetica
4.669943170424548,-74.14513020917792,09,FONTIBÓN,muestra_sintetica
4.6810532913426455,-74.1463395082238,09,FONTIBÓN,muestra_sintetica
4.682045107672524,-74.13706861978561,09,FONTIBÓN,muestra_sintetica
4.667506268734626,-74.1455654221796,09,FONTIBÓN,muestra_sintetica
4.676925928915723,-74.14448409911394,09,FONTIBÓN,muestra_sintetica
4.667869537805424,-74.14003785772721,09,FONTIBÓN,muestra_sintetica
4.674329331933388,-74.13610779647787,09,FONTIBÓN,muestra_sintetica
4.675428473333742,-74.15192370620524,09,FONTIBÓN,muestra_sintetica
4.61841450880016,-74.11686726134424,16,PUENTE ARANDA,muestra_sintetica
4.62069770462784,-74.1092679873315,16,PUENTE ARANDA,muestra_sintetica
4.623092797421229,-74.11588690034482,16,PUENTE ARANDA,muestra_sintetica
4.624001886145162,-74.12168407369622,16,PUENTE ARANDA,muestra_sintetica
4.614393039184195,-74.11379791119411,16,PUENTE ARANDA,muestra_sintetica
4.624847415600287,-74.11711997955268,16,PUENTE ARANDA,muestra_sintetica
4.617460788974502,-74.11224774616433,16,PUENTE ARANDA,muestra_sintetica
4.620068641500955,-74.12103123432561,16,PUENTE ARANDA,muestra_sintetica
4.621801912347934,-74.1119366118339,16,PUENTE ARANDA,muestra_sintetica
4.616060790026645,-74.10818784932076,16,PUENTE ARANDA,muestra_sintetica
4.6213908144523295,-74.11542611714965,16,PUENTE ARANDA,muestra_sintetica
4.6245992610728734,-74.1090005014351,16,PUENTE ARANDA,muestra_sintetica
4.614810552864653,-74.11913279260196,16,PUENTE ARANDA,muestra_sintetica
4.609709412378876,-74.11443565889925,16,PUENTE ARANDA,muestra_sintetica
4.61357814318337,-74.11863060760551,16,PUENTE ARANDA,muestra_sintetica
4.630988557773181,-74.11434800138488,16,PUENTE ARANDA,muestra_sintetica
4.617381114612164,-74.1131234769275,16,PUENTE ARANDA,muestra_sintetica
4.6226312008456825,-74.11667868839704,16,PUENTE ARANDA,muestra_sintetica
4.6167390347258,-74.11474439456393,16,PUENTE ARANDA,muestra_sintetica
4.615742848010508,-74.11435523041146,16,PUENTE ARANDA,muestra_sintetica
4.61677366229257,-74.11297984781935,16,PUENTE ARANDA,muestra_sintetica
4.619358346026651,-74.11761941665314,16,PUENTE ARANDA,muestra_sintetica
4.6228461223712305,-74.12256381309682,16,PUENTE ARANDA,muestra_sintetica
4.6267891328957385,-74.11167113584554,16,PUENTE ARANDA,muestra_sintetica
4.616732663517185,-74.1122983750402,16,PUENTE ARANDA,muestra_sintetica
4.621405719344658,-74.11854161513897,16,PUENTE ARANDA,muestra_sintetica
4.616176399182433,-74.11650619815242,16,PUENTE ARANDA,muestra_sintetica
4.616709675423774,-74.10931505019286,16,PUENTE ARANDA,muestra_sintetica
4.614548175026914,-74.11192946262008,16,PUENTE ARANDA,muestra_sintetica
4.62203498839862,-74.12265233689389,16,PUENTE ARANDA,muestra_sintetica
4.6184782300489395,-74.12071190019381,16,PUENTE ARANDA,muestra_sintetica
4.619389363835738,-74.11602663223086,16,PUENTE ARANDA,muestra_sintetica
4.624669006059719,-74.11253239727576,16,PUENTE ARANDA,muestra_sintetica
4.622388782193413,-74.1107675620079,16,PUENTE ARANDA,muestra_sintetica
4.626563664439467,-74.11749516349305,16,PUENTE ARANDA,muestra_sintetica
4.61284000647022,-74.1178482214289,16,PUENTE ARANDA,muestra_sintetica
4.619983048128998,-74.12108256926804,16,PUENTE ARANDA,muestra_sintetica
4.6236274657680925,-74.11582063620503,16,PUENTE ARANDA,muestra_sintetica
4.625492427115773,-74.11509080589859,16,PUENTE ARANDA,muestra_sintetica
4.617563765719094,-74.10778137452402,16,PUENTE ARANDA,muestra_sintetica
4.61636849068338,-74.11747920982909,16,PUENTE ARANDA,muestra_sintetica
4.619714454751534,-74.1205134124242,16,PUENTE ARANDA,muestra_sintetica
4.610705549918689,-74.11427473797966,16,PUENTE ARANDA,muestra_sintetica
4.618825131760036,-74.10492660893975,16,PUENTE ARANDA,muestra_sintetica
4.620340243371744,-74.1131123983259,16,PUENTE ARANDA,muestra_sintetica
4.619262715022179,-74.11574868384278,16,PUENTE ARANDA,muestra_sintetica
4.620489486514752,-74.10946557735306,16,PUENTE ARANDA,muestra_sintetica
4.620219073759709,-74.11994144052564,16,PUENTE ARANDA,muestra_sintetica
4.613412041598734,-74.1073140340396,16,PUENTE ARANDA,muestra_sintetica
4.623200383016249,-74.11584558830697,16,PUENTE ARANDA,muestra_sintetica
4.6179374829143045,-74.11087246557356,16,PUENTE ARANDA,muestra_sintetica
4.618213249619226,-74.12234193065908,16,PUENTE ARANDA,muestra_sintetica
4.625106038574153,-74.11202682970065,16,PUENTE ARANDA,muestra_sintetica
4.615590875967872,-74.11783525342048,16,PUENTE ARANDA,muestra_sintetica
4.626906689883984,-74.11473658515702,16,PUENTE ARANDA,muestra_sintetica
4.624950014538605,-74.11553828116759,16,PUENTE ARANDA,muestra_sintetica
4.621701040243308,-74.11480896020134,16,PUENTE ARANDA,muestra_sintetica
4.616008451014665,-74.12662421984477,16,PUENTE ARANDA,muestra_sintetica
4.625248158780809,-74.12110642404683,16,PUENTE ARANDA,muestra_sintetica
4.62512605875757,-74.12191019676591,16,PUENTE ARANDA,muestra_sintetica
4.626988636075207,-74.1127288892538,16,PUENTE ARANDA,muestra_sintetica
4.6152312637558595,-74.10823949525313,16,PUENTE ARANDA,muestra_sintetica
4.622301906181121,-74.11518563595513,16,PUENTE ARANDA,muestra_sintetica
4.615081568697312,-74.12186998843475,16,PUENTE ARANDA,muestra_sintetica
4.619076072674696,-74.11188501863442,16,PUENTE ARANDA,muestra_sintetica
4.618295625270555,-74.11589372124503,16,PUENTE ARANDA,muestra_sintetica
4.620238089379836,-74.11867014939949,16,PUENTE ARANDA,muestra_sintetica
4.61946179496302,-74.12327550236385,16,PUENTE ARANDA,muestra_sintetica
4.623890421514507,-74.11797414919741,16,PUENTE ARANDA,muestra_sintetica
4.612667244145543,-74.11515878574718,16,PUENTE ARANDA,muestra_sintetica
4.618340826168903,-74.11061232027443,16,PUENTE ARANDA,muestra_sintetica
4.616223428247857,-74.11360591747587,16,PUENTE ARANDA,muestra_sintetica
4.617347929182109,-74.1143562312464,16,PUENTE ARANDA,muestra_sintetica
4.6185325863700895,-74.11838667306134,16,PUENTE ARANDA,muestra_sintetica
4.61203903521592,-74.11297065260719,16,PUENTE ARANDA,muestra_sintetica
4.619862698573956,-74.11303081213796,16,PUENTE ARANDA,muestra_sintetica
4.6195909657606755,-74.11680469769018,16,PUENTE ARANDA,muestra_sintetica
4.6241321102298265,-74.11583287222346,16,PUENTE ARANDA,muestra_sintetica
4.618226527986478,-74.11246639385459,16,PUENTE ARANDA,muestra_sintetica
4.6166512202365295,-74.11808698721966,16,PUENTE ARANDA,muestra_sintetica
4.62611929200077,-74.11534382629341,16,PUENTE ARANDA,muestra_sintetica
4.623283172838974,-74.11744048230034,16,PUENTE ARANDA,muestra_sintetica
4.617668464437156,-74.11713867680932,16,PUENTE ARANDA,muestra_sintetica
4.622722020614013,-74.11601652974278,16,PUENTE ARANDA,muestra_sintetica
4.626246880163929,-74.11082563619111,16,PUENTE ARANDA,muestra_sintetica
4.631735320764068,-74.10659908076423,16,PUENTE ARANDA,muestra_sintetica
4.620330250555169,-74.12542477720976,16,PUENTE ARANDA,muestra_sintetica
4.619308600084383,-74.11725626143757,16,PUENTE ARANDA,muestra_sintetica
4.61458331941121,-74.11705841157558,16,PUENTE ARANDA,muestra_sintetica
4.614991353522564,-74.11960671395804,16,PUENTE ARANDA,muestra_sintetica
4.619544892403265,-74.1180698230962,16,PUENTE ARANDA,muestra_sintetica
4.620495324713889,-74.12121659556303,16,PUENTE ARANDA,muestra_sintetica
4.615744661318669,-74.11592749284775,16,PUENTE ARANDA,muestra_sintetica
4.6261209364481735,-74.11159755890232,16,PUENTE ARANDA,muestra_sintetica
4.616977897633091,-74.1128728092173,16,PUENTE ARANDA,muestra_sintetica
4.616957542681688,-74.11893160430654,16,PUENTE ARANDA,muestra_sintetica
4.619766016877355,-74.11260028876018,16,PUENTE ARANDA,muestra_sintetica
4.62484445204206,-74.1144419924738,16,PUENTE ARANDA,muestra_sintetica
4.624557710338394,-74.11581319860646,16,PUENTE ARANDA,muestra_sintetica
4.612161653694621,-74.11101335661189,16,PUENTE ARANDA,muestra_sintetica
4.615195829118392,-74.11841002973911,16,PUENTE ARANDA,muestra_sintetica
4.617930496814184,-74.11344094881316,16,PUENTE ARANDA,muestra_sintetica
4.623013603136109,-74.12145224593553,16,PUENTE ARANDA,muestra_sintetica
4.615507734720041,-74.11144459700456,16,PUENTE ARANDA,muestra_sintetica
4.613296588194874,-74.1124443982835,16,PUENTE ARANDA,muestra_sintetica
4.62640164513124,-74.11179775761654,16,PUENTE ARANDA,muestra_sintetica
4.613062269343425,-74.11712681207416,16,PUENTE ARANDA,muestra_sintetica
4.6172809556078835,-74.1164400366968,16,PUENTE ARANDA,muestra_sintetica
4.62384996550414,-74.10049631437957,16,PUENTE ARANDA,muestra_sintetica
4.620260099890438,-74.12204706847865,16,PUENTE ARANDA,muestra_sintetica
4.615555798454827,-74.12054925703399,16,PUENTE ARANDA,muestra_sintetica
4.614196866469027,-74.10999192408997,16,PUENTE ARANDA,muestra_sintetica
4.611580464866663,-74.11729548634156,16,PUENTE ARANDA,muestra_sintetica
4.617021589001581,-74.11410030140793,16,PUENTE ARANDA,muestra_sintetica
4.623491914838218,-74.11529504472203,16,PUENTE ARANDA,muestra_sintetica
4.617738952093463,-74.1098852923368,16,PUENTE ARANDA,muestra_sintetica
4.622485670446444,-74.12040102936933,16,PUENTE ARANDA,muestra_sintetica
4.615019636425641,-74.11311511721344,16,PUENTE ARANDA,muestra_sintetica
4.615525270773966,-74.11944864177316,16,PUENTE ARANDA,muestra_sintetica
4.620050715260108,-74.116410533182,16,PUENTE ARANDA,muestra_sintetica
4.614544474838052,-74.11548836612518,16,PUENTE ARANDA,muestra_sintetica
4.616060713516749,-74.10772745996046,16,PUENTE ARANDA,muestra_sintetica
4.624303127682058,-74.12491019743176,16,PUENTE ARANDA,muestra_sintetica
4.615521361289531,-74.11220139260121,16,PUENTE ARANDA,muestra_sintetica
4.617025317567746,-74.115280957972,16,PUENTE ARANDA,muestra_sintetica
4.617536252699382,-74.11304454180329,16,PUENTE ARANDA,muestra_sintetica
4.627503977597088,-74.11544050803946,16,PUENTE ARANDA,muestra_sintetica
4.62120636515951,-74.11323612283144,16,PUENTE ARANDA,muestra_sintetica
4.617096860936289,-74.1174441391018,16,PUENTE ARANDA,muestra_sintetica
4.618206234932557,-74.10927796901397,16,PUENTE ARANDA,muestra_sintetica
4.611283410330825,-74.11105031946194,16,PUENTE ARANDA,muestra_sintetica
4.617395486637749,-74.11731394916292,16,PUENTE ARANDA,muestra_sintetica
4.619090066999832,-74.1180495418313,16,PUENTE ARANDA,muestra_sintetica
4.619960158114479,-74.12100711382875,16,PUENTE ARANDA,muestra_sintetica
4.631767866587875,-74.1127163996548,16,PUENTE ARANDA,muestra_sintetica
4.617793030424582,-74.12005835851353,16,PUENTE ARANDA,muestra_sintetica
4.625911603347155,-74.11610828828553,16,PUENTE ARANDA,muestra_sintetica
4.619346541336426,-74.11295343864722,16,PUENTE ARANDA,muestra_sintetica
4.6146494498238315,-74.12012904355245,16,PUENTE ARANDA,muestra_sintetica
4.6136968825182025,-74.12376929579014,16,PUENTE ARANDA,muestra_sintetica
4.618729865108338,-74.11518484642268,16,PUENTE ARANDA,muestra_sintetica
4.618965304487004,-74.11761034963534,16,PUENTE ARANDA,muestra_sintetica
4.619909067807829,-74.12425315686863,16,PUENTE ARANDA,muestra_sintetica
4.608454675810104,-74.12405008197452,16,PUENTE ARANDA,muestra_sintetica
4.614123539205963,-74.12005984436185,16,PUENTE ARANDA,muestra_sintetica
4.621175301582371,-74.11330657621379,16,PUENTE ARANDA,muestra_sintetica
4.617144342242147,-74.11653010040463,16,PUENTE ARANDA,muestra_sintetica
4.6140820454556195,-74.12173643190584,16,PUENTE ARANDA,muestra_sintetica
4.618964436003199,-74.1185482740253,16,PUENTE ARANDA,muestra_sintetica
4.6218837636286265,-74.11368312571898,16,PUENTE ARANDA,muestra_sintetica
4.624938885616943,-74.12691485686942,16,PUENTE ARANDA,muestra_sintetica
4.627093559459181,-74.11603279389158,16,PUENTE ARANDA,muestra_sintetica
4.6131806393362975,-74.113371399657,16,PUENTE ARANDA,muestra_sintetica
4.617158525182363,-74.12026055394985,16,PUENTE ARANDA,muestra_sintetica
4.600730613831759,-74.11819189966569,16,PUENTE ARANDA,muestra_sintetica
4.624877531708849,-74.11946190446086,16,PUENTE ARANDA,muestra_sintetica
4.613858047768018,-74.11433622942936,16,PUENTE ARANDA,muestra_sintetica
4.618195654707672,-74.12130368157388,16,PUENTE ARANDA,muestra_sintetica
4.624051502252911,-74.1115438409155,16,PUENTE ARANDA,muestra_sintetica
4.61959189634227,-74.1119848508358,16,PUENTE ARANDA,muestra_sintetica
4.618636415239367,-74.12018136690362,16,PUENTE ARANDA,muestra_sintetica
4.628531550711495,-74.1149904412868,16,PUENTE ARANDA,muestra_sintetica
4.621336258088685,-74.1115585103626,16,PUENTE ARANDA,muestra_sintetica
4.624718193067383,-74.11677072018759,16,PUENTE ARANDA,muestra_sintetica
4.620585978224737,-74.11385554242918,16,PUENTE ARANDA,muestra_sintetica
4.6214264847707955,-74.12063278708663,16,PUENTE ARANDA,muestra_sintetica
4.608483126908943,-74.11158865206241,16,PUENTE ARANDA,muestra_sintetica
4.613734163142909,-74.11152070339058,16,PUENTE ARANDA,muestra_sintetica
4.62091993705293,-74.11456111621841,16,PUENTE ARANDA,muestra_sintetica
4.625301306492375,-74.11333382885228,16,PUENTE ARANDA,muestra_sintetica
4.615762259710285,-74.11969374151272,16,PUENTE ARANDA,muestra_sintetica
4.610693868980838,-74.12371784188454,16,PUENTE ARANDA,muestra_sintetica
4.61905385488955,-74.11088460705989,16,PUENTE ARANDA,muestra_sintetica
4.620615110719135,-74.11764781044802,16,PUENTE ARANDA,muestra_sintetica
4.623274125040209,-74.11392673426111,16,PUENTE ARANDA,muestra_sintetica
4.623038131098543,-74.11375365899482,16,PUENTE ARANDA,muestra_sintetica
4.624954754265198,-74.11373762799472,16,PUENTE ARANDA,muestra_sintetica
4.61423445193235,-74.12131028539814,16,PUENTE ARANDA,muestra_sintetica
4.617666141179351,-74.11960563588384,16,PUENTE ARANDA,muestra_sintetica
4.616069187825287,-74.11883905887153,16,PUENTE ARANDA,muestra_sintetica
4.620993838094623,-74.11888035957614,16,PUENTE ARANDA,muestra_sintetica
4.627017273334066,-74.11890259481663,16,PUENTE ARANDA,muestra_sintetica
4.615796387075452,-74.12228439167201,16,PUENTE ARANDA,muestra_sintetica
4.620254984794379,-74.11505945151671,16,PUENTE ARANDA,muestra_sintetica
4.617031000200253,-74.12011005345126,16,PUENTE ARANDA,muestra_sintetica
4.612519802005446,-74.11881721476,16,PUENTE ARANDA,muestra_sintetica
4.615695854381124,-74.1193878248534,16,PUENTE ARANDA,muestra_sintetica
4.620670931180536,-74.10212612305311,16,PUENTE ARANDA,muestra_sintetica
4.618576358496348,-74.11423748252875,16,PUENTE ARANDA,muestra_sintetica
4.618924881211367,-74.10903800144632,16,PUENTE ARANDA,muestra_sintetica
4.6252456102242565,-74.11335959960927,16,PUENTE ARANDA,muestra_sintetica
4.625287205063048,-74.11509567507593,16,PUENTE ARANDA,muestra_sintetica
4.621148412031987,-74.11497361749123,16,PUENTE ARANDA,muestra_sintetica
4.624044962414767,-74.11389717407246,16,PUENTE ARANDA,muestra_sintetica
4.62395803122364,-74.10894445607013,16,PUENTE ARANDA,muestra_sintetica
4.625696096028245,-74.11798578102645,16,PUENTE ARANDA,muestra_sintetica
4.620887049763877,-74.12039308953831,16,PUENTE ARANDA,muestra_sintetica
4.6171546361949884,-74.11730599732616,16,PUENTE ARANDA,muestra_sintetica
4.618176562390058,-74.1173572706607,16,PUENTE ARANDA,muestra_sintetica
4.616943982766789,-74.10876592022673,16,PUENTE ARANDA,muestra_sintetica
4.620939545987471,-74.11098452930369,16,PUENTE ARANDA,muestra_sintetica
4.618911164621645,-74.1049358192405,16,PUENTE ARANDA,muestra_sintetica
4.617994876091623,-74.10866317568592,16,PUENTE ARANDA,muestra_sintetica
4.614654151638351,-74.11810281696198,16,PUENTE ARANDA,muestra_sintetica
4.613843228988854,-74.11850762332232,16,PUENTE ARANDA,muestra_sintetica
4.615153391913384,-74.1156227561503,16,PUENTE ARANDA,muestra_sintetica
4.62155037293458,-74.11529355463517,16,PUENTE ARANDA,muestra_sintetica
4.617711960496454,-74.11148085745943,16,PUENTE ARANDA,muestra_sintetica
4.623124254940648,-74.11702185897474,16,PUENTE ARANDA,muestra_sintetica
4.611675354520105,-74.12100669628552,16,PUENTE ARANDA,muestra_sintetica
4.618487940913878,-74.11041525456619,16,PUENTE ARANDA,muestra_sintetica
4.61572208131483,-74.11329155004586,16,PUENTE ARANDA,muestra_sintetica
4.62039429286343,-74.11057285693558,16,PUENTE ARANDA,muestra_sintetica
4.622942127262218,-74.11517936958992,16,PUENTE ARANDA,muestra_sintetica
4.61497756783448,-74.11618680718442,16,PUENTE ARANDA,muestra_sintetica
4.623585714087081,-74.11961991466804,16,PUENTE ARANDA,muestra_sintetica
4.612227802035192,-74.1178527761052,16,PUENTE ARANDA,muestra_sintetica
4.618227546785615,-74.11097015324616,16,PUENTE ARANDA,muestra_sintetica
4.643293882449766,-74.04618793914,02,CHAPINERO,muestra_sintetica
4.651085451396157,-74.05323952684469,02,CHAPINERO,muestra_sintetica
4.642129766645464,-74.05786454166291,02,CHAPINERO,muestra_sintetica
4.650279648353893,-74.05244587981731,02,CHAPINERO,muestra_sintetica
4.642728410191156,-74.05526340304966,02,CHAPINERO,muestra_sintetica
4.654495279590764,-74.05651081968357,02,CHAPINERO,muestra_sintetica
4.651747431610924,-74.0562954852344,02,CHAPINERO,muestra_sintetica
4.651716718615225,-74.04359690290927,02,CHAPINERO,muestra_sintetica
4.652679386263755,-74.0501425357914,02,CHAPINERO,muestra_sintetica
4.647897857099386,-74.05117917254313,02,CHAPINERO,muestra_sintetica
4.6514037179537215,-74.05898540700828,02,CHAPINERO,muestra_sintetica
4.649081824104885,-74.05161606404643,02,CHAPINERO,muestra_sintetica
4.650819244244099,-74.04489450038929,02,CHAPINERO,muestra_sintetica
4.648252196270228,-74.05662396947979,02,CHAPINERO,muestra_sintetica
4.653351943740123,-74.05751150513616,02,CHAPINERO,muestra_sintetica
4.651591457137471,-74.04790954524152,02,CHAPINERO,muestra_sintetica
4.645569941591967,-74.06002298273927,02,CHAPINERO,muestra_sintetica
4.650159092074007,-74.05326625943485,02,CHAPINERO,muestra_sintetica
4.647765452968897,-74.04866153806663,02,CHAPINERO,muestra_sintetica
4.653556506791818,-74.04633119144154,02,CHAPINERO,muestra_sintetica
4.643648538335154,-74.05523170295659,02,CHAPINERO,muestra_sintetica
4.64200562407993,-74.05104367331826,02,CHAPINERO,muestra_sintetica
4.649593382489503,-74.05456277782453,02,CHAPINERO,muestra_sintetica
4.6485161496714715,-74.05160825008087,02,CHAPINERO,muestra_sintetica
4.646936953871016,-74.05395684006247,02,CHAPINERO,muestra_sintetica
4.654199152041764,-74.04459239750723,02,CHAPINERO,muestra_sintetica
4.655621880734383,-74.05211624771403,02,CHAPINERO,muestra_sintetica
4.655116893204947,-74.0551172255271,02,CHAPINERO,muestra_sintetica
4.646128223317554,-74.05036509925658,02,CHAPINERO,muestra_sintetica
4.651595926268714,-74.04980673711796,02,CHAPINERO,muestra_sintetica
4.652065987512069,-74.04682174428225,02,CHAPINERO,muestra_sintetica
4.647347123756425,-74.05748555987532,02,CHAPINERO,muestra_sintetica
4.652085043004555,-74.05580457053964,02,CHAPINERO,muestra_sintetica
4.644570696884591,-74.05836725380293,02,CHAPINERO,muestra_sintetica
4.6542758124484935,-74.05546071539105,02,CHAPINERO,muestra_sintetica
4.645247362250467,-74.05314982343889,02,CHAPINERO,muestra_sintetica
4.643990477378722,-74.0506051731803,02,CHAPINERO,muestra_sintetica
4.647920182186612,-74.06005524780599,02,CHAPINERO,muestra_sintetica
4.641263846056035,-74.04822872699093,02,CHAPINERO,muestra_sintetica
4.650737811177557,-74.05561435355366,02,CHAPINERO,muestra_sintetica
4.6501975722199065,-74.04789353953284,02,CHAPINERO,muestra_sintetica
4.647240806706997,-74.05334501343853,02,CHAPINERO,muestra_sintetica
4.652270087133868,-74.06080872512837,02,CHAPINERO,muestra_sintetica
4.643428131517012,-74.05322612567295,02,CHAPINERO,muestra_sintetica
4.649857350404354,-74.04905380431384,02,CHAPINERO,muestra_sintetica
4.64655792916992,-74.04669127565363,02,CHAPINERO,muestra_sintetica
4.647888938699285,-74.05664075219985,02,CHAPINERO,muestra_sintetica
4.651986691077593,-74.05279944537389,02,CHAPINERO,muestra_sintetica
4.651193523315412,-74.04931633510837,02,CHAPINERO,muestra_sintetica
4.650896841225384,-74.0617897645887,02,CHAPINERO,muestra_sintetica
4.645829600778574,-74.0502724937647,02,CHAPINERO,muestra_sintetica
4.64373447075852,-74.0495252531081,02,CHAPINERO,muestra_sintetica
4.645584429075271,-74.05302758779048,02,CHAPINERO,muestra_sintetica
4.651061552445103,-74.05019470649601,02,CHAPINERO,muestra_sintetica
4.648557595429937,-74.05167760975324,02,CHAPINERO,muestra_sintetica
4.651738412963467,-74.05646711776521,02,CHAPINERO,muestra_sintetica
4.654493693085715,-74.04628400750576,02,CHAPINERO,muestra_sintetica
4.644359780616982,-74.05055423307658,02,CHAPINERO,muestra_sintetica
4.6534827619570684,-74.04815063257794,02,CHAPINERO,muestra_sintetica
4.654377549186234,-74.04967552296895,02,CHAPINERO,muestra_sintetica
4.652168238838538,-74.05273460378214,02,CHAPINERO,muestra_sintetica
4.6461566955778055,-74.04983392678466,02,CHAPINERO,muestra_sintetica
4.64579490945565,-74.04754263427044,02,CHAPINERO,muestra_sintetica
4.645489611365231,-74.05472072873583,02,CHAPINERO,muestra_sintetica
4.652825951640922,-74.05061263648476,02,CHAPINERO,muestra_sintetica
4.652262944939731,-74.04579036419783,02,CHAPINERO,muestra_sintetica
4.648090660922565,-74.04890657664652,02,CHAPINERO,muestra_sintetica
4.640961779830348,-74.05112855606649,02,CHAPINERO,muestra_sintetica
4.647323025619704,-74.04943477581851,02,CHAPINERO,muestra_sintetica
4.653809902141965,-74.05482658469045,02,CHAPINERO,muestra_sintetica
4.645258342453188,-74.04434225194218,02,CHAPINERO,muestra_sintetica
4.6639295080452845,-74.054239952922,02,CHAPINERO,muestra_sintetica
4.651080422793128,-74.04632347322384,02,CHAPINERO,muestra_sintetica
4.651297859641531,-74.0577079634977,02,CHAPINERO,muestra_sintetica
4.644857811789645,-74.05654160450914,02,CHAPINERO,muestra_sintetica
4.649220657911116,-74.05061130464118,02,CHAPINERO,muestra_sintetica
4.64536477239113,-74.05544483908042,02,CHAPINERO,muestra_sintetica
4.649530459144851,-74.0499944602021,02,CHAPINERO,muestra_sintetica
4.648050933505057,-74.0492160221029,02,CHAPINERO,muestra_sintetica
4.641622473933391,-74.04495580177986,02,CHAPINERO,muestra_sintetica
4.646661899131157,-74.05077877515389,02,CHAPINERO,muestra_sintetica
4.6485744347051865,-74.05339258505803,02,CHAPINERO,muestra_sintetica
4.652467951845826,-74.05507131136527,02,CHAPINERO,muestra_sintetica
4.648832653221742,-74.041431457347,02,CHAPINERO,muestra_sintetica
4.65403314810972,-74.05300479282103,02,CHAPINERO,muestra_sintetica
4.644065431306908,-74.0557101485576,02,CHAPINERO,muestra_sintetica
4.648865099487868,-74.05600251665757,02,CHAPINERO,muestra_sintetica
4.639732874251528,-74.04580918282967,02,CHAPINERO,muestra_sintetica
4.652672343095072,-74.05724881340083,02,CHAPINERO,muestra_sintetica
4.648251907311589,-74.05507443684576,02,CHAPINERO,muestra_sintetica
4.650938938355814,-74.05577703508717,02,CHAPINERO,muestra_sintetica
4.650401340495501,-74.05606667202206,02,CHAPINERO,muestra_sintetica
4.64740046012045,-74.0430632574565,02,CHAPINERO,muestra_sintetica
4.653395958926425,-74.04958628547405,02,CHAPINERO,muestra_sintetica
4.6460947196873,-74.04806387517247,02,CHAPINERO,muestra_sintetica
4.635999278710729,-74.05288983413841,02,CHAPINERO,muestra_sintetica
4.656129036168969,-74.04881695428747,02,CHAPINERO,muestra_sintetica
4.6442532234712965,-74.0540383081998,02,CHAPINERO,muestra_sintetica
4.644861140740827,-74.0602664689285,02,CHAPINERO,muestra_sintetica
4.652604230781645,-74.0541518733273,02,CHAPINERO,muestra_sintetica
4.647403541208806,-74.04934456853897,02,CHAPINERO,muestra_sintetica
4.642503755400984,-74.05256360031937,02,CHAPINERO,muestra_sintetica
4.646930873082825,-74.05362204646121,02,CHAPINERO,muestra_sintetica
4.652853732040785,-74.04792536237825,02,CHAPINERO,muestra_sintetica
4.648611775282092,-74.04827016910293,02,CHAPINERO,muestra_sintetica
4.6462521312876754,-74.05406094261384,02,CHAPINERO,muestra_sintetica
4.647751143404306,-74.05125725785582,02,CHAPINERO,muestra_sintetica
4.6494894308832,-74.04622929393811,02,CHAPINERO,muestra_sintetica
4.647049699348346,-74.05397976665395,02,CHAPINERO,muestra_sintetica
4.656211197246479,-74.05272491748558,02,CHAPINERO,muestra_sintetica
4.646031790170734,-74.0570953316281,02,CHAPINERO,muestra_sintetica
4.646847602920221,-74.05907490209576,02,CHAPINERO,muestra_sintetica
4.651700540594488,-74.05192498475786,02,CHAPINERO,muestra_sintetica
4.643004900404723,-74.04614569106832,02,CHAPINERO,muestra_sintetica
4.64672204391832,-74.05219850993063,02,CHAPINERO,muestra_sintetica
4.649253602742391,-74.05265817631617,02,CHAPINERO,muestra_sintetica
4.648616737594559,-74.05130092641166,02,CHAPINERO,muestra_sintetica
4.646224477821573,-74.05757923839668,02,CHAPINERO,muestra_sintetica
4.645916425565832,-74.05284813704463,02,CHAPINERO,muestra_sintetica
4.653062948198693,-74.0511956314933,02,CHAPINERO,muestra_sintetica
4.651624759612327,-74.05318581233841,02,CHAPINERO,muestra_sintetica
4.651498237644088,-74.0488312684507,02,CHAPINERO,muestra_sintetica
4.64984425968284,-74.050390160859,02,CHAPINERO,muestra_sintetica
4.653367531557061,-74.05127265923159,02,CHAPINERO,muestra_sintetica
4.643663326817665,-74.0473444969711,02,CHAPINERO,muestra_sintetica
4.651156371777507,-74.04597412311993,02,CHAPINERO,muestra_sintetica
4.650299379742921,-74.05272194645099,02,CHAPINERO,muestra_sintetica
4.641066281399009,-74.05128224336495,02,CHAPINERO,muestra_sintetica
4.651421402541093,-74.05264969725111,02,CHAPINERO,muestra_sintetica
4.6402728647740235,-74.05007175059389,02,CHAPINERO,muestra_sintetica
4.647326817363013,-74.04737601227764,02,CHAPINERO,muestra_sintetica
4.651549711516962,-74.05263440881251,02,CHAPINERO,muestra_sintetica
4.653742176391263,-74.05240215456168,02,CHAPINERO,muestra_sintetica
4.654371589103881,-74.05429598610202,02,CHAPINERO,muestra_sintetica
4.646011715969072,-74.0483678710182,02,CHAPINERO,muestra_sintetica
4.653129776017313,-74.04476334650909,02,CHAPINERO,muestra_sintetica
4.6502973155568395,-74.0486183676119,02,CHAPINERO,muestra_sintetica
4.649952690484025,-74.04996150338704,02,CHAPINERO,muestra_sintetica
4.650380253069637,-74.04819197679592,02,CHAPINERO,muestra_sintetica
4.652220561627299,-74.05130196556237,02,CHAPINERO,muestra_sintetica
4.657749760817139,-74.05055911221619,02,CHAPINERO,muestra_sintetica
4.652482453424144,-74.0499816381992,02,CHAPINERO,muestra_sintetica
4.650607808895003,-74.0533219700454,02,CHAPINERO,muestra_sintetica
4.6457729768800915,-74.04699973489613,02,CHAPINERO,muestra_sintetica
4.645027429740441,-74.04402576675608,02,CHAPINERO,muestra_sintetica
4.647588845435188,-74.05695937068708,02,CHAPINERO,muestra_sintetica
4.648263838620404,-74.0542475368966,02,CHAPINERO,muestra_sintetica
4.645516977130832,-74.05064519938914,02,CHAPINERO,muestra_sintetica
4.65199813839865,-74.05437255655077,02,CHAPINERO,muestra_sintetica
4.651231191771918,-74.0490852196638,02,CHAPINERO,muestra_sintetica
4.64857650448484,-74.05136970187203,02,CHAPINERO,muestra_sintetica
4.647546354917574,-74.04434442892554,02,CHAPINERO,muestra_sintetica
4.648896574507934,-74.05293492843887,02,CHAPINERO,muestra_sintetica
4.65203352152416,-74.05835571918277,02,CHAPINERO,muestra_sintetica
4.648518152468777,-74.06013668441844,02,CHAPINERO,muestra_sintetica
4.64608880418481,-74.04305984946825,02,CHAPINERO,muestra_sintetica
4.646568597953663,-74.05407790638121,02,CHAPINERO,muestra_sintetica
4.654970687194743,-74.04700274949415,02,CHAPINERO,muestra_sintetica
4.642659191657043,-74.0572002920641,02,CHAPINERO,muestra_sintetica
4.648926043025754,-74.05761054536558,02,CHAPINERO,muestra_sintetica
4.649393522841028,-74.04973864664638,02,CHAPINERO,muestra_sintetica
4.649066791050324,-74.05326953446752,02,CHAPINERO,muestra_sintetica
4.650285121655001,-74.0554791087397,02,CHAPINERO,muestra_sintetica
4.647696313954111,-74.05868119491186,02,CHAPINERO,muestra_sintetica
4.654443895569754,-74.04711168499736,02,CHAPINERO,muestra_sintetica
4.6519198629431155,-74.05323244814647,02,CHAPINERO,muestra_sintetica
4.649796341508227,-74.05430549751138,02,CHAPINERO,muestra_sintetica
4.645030446956628,-74.05070259633962,02,CHAPINERO,muestra_sintetica
4.6484208794756485,-74.05988755742337,02,CHAPINERO,muestra_sintetica
4.647090945644646,-74.05653526219024,02,CHAPINERO,muestra_sintetica
4.648130508351102,-74.05637655957081,02,CHAPINERO,muestra_sintetica
4.648458177634493,-74.04810231473438,02,CHAPINERO,muestra_sintetica
4.643747287203827,-74.05261908966719,02,CHAPINERO,muestra_sintetica
4.647221841202106,-74.04968314007621,02,CHAPINERO,muestra_sintetica
4.64430767792322,-74.0561033910065,02,CHAPINERO,muestra_sintetica
4.639447562511148,-74.05471657216121,02,CHAPINERO,muestra_sintetica
4.6568236723642356,-74.05252925919116,02,CHAPINERO,muestra_sintetica
4.656742196995453,-74.04848657388365,02,CHAPINERO,muestra_sintetica
4.649608557405649,-74.04046823845862,02,CHAPINERO,muestra_sintetica
4.653322161508018,-74.0548946555985,02,CHAPINERO,muestra_sintetica
4.650484150517521,-74.0453541834013,02,CHAPINERO,muestra_sintetica
4.649937474797414,-74.04928429243475,02,CHAPINERO,muestra_sintetica
4.649089405642575,-74.05022993794557,02,CHAPINERO,muestra_sintetica
4.654107335786892,-74.04856522323126,02,CHAPINERO,muestra_sintetica
4.650811422081285,-74.04467567356349,02,CHAPINERO,muestra_sintetica
4.651709614139959,-74.04451888959154,02,CHAPINERO,muestra_sintetica
4.646793441502992,-74.05074252387081,02,CHAPINERO,muestra_sintetica
4.652211265653992,-74.05125377350797,02,CHAPINERO,muestra_sintetica
4.648157793934502,-74.04660839720795,02,CHAPINERO,muestra_sintetica
4.645944686994667,-74.05414620278509,02,CHAPINERO,muestra_sintetica
4.640799791329866,-74.04724427252116,02,CHAPINERO,muestra_sintetica
4.647724652932085,-74.06033163024024,02,CHAPINERO,muestra_sintetica
4.643578970005289,-74.04900537990702,02,CHAPINERO,muestra_sintetica
4.648798346567576,-74.04836172019142,02,CHAPINERO,muestra_sintetica
4.647016180513403,-74.05283163678206,02,CHAPINERO,muestra_sintetica
4.645664673474888,-74.04977579503755,02,CHAPINERO,muestra_sintetica
4.660213470555928,-74.05743675557846,02,CHAPINERO,muestra_sintetica
4.65156866301758,-74.05024005944134,02,CHAPINERO,muestra_sintetica
4.4709901115784145,-74.11800414984586,05,USME,muestra_sintetica
4.473803759563473,-74.122156840954,05,USME,muestra_sintetica
4.469716307261836,-74.12153236051681,05,USME,muestra_sintetica
4.4640357656974725,-74.12699459392742,05,USME,muestra_sintetica
4.476841260988964,-74.12192393611278,05,USME,muestra_sintetica
4.47903224247195,-74.12991128469646,05,USME,muestra_sintetica
4.462990940265229,-74.12291568849938,05,USME,muestra_sintetica
4.480085805016949,-74.12673633062737,05,USME,muestra_sintetica
4.473605408517441,-74.12573860925988,05,USME,muestra_sintetica
4.472551338191562,-74.12967139418657,05,USME,muestra_sintetica
4.469833956504076,-74.13359240680504,05,USME,muestra_sintetica
4.47629662604263,-74.12005422104355,05,USME,muestra_sintetica
4.479128119322559,-74.12822665133906,05,USME,muestra_sintetica
4.476277465155471,-74.12220931867917,05,USME,muestra_sintetica
4.47350363958914,-74.12450360225341,05,USME,muestra_sintetica
4.4699254716938475,-74.13094889219461,05,USME,muestra_sintetica
4.48175332388735,-74.1313633359829,05,USME,muestra_sintetica
4.474257389529676,-74.13465042494326,05,USME,muestra_sintetica
4.477436862521576,-74.12389345197889,05,USME,muestra_sintetica
4.4762194022116635,-74.12260038674344,05,USME,muestra_sintetica
4.472935191340351,-74.12493027848477,05,USME,muestra_sintetica
4.482192885409944,-74.1283886853273,05,USME,muestra_sintetica
4.467069357437362,-74.11792177074933,05,USME,muestra_sintetica
4.470807494873078,-74.12184089094372,05,USME,muestra_sintetica
4.473715142133803,-74.12577914386762,05,USME,muestra_sintetica
4.469054068321412,-74.11876062605062,05,USME,muestra_sintetica
4.471276009557585,-74.12656033572325,05,USME,muestra_sintetica
4.474334662581923,-74.11129431707828,05,USME,muestra_sintetica
4.471328827715412,-74.12415800248233,05,USME,muestra_sintetica
4.4716074751723935,-74.1278104885609,05,USME,muestra_sintetica
4.467701756326469,-74.12132987170442,05,USME,muestra_sintetica
4.472407103888022,-74.12334463945206,05,USME,muestra_sintetica
4.480453762081107,-74.12125830945098,05,USME,muestra_sintetica
4.472741919799505,-74.13381610145478,05,USME,muestra_sintetica
4.469953243389066,-74.1325489372319,05,USME,muestra_sintetica
4.482677705252966,-74.12548130245622,05,USME,muestra_sintetica
4.475594993195363,-74.12774097461666,05,USME,muestra_sintetica
4.480172515547689,-74.1246829248101,05,USME,muestra_sintetica
4.475143152240733,-74.11683565381016,05,USME,muestra_sintetica
4.474997235109169,-74.12580697053637,05,USME,muestra_sintetica
4.470919795230972,-74.12318715354294,05,USME,muestra_sintetica
4.479292684923185,-74.12627571991138,05,USME,muestra_sintetica
4.468652798949873,-74.13030323198814,05,USME,muestra_sintetica
4.472882643853488,-74.12889250577187,05,USME,muestra_sintetica
4.473468370517044,-74.12818147822448,05,USME,muestra_sintetica
4.4777056126004275,-74.13181634662376,05,USME,muestra_sintetica
4.475520302642408,-74.11841029555252,05,USME,muestra_sintetica
4.471712629331006,-74.13233792350547,05,USME,muestra_sintetica
4.480396137722011,-74.1152386418183,05,USME,muestra_sintetica
4.472351788993645,-74.12527386060279,05,USME,muestra_sintetica
4.476592211046989,-74.12272838603155,05,USME,muestra_sintetica
4.475140136819373,-74.12273041457263,05,USME,muestra_sintetica
4.482581281140309,-74.12104516781194,05,USME,muestra_sintetica
4.469866451283371,-74.125472347554,05,USME,muestra_sintetica
4.473804473365745,-74.12843037928396,05,USME,muestra_sintetica
4.469846397947591,-74.11811542256855,05,USME,muestra_sintetica
4.473782750247801,-74.12187735441911,05,USME,muestra_sintetica
4.472855425555121,-74.13442865578851,05,USME,muestra_sintetica
4.4805177653514585,-74.12530773540679,05,USME,muestra_sintetica
4.477527487103146,-74.12622351325209,05,USME,muestra_sintetica
4.481062027200464,-74.13055992738198,05,USME,muestra_sintetica
4.475773522382205,-74.1225230831413,05,USME,muestra_sintetica
4.474670077982946,-74.1205138151914,05,USME,muestra_sintetica
4.479702609592352,-74.12474946811689,05,USME,muestra_sintetica
4.475143374865643,-74.13835090096846,05,USME,muestra_sintetica
4.475961910473021,-74.126720242384,05,USME,muestra_sintetica
4.482372298081676,-74.13188420898342,05,USME,muestra_sintetica
4.4716156427140845,-74.1255351616006,05,USME,muestra_sintetica
4.472721186985346,-74.11571417559045,05,USME,muestra_sintetica
4.470747922607799,-74.11861649021228,05,USME,muestra_sintetica
4.469122868348655,-74.12931267270034,05,USME,muestra_sintetica
4.468504819249471,-74.12530996187651,05,USME,muestra_sintetica
4.469366550269941,-74.12416191446745,05,USME,muestra_sintetica
4.469072454440233,-74.12606112066283,05,USME,muestra_sintetica
4.475106801467189,-74.11948801683035,05,USME,muestra_sintetica
4.475170187237855,-74.12443872982614,05,USME,muestra_sintetica
4.481229079795841,-74.12186075652156,05,USME,muestra_sintetica
4.465900982264277,-74.12659936077438,05,USME,muestra_sintetica
4.480200865441225,-74.12110399942483,05,USME,muestra_sintetica
4.482591902641919,-74.1334596436249,05,USME,muestra_sintetica
4.473916144368162,-74.12002693420543,05,USME,muestra_sintetica
4.480588659674573,-74.12289174238407,05,USME,muestra_sintetica
4.476196687634096,-74.12291283675422,05,USME,muestra_sintetica
4.478277342934718,-74.12072402185468,05,USME,muestra_sintetica
4.476103588222542,-74.12518972827847,05,USME,muestra_sintetica
4.4720654037085605,-74.12197767666419,05,USME,muestra_sintetica
4.482523441094049,-74.12803546380306,05,USME,muestra_sintetica
4.47072417393184,-74.12405136904445,05,USME,muestra_sintetica
4.4749235692143525,-74.12285767611563,05,USME,muestra_sintetica
4.482677286707264,-74.13070259835405,05,USME,muestra_sintetica
4.476985094659323,-74.13679274766041,05,USME,muestra_sintetica
4.469462650677905,-74.11700282855634,05,USME,muestra_sintetica
4.47840282633175,-74.12337312039374,05,USME,muestra_sintetica
4.47873936076617,-74.12971757387953,05,USME,muestra_sintetica
4.474377406848022,-74.12874103744367,05,USME,muestra_sintetica
4.475018445094168,-74.12188814338064,05,USME,muestra_sintetica
4.469337935978956,-74.12627108461143,05,USME,muestra_sintetica
4.477360385224663,-74.12742432780657,05,USME,muestra_sintetica
4.4828725631504565,-74.11510697020638,05,USME,muestra_sintetica
4.479967971065592,-74.1268314586431,05,USME,muestra_sintetica
4.4719167580459525,-74.12270029106583,05,USME,muestra_sintetica
4.4726279096214965,-74.12511939877136,05,USME,muestra_sintetica
4.466021478174947,-74.12368709899616,05,USME,muestra_sintetica
4.467909214190529,-74.12387664869496,05,USME,muestra_sintetica
4.479819601115856,-74.11691075976235,05,USME,muestra_sintetica
4.476079160897722,-74.1254485827491,05,USME,muestra_sintetica
4.472929387022212,-74.11407852856898,05,USME,muestra_sintetica
4.4792623344267275,-74.11848111149352,05,USME,muestra_sintetica
4.4719959236207165,-74.11998470945319,05,USME,muestra_sintetica
4.471522822005534,-74.12662297159946,05,USME,muestra_sintetica
4.465847288890323,-74.13490818647108,05,USME,muestra_sintetica
4.47106486994807,-74.12185308578235,05,USME,muestra_sintetica
4.468833124281068,-74.12458222815934,05,USME,muestra_sintetica
4.474063124934263,-74.12121044492912,05,USME,muestra_sintetica
4.475690562663921,-74.12769990955407,05,USME,muestra_sintetica
4.472985866357342,-74.12954387503376,05,USME,muestra_sintetica
4.469174638631447,-74.12460055133913,05,USME,muestra_sintetica
4.471778138806385,-74.12124772263859,05,USME,muestra_sintetica
4.474186703749781,-74.12930047746693,05,USME,muestra_sintetica
4.476169924729702,-74.12316795886169,05,USME,muestra_sintetica
4.475333405011175,-74.12216800951747,05,USME,muestra_sintetica
4.4669885591172855,-74.12241755837856,05,USME,muestra_sintetica
4.471745698316873,-74.12196793470241,05,USME,muestra_sintetica
4.4695794050467885,-74.12333685352853,05,USME,muestra_sintetica
4.464863506807306,-74.12394163932181,05,USME,muestra_sintetica
4.474050392707604,-74.1242639524699,05,USME,muestra_sintetica
4.476604114045876,-74.12796389009345,05,USME,muestra_sintetica
4.475351502310961,-74.12952284788737,05,USME,muestra_sintetica
4.467671118554859,-74.12499286622133,05,USME,muestra_sintetica
4.471889205203975,-74.12182406989534,05,USME,muestra_sintetica
4.4785736935558464,-74.1289594140312,05,USME,muestra_sintetica
4.471473399026437,-74.12705217121513,05,USME,muestra_sintetica
4.471477936008992,-74.12304516845592,05,USME,muestra_sintetica
4.478814048733679,-74.11787558623561,05,USME,muestra_sintetica
4.479496852732053,-74.1237846019346,05,USME,muestra_sintetica
4.47221675886047,-74.12805193264768,05,USME,muestra_sintetica
4.488325580392917,-74.12944836653293,05,USME,muestra_sintetica
4.470912281343094,-74.11822113551011,05,USME,muestra_sintetica
4.479101887230261,-74.12481396050629,05,USME,muestra_sintetica
4.468595070857725,-74.12225264859994,05,USME,muestra_sintetica
4.480373847026462,-74.12987500291979,05,USME,muestra_sintetica
4.4751893001415715,-74.11648175229259,05,USME,muestra_sintetica
4.468957510281,-74.12150742950813,05,USME,muestra_sintetica
4.4616730125899755,-74.11951914013613,05,USME,muestra_sintetica
4.473005524225333,-74.12069773681047,05,USME,muestra_sintetica
4.4792463575143735,-74.12089595470594,05,USME,muestra_sintetica
4.48176914316636,-74.12449185022867,05,USME,muestra_sintetica
4.477265574519183,-74.13494286277567,05,USME,muestra_sintetica
4.479101330757571,-74.12856307217656,05,USME,muestra_sintetica
4.4756569223526,-74.12897658392272,05,USME,muestra_sintetica
4.464506221447262,-74.1144858663268,05,USME,muestra_sintetica
4.473211580571975,-74.12013385197208,05,USME,muestra_sintetica
4.479850060192072,-74.12283462469638,05,USME,muestra_sintetica
4.4694461464237305,-74.12592963532852,05,USME,muestra_sintetica
4.483619324537763,-74.12784465356175,05,USME,muestra_sintetica
4.4778083478051185,-74.12448728349145,05,USME,muestra_sintetica
4.4773153543027036,-74.12881028752975,05,USME,muestra_sintetica
4.473539251635891,-74.12080654593439,05,USME,muestra_sintetica
4.473340287611338,-74.12325318443895,05,USME,muestra_sintetica
4.471417415492195,-74.12369151621151,05,USME,muestra_sintetica
4.477651344978041,-74.12644998487828,05,USME,muestra_sintetica
4.472671281409176,-74.13113741397225,05,USME,muestra_sintetica
4.477707661709593,-74.11710630258507,05,USME,muestra_sintetica
4.471274528355058,-74.12256654788699,05,USME,muestra_sintetica
4.476543651213995,-74.12084731116131,05,USME,muestra_sintetica
4.483606523698449,-74.12217948977381,05,USME,muestra_sintetica
4.468260671480398,-74.13175029788067,05,USME,muestra_sintetica
4.46789278175927,-74.12162039405425,05,USME,muestra_sintetica
4.467793233896353,-74.13148878117765,05,USME,muestra_sintetica
4.477516754949013,-74.12100378879558,05,USME,muestra_sintetica
4.478069330255057,-74.12536319287004,05,USME,muestra_sintetica
4.471221128192111,-74.12839035230208,05,USME,muestra_sintetica
4.475194520670165,-74.11984134795368,05,USME,muestra_sintetica
4.466043179999202,-74.11708958210356,05,USME,muestra_sintetica
4.473604459229142,-74.12411139399818,05,USME,muestra_sintetica
4.46822739670585,-74.12434848467531,05,USME,muestra_sintetica
4.464934760234426,-74.12731041455163,05,USME,muestra_sintetica
4.464431051138687,-74.12893096833488,05,USME,muestra_sintetica
4.46929776678615,-74.12341327236356,05,USME,muestra_sintetica
4.478842494844754,-74.12728999611653,05,USME,muestra_sintetica
4.470656292688652,-74.11759492746718,05,USME,muestra_sintetica
4.479470165302442,-74.12386151844962,05,USME,muestra_sintetica
4.468164422992835,-74.12959067969368,05,USME,muestra_sintetica
4.469027215353103,-74.119916567433,05,USME,muestra_sintetica
4.475777189558789,-74.11816659280336,05,USME,muestra_sintetica
4.4735002634959935,-74.12735339093194,05,USME,muestra_sintetica
4.463155978546754,-74.11796031397284,05,USME,muestra_sintetica
4.639608959183621,-74.09140435387852,13,TEUSAQUILLO,muestra_sintetica
4.646721556290839,-74.0983792371555,13,TEUSAQUILLO,muestra_sintetica
4.647333323109874,-74.09001728455965,13,TEUSAQUILLO,muestra_sintetica
4.650525280814811,-74.093914985747,13,TEUSAQUILLO,muestra_sintetica
4.647249287535191,-74.09377144035614,13,TEUSAQUILLO,muestra_sintetica
4.640352330217673,-74.09127889756685,13,TEUSAQUILLO,muestra_sintetica
4.644276237920327,-74.09266725195282,13,TEUSAQUILLO,muestra_sintetica
4.640643377643855,-74.10324037982211,13,TEUSAQUILLO,muestra_sintetica
4.64593037356257,-74.0894355055909,13,TEUSAQUILLO,muestra_sintetica
4.6408549610560765,-74.08640923749535,13,TEUSAQUILLO,muestra_sintetica
4.6472271102854315,-74.09505412777762,13,TEUSAQUILLO,muestra_sintetica
4.64005225127324,-74.09310376366244,13,TEUSAQUILLO,muestra_sintetica
4.650960845582852,-74.09398978615273,13,TEUSAQUILLO,muestra_sintetica
4.644760264405923,-74.0968306261758,13,TEUSAQUILLO,muestra_sintetica
4.64690890234327,-74.09202265220642,13,TEUSAQUILLO,muestra_sintetica
4.64303015471617,-74.09319523792267,13,TEUSAQUILLO,muestra_sintetica
4.644715366714527,-74.0828379953745,13,TEUSAQUILLO,muestra_sintetica
4.647067280573194,-74.09678199494175,13,TEUSAQUILLO,muestra_sintetica
4.638905186277775,-74.10178676289445,13,TEUSAQUILLO,muestra_sintetica
4.63873054637949,-74.09443142844214,13,TEUSAQUILLO,muestra_sintetica
4.646573722470319,-74.10129908609615,13,TEUSAQUILLO,muestra_sintetica
4.644057113057567,-74.10338595354031,13,TEUSAQUILLO,muestra_sintetica
4.647083385296495,-74.08763696317476,13,TEUSAQUILLO,muestra_sintetica
4.644202695681024,-74.09488558721443,13,TEUSAQUILLO,muestra_sintetica
4.651296907859951,-74.0895410665036,13,TEUSAQUILLO,muestra_sintetica
4.654007696239472,-74.09877899948827,13,TEUSAQUILLO,muestra_sintetica
4.6473073563394784,-74.08596185985158,13,TEUSAQUILLO,muestra_sintetica
4.643132049556177,-74.09121618355978,13,TEUSAQUILLO,muestra_sintetica
4.640802701691179,-74.09037516282442,13,TEUSAQUILLO,muestra_sintetica
4.643304683338388,-74.09071349386156,13,TEUSAQUILLO,muestra_sintetica
4.641679415830379,-74.08991893155333,13,TEUSAQUILLO,muestra_sintetica
4.642820723057052,-74.09594866646097,13,TEUSAQUILLO,muestra_sintetica
4.649311004206015,-74.09574989421705,13,TEUSAQUILLO,muestra_sintetica
4.646139958174672,-74.09491406912981,13,TEUSAQUILLO,muestra_sintetica
4.646537379624467,-74.10317180861584,13,TEUSAQUILLO,muestra_sintetica
4.638252914923195,-74.09771432003822,13,TEUSAQUILLO,muestra_sintetica
4.640620641913685,-74.10124129418325,13,TEUSAQUILLO,muestra_sintetica
4.650119998733588,-74.09692305658461,13,TEUSAQUILLO,muestra_sintetica
4.6409097498301914,-74.09502166368469,13,TEUSAQUILLO,muestra_sintetica
4.645443977703693,-74.08963350715979,13,TEUSAQUILLO,muestra_sintetica
4.642312014998405,-74.09240335693326,13,TEUSAQUILLO,muestra_sintetica
4.6472316889706216,-74.10020298826788,13,TEUSAQUILLO,muestra_sintetica
4.639132640306351,-74.0991804871958,13,TEUSAQUILLO,muestra_sintetica
4.652854561333698,-74.08954737092057,13,TEUSAQUILLO,muestra_sintetica
4.6394291505778344,-74.09856168778306,13,TEUSAQUILLO,muestra_sintetica
4.644821828560482,-74.09349514912279,13,TEUSAQUILLO,muestra_sintetica
4.642816511253821,-74.09586624146465,13,TEUSAQUILLO,muestra_sintetica
4.648724325049991,-74.09630377278654,13,TEUSAQUILLO,muestra_sintetica
4.648302926073597,-74.09340289428746,13,TEUSAQUILLO,muestra_sintetica
4.651258091337677,-74.10535359662725,13,TEUSAQUILLO,muestra_sintetica
4.64286280524246,-74.09550062225517,13,TEUSAQUILLO,muestra_sintetica
4.646656877726234,-74.0946311228588,13,TEUSAQUILLO,muestra_sintetica
4.64637942298897,-74.08832747067842,13,TEUSAQUILLO,muestra_sintetica
4.646235534226896,-74.0950575535746,13,TEUSAQUILLO,muestra_sintetica
4.650834003359388,-74.09786322888722,13,TEUSAQUILLO,muestra_sintetica
4.638800653696568,-74.09512608184662,13,TEUSAQUILLO,muestra_sintetica
4.647765268597466,-74.1023646040073,13,TEUSAQUILLO,muestra_sintetica
4.642485322560862,-74.10654244574837,13,TEUSAQUILLO,muestra_sintetica
4.651119406367528,-74.09273322013406,13,TEUSAQUILLO,muestra_sintetica
4.645711031185825,-74.09087355150366,13,TEUSAQUILLO,muestra_sintetica
4.644958103914381,-74.1034341754608,13,TEUSAQUILLO,muestra_sintetica
4.64926223735148,-74.09343950466959,13,TEUSAQUILLO,muestra_sintetica
4.64247964547065,-74.09022045320928,13,TEUSAQUILLO,muestra_sintetica
4.648499320424083,-74.0959636471949,13,TEUSAQUILLO,muestra_sintetica
4.64453448683446,-74.09834133151608,13,TEUSAQUILLO,muestra_sintetica
4.640699834267684,-74.09362621206851,13,TEUSAQUILLO,muestra_sintetica
4.6426433210710725,-74.0943937691926,13,TEUSAQUILLO,muestra_sintetica
4.641303603724941,-74.08621437204694,13,TEUSAQUILLO,muestra_sintetica
4.6454515600185555,-74.09429692999059,13,TEUSAQUILLO,muestra_sintetica
4.643207606609908,-74.09324857005056,13,TEUSAQUILLO,muestra_sintetica
4.644128134043411,-74.09293207036558,13,TEUSAQUILLO,muestra_sintetica
4.647362068860134,-74.09450800047999,13,TEUSAQUILLO,muestra_sintetica
4.648520707834926,-74.0925812017165,13,TEUSAQUILLO,muestra_sintetica
4.644892390788725,-74.09783246996668,13,TEUSAQUILLO,muestra_sintetica
4.638713040534355,-74.09349610256963,13,TEUSAQUILLO,muestra_sintetica
4.653186240270699,-74.09511794620299,13,TEUSAQUILLO,muestra_sintetica
4.64904455286768,-74.08905739216785,13,TEUSAQUILLO,muestra_sintetica
4.644017294268837,-74.09643862107359,13,TEUSAQUILLO,muestra_sintetica
4.643759770337967,-74.09961927427076,13,TEUSAQUILLO,muestra_sintetica
4.645609739642843,-74.09858902611148,13,TEUSAQUILLO,muestra_sintetica
4.642390503378898,-74.09888747332938,13,TEUSAQUILLO,muestra_sintetica
4.646945233790753,-74.09390303981365,13,TEUSAQUILLO,muestra_sintetica
4.645572881542776,-74.08864286703191,13,TEUSAQUILLO,muestra_sintetica
4.652954819595162,-74.08665768181991,13,TEUSAQUILLO,muestra_sintetica
4.64404201279024,-74.08961050010026,13,TEUSAQUILLO,muestra_sintetica
4.647463457548851,-74.09752949577445,13,TEUSAQUILLO,muestra_sintetica
4.637627415510079,-74.08144448944226,13,TEUSAQUILLO,muestra_sintetica
4.648269083183249,-74.10164547544814,13,TEUSAQUILLO,muestra_sintetica
4.6404494632982916,-74.08872413990959,13,TEUSAQUILLO,muestra_sintetica
4.646650257835731,-74.08997800760991,13,TEUSAQUILLO,muestra_sintetica
4.648486378786143,-74.08911182114234,13,TEUSAQUILLO,muestra_sintetica
4.644035841201929,-74.09221260428211,13,TEUSAQUILLO,muestra_sintetica
4.648822045108342,-74.09619399754725,13,TEUSAQUILLO,muestra_sintetica
4.644319136495849,-74.09171227924715,13,TEUSAQUILLO,muestra_sintetica
4.647998074589683,-74.08985930918323,13,TEUSAQUILLO,muestra_sintetica
4.649812122358858,-74.09503789720372,13,TEUSAQUILLO,muestra_sintetica
4.644555481488242,-74.09851337732559,13,TEUSAQUILLO,muestra_sintetica
4.648964973786741,-74.09532889601222,13,TEUSAQUILLO,muestra_sintetica
4.65164304903817,-74.09447595144519,13,TEUSAQUILLO,muestra_sintetica
4.649212513590739,-74.09066162368693,13,TEUSAQUILLO,muestra_sintetica
4.653681572005736,-74.09088972320117,13,TEUSAQUILLO,muestra_sintetica
4.642481105943137,-74.10043489264271,13,TEUSAQUILLO,muestra_sintetica
4.648828050708825,-74.09779674080953,13,TEUSAQUILLO,muestra_sintetica
4.643464596896174,-74.08845987095145,13,TEUSAQUILLO,muestra_sintetica
4.645352718967091,-74.09489949690496,13,TEUSAQUILLO,muestra_sintetica
4.641731863135422,-74.09240383041556,13,TEUSAQUILLO,muestra_sintetica
4.656111358220731,-74.10003742347433,13,TEUSAQUILLO,muestra_sintetica
4.6377158523979185,-74.09387204652133,13,TEUSAQUILLO,muestra_sintetica
4.641646173412723,-74.09471345406833,13,TEUSAQUILLO,muestra_sintetica
4.643090131781918,-74.09066579490651,13,TEUSAQUILLO,muestra_sintetica
4.650035353301707,-74.09626127110461,13,TEUSAQUILLO,muestra_sintetica
4.644329763037293,-74.09028775423917,13,TEUSAQUILLO,muestra_sintetica
4.653803940295087,-74.09059790560023,13,TEUSAQUILLO,muestra_sintetica
4.642132389182676,-74.09522525693745,13,TEUSAQUILLO,muestra_sintetica
4.643885491923019,-74.09217624413789,13,TEUSAQUILLO,muestra_sintetica
4.648858142489736,-74.09913136175685,13,TEUSAQUILLO,muestra_sintetica
4.653024409111337,-74.09640341237811,13,TEUSAQUILLO,muestra_sintetica
4.641064760849098,-74.08765309853209,13,TEUSAQUILLO,muestra_sintetica
4.632965935177102,-74.09810510941324,13,TEUSAQUILLO,muestra_sintetica
4.651961886885304,-74.09519875331297,13,TEUSAQUILLO,muestra_sintetica
4.651257016231154,-74.09424652270651,13,TEUSAQUILLO,muestra_sintetica
4.646135897735165,-74.09264411127836,13,TEUSAQUILLO,muestra_sintetica
4.644413162651679,-74.10161477917822,13,TEUSAQUILLO,muestra_sintetica
4.648895150534985,-74.09510449178738,13,TEUSAQUILLO,muestra_sintetica
4.638918176272024,-74.08384750025262,13,TEUSAQUILLO,muestra_sintetica
4.646950012891994,-74.08536609029052,13,TEUSAQUILLO,muestra_sintetica
4.641448422489348,-74.09777191124697,13,TEUSAQUILLO,muestra_sintetica
4.6422694471832076,-74.10198278608527,13,TEUSAQUILLO,muestra_sintetica
4.652811842893623,-74.0867654127423,13,TEUSAQUILLO,muestra_sintetica
4.6409934766517855,-74.10011935102725,13,TEUSAQUILLO,muestra_sintetica
4.645191275637287,-74.09804553128414,13,TEUSAQUILLO,muestra_sintetica
4.648687423016399,-74.09959604321287,13,TEUSAQUILLO,muestra_sintetica
4.646356668848458,-74.09484981419178,13,TEUSAQUILLO,muestra_sintetica
4.642742990008775,-74.09167115126486,13,TEUSAQUILLO,muestra_sintetica
4.646815123047352,-74.09857211158943,13,TEUSAQUILLO,muestra_sintetica
4.639464712883633,-74.09531643285054,13,TEUSAQUILLO,muestra_sintetica
4.650335389042931,-74.10513736844436,13,TEUSAQUILLO,muestra_sintetica
4.647483767874864,-74.0935474983261,13,TEUSAQUILLO,muestra_sintetica
4.649104890577636,-74.09260727753504,13,TEUSAQUILLO,muestra_sintetica
4.644689789798534,-74.09830030009171,13,TEUSAQUILLO,muestra_sintetica
4.653486241886003,-74.09642593542529,13,TEUSAQUILLO,muestra_sintetica
4.644453220473707,-74.09357128509173,13,TEUSAQUILLO,muestra_sintetica
4.648104085189983,-74.09250647931265,13,TEUSAQUILLO,muestra_sintetica
4.646538434193893,-74.09960910717521,13,TEUSAQUILLO,muestra_sintetica
4.64907237227549,-74.10290784798883,13,TEUSAQUILLO,muestra_sintetica
4.64117044578664,-74.09081408129818,13,TEUSAQUILLO,muestra_sintetica
4.6418074559622315,-74.08957874233796,13,TEUSAQUILLO,muestra_sintetica
4.644749801695835,-74.08659834730423,13,TEUSAQUILLO,muestra_sintetica
4.639148012369016,-74.09135590593483,13,TEUSAQUILLO,muestra_sintetica
4.648214685967533,-74.09334536438583,13,TEUSAQUILLO,muestra_sintetica
4.651568724183031,-74.09133612558375,13,TEUSAQUILLO,muestra_sintetica
4.644908494531264,-74.08963998494785,13,TEUSAQUILLO,muestra_sintetica
4.651157591602683,-74.0948552788498,13,TEUSAQUILLO,muestra_sintetica
4.635937400962496,-74.10196985239745,13,TEUSAQUILLO,muestra_sintetica
4.645401467321832,-74.09096424592312,13,TEUSAQUILLO,muestra_sintetica
4.651681867335628,-74.09636444190268,13,TEUSAQUILLO,muestra_sintetica
4.6417211800111895,-74.09013576190479,13,TEUSAQUILLO,muestra_sintetica
4.640060255762029,-74.09509239997533,13,TEUSAQUILLO,muestra_sintetica
4.642374300385255,-74.0946578671167,13,TEUSAQUILLO,muestra_sintetica
4.6527896250573395,-74.09875602589602,13,TEUSAQUILLO,muestra_sintetica
4.6399001907967525,-74.09020316306356,13,TEUSAQUILLO,muestra_sintetica
4.663762073067236,-74.07326112747911,12,BARRIOS UNIDOS,muestra_sintetica
4.671733910778836,-74.07821260179685,12,BARRIOS UNIDOS,muestra_sintetica
4.665786287048835,-74.0729489164263,12,BARRIOS UNIDOS,muestra_sintetica
4.676345288107446,-74.07635814523817,12,BARRIOS UNIDOS,muestra_sintetica
4.676906370667949,-74.07632998547197,12,BARRIOS UNIDOS,muestra_sintetica
4.664927932994336,-74.07607973350649,12,BARRIOS UNIDOS,muestra_sintetica
4.67153327561178,-74.08222531392576,12,BARRIOS UNIDOS,muestra_sintetica
4.676121441640258,-74.07558023004795,12,BARRIOS UNIDOS,muestra_sintetica
4.66696561074232,-74.07052271592957,12,BARRIOS UNIDOS,muestra_sintetica
4.675574527692338,-74.07131434131297,12,BARRIOS UNIDOS,muestra_sintetica
4.670162764103547,-74.06902686982951,12,BARRIOS UNIDOS,muestra_sintetica
4.673722606355256,-74.07748541568063,12,BARRIOS UNIDOS,muestra_sintetica
4.669139629427058,-74.0764714771972,12,BARRIOS UNIDOS,muestra_sintetica
4.666530289828286,-74.07670005631535,12,BARRIOS UNIDOS,muestra_sintetica
4.674257208487905,-74.06799116784984,12,BARRIOS UNIDOS,muestra_sintetica
4.6696788830800156,-74.07222075728093,12,BARRIOS UNIDOS,muestra_sintetica
4.670180522256908,-74.07458728175118,12,BARRIOS UNIDOS,muestra_sintetica
4.671067009965038,-74.07522739934748,12,BARRIOS UNIDOS,muestra_sintetica
4.668035077500482,-74.07516993798161,12,BARRIOS UNIDOS,muestra_sintetica
4.666635697898461,-74.06836988972051,12,BARRIOS UNIDOS,muestra_sintetica
4.6705558408178725,-74.07669605514934,12,BARRIOS UNIDOS,muestra_sintetica
4.667689967563896,-74.07417408673129,12,BARRIOS UNIDOS,muestra_sintetica
4.675557696595498,-74.0662154431653,12,BARRIOS UNIDOS,muestra_sintetica
4.667939304387646,-74.06933094165296,12,BARRIOS UNIDOS,muestra_sintetica
4.668507910441638,-74.07414522606244,12,BARRIOS UNIDOS,muestra_sintetica
4.663326966735608,-74.06952288071618,12,BARRIOS UNIDOS,muestra_sintetica
4.669165222071372,-74.07107282170963,12,BARRIOS UNIDOS,muestra_sintetica
4.66864146431928,-74.07818813377331,12,BARRIOS UNIDOS,muestra_sintetica
4.66899703932434,-74.07594446338538,12,BARRIOS UNIDOS,muestra_sintetica
4.673209753166936,-74.07152231629532,12,BARRIOS UNIDOS,muestra_sintetica
4.670326630805067,-74.07713157149769,12,BARRIOS UNIDOS,muestra_sintetica
4.668736120663644,-74.07294657657644,12,BARRIOS UNIDOS,muestra_sintetica
4.673226232147195,-74.0676952620376,12,BARRIOS UNIDOS,muestra_sintetica
4.664367007765669,-74.067381999797,12,BARRIOS UNIDOS,muestra_sintetica
4.662249384835458,-74.07860115848159,12,BARRIOS UNIDOS,muestra_sintetica
4.676836512786319,-74.0787831070707,12,BARRIOS UNIDOS,muestra_sintetica
4.678088358120033,-74.08106310018167,12,BARRIOS UNIDOS,muestra_sintetica
4.666816882453695,-74.07106923000227,12,BARRIOS UNIDOS,muestra_sintetica
4.671295693259923,-74.06496362420744,12,BARRIOS UNIDOS,muestra_sintetica
4.672609499388588,-74.0706324232225,12,BARRIOS UNIDOS,muestra_sintetica
4.667627839233353,-74.08311750398367,12,BARRIOS UNIDOS,muestra_sintetica
4.669720847792677,-74.07169975849493,12,BARRIOS UNIDOS,muestra_sintetica
4.675187950026588,-74.07071246355352,12,BARRIOS UNIDOS,muestra_sintetica
4.664016113770184,-74.06907737750804,12,BARRIOS UNIDOS,muestra_sintetica
4.674483073327784,-74.06838077832577,12,BARRIOS UNIDOS,muestra_sintetica
4.662801810182834,-74.07484204379453,12,BARRIOS UNIDOS,muestra_sintetica
4.669224730204709,-74.07690388082212,12,BARRIOS UNIDOS,muestra_sintetica
4.668816282514761,-74.06769593001175,12,BARRIOS UNIDOS,muestra_sintetica
4.657479894851916,-74.07830512998426,12,BARRIOS UNIDOS,muestra_sintetica
4.669174366563233,-74.06723785980935,12,BARRIOS UNIDOS,muestra_sintetica
4.669580722234702,-74.07097872459464,12,BARRIOS UNIDOS,muestra_sintetica
4.669052662478097,-74.0752124622486,12,BARRIOS UNIDOS,muestra_sintetica
4.67962054430813,-74.07693450160606,12,BARRIOS UNIDOS,muestra_sintetica
4.664876845641628,-74.07643232522203,12,BARRIOS UNIDOS,muestra_sintetica
4.677795633894365,-74.07032030372535,12,BARRIOS UNIDOS,muestra_sintetica
4.672231759489722,-74.07662161552418,12,BARRIOS UNIDOS,muestra_sintetica
4.671549529895512,-74.0812247714148,12,BARRIOS UNIDOS,muestra_sintetica
4.6693881934811445,-74.062303678839,12,BARRIOS UNIDOS,muestra_sintetica
4.668665745783817,-74.06901954197981,12,BARRIOS UNIDOS,muestra_sintetica
4.667651416529166,-74.0761932460002,12,BARRIOS UNIDOS,muestra_sintetica
4.669596987129716,-74.07017627637626,12,BARRIOS UNIDOS,muestra_sintetica
4.664756227308072,-74.06687478177349,12,BARRIOS UNIDOS,muestra_sintetica
4.662169961271633,-74.0803298182039,12,BARRIOS UNIDOS,muestra_sintetica
4.671153247922367,-74.07381726398434,12,BARRIOS UNIDOS,muestra_sintetica
4.674903474279826,-74.06839183085881,12,BARRIOS UNIDOS,muestra_sintetica
4.666400624376994,-74.0691174614468,12,BARRIOS UNIDOS,muestra_sintetica
4.66824777532655,-74.07945513993951,12,BARRIOS UNIDOS,muestra_sintetica
4.663480656364307,-74.07058554896308,12,BARRIOS UNIDOS,muestra_sintetica
4.672099270182621,-74.07584668312037,12,BARRIOS UNIDOS,muestra_sintetica
4.6651494868953325,-74.07116588894499,12,BARRIOS UNIDOS,muestra_sintetica
4.66893960724459,-74.08127242644392,12,BARRIOS UNIDOS,muestra_sintetica
4.670365542550195,-74.07317665676997,12,BARRIOS UNIDOS,muestra_sintetica
4.665319674757996,-74.06778895108529,12,BARRIOS UNIDOS,muestra_sintetica
4.667804053346853,-74.07950138008279,12,BARRIOS UNIDOS,muestra_sintetica
4.674902634047058,-74.0716733360418,12,BARRIOS UNIDOS,muestra_sintetica
4.667786235455396,-74.07536014890657,12,BARRIOS UNIDOS,muestra_sintetica
4.671229145263837,-74.06912211614467,12,BARRIOS UNIDOS,muestra_sintetica
4.671633524633437,-74.07721776249089,12,BARRIOS UNIDOS,muestra_sintetica
4.6668178459620595,-74.07170805584461,12,BARRIOS UNIDOS,muestra_sintetica
4.672124550765843,-74.07131091959428,12,BARRIOS UNIDOS,muestra_sintetica
4.666150066484708,-74.07820595062815,12,BARRIOS UNIDOS,muestra_sintetica
4.67022452734729,-74.08015546309589,12,BARRIOS UNIDOS,muestra_sintetica
4.6611673565779075,-74.0715471216556,12,BARRIOS UNIDOS,muestra_sintetica
4.674883513455791,-74.07380543646285,12,BARRIOS UNIDOS,muestra_sintetica
4.671391939625041,-74.0736462287459,12,BARRIOS UNIDOS,muestra_sintetica
4.665357379929358,-74.07037465373426,12,BARRIOS UNIDOS,muestra_sintetica
4.676890319956634,-74.07149568884901,12,BARRIOS UNIDOS,muestra_sintetica
4.672078794903803,-74.08097993647114,12,BARRIOS UNIDOS,muestra_sintetica
4.666774104795595,-74.07754037313622,12,BARRIOS UNIDOS,muestra_sintetica
4.674290249969703,-74.06751647529084,12,BARRIOS UNIDOS,muestra_sintetica
4.664680633164129,-74.07480689059277,12,BARRIOS UNIDOS,muestra_sintetica
4.669524747025937,-74.0753538104016,12,BARRIOS UNIDOS,muestra_sintetica
4.671960817333816,-74.07321914326063,12,BARRIOS UNIDOS,muestra_sintetica
4.679255585730609,-74.06814752858453,12,BARRIOS UNIDOS,muestra_sintetica
4.665168845173628,-74.08061481447128,12,BARRIOS UNIDOS,muestra_sintetica
4.664055485024471,-74.07931372172663,12,BARRIOS UNIDOS,muestra_sintetica
4.673712700615571,-74.06607099070447,12,BARRIOS UNIDOS,muestra_sintetica
4.669762766717908,-74.07505320697919,12,BARRIOS UNIDOS,muestra_sintetica
4.674866602375282,-74.07932040038388,12,BARRIOS UNIDOS,muestra_sintetica
4.667901988604283,-74.07340350564562,12,BARRIOS UNIDOS,muestra_sintetica
4.671206918022395,-74.0681790154939,12,BARRIOS UNIDOS,muestra_sintetica
4.672828714696617,-74.07002334193251,12,BARRIOS UNIDOS,muestra_sintetica
4.668067967019325,-74.07521358838093,12,BARRIOS UNIDOS,muestra_sintetica
4.669650914931651,-74.07308359409679,12,BARRIOS UNIDOS,muestra_sintetica
4.668720698128963,-74.06237396105014,12,BARRIOS UNIDOS,muestra_sintetica
4.671220895937454,-74.0696677854934,12,BARRIOS UNIDOS,muestra_sintetica
4.669946544332727,-74.06607096525609,12,BARRIOS UNIDOS,muestra_sintetica
4.663937294999138,-74.07242531025516,12,BARRIOS UNIDOS,muestra_sintetica
4.672354160668531,-74.07145446043714,12,BARRIOS UNIDOS,muestra_sintetica
4.665501987977079,-74.0757408009118,12,BARRIOS UNIDOS,muestra_sintetica
4.662279186517864,-74.067102966656,12,BARRIOS UNIDOS,muestra_sintetica
4.660952056349543,-74.07565678403319,12,BARRIOS UNIDOS,muestra_sintetica
4.666389087207136,-74.06563394385691,12,BARRIOS UNIDOS,muestra_sintetica
4.666596267034401,-74.07468802102106,12,BARRIOS UNIDOS,muestra_sintetica
4.671535711756689,-74.07064883619414,12,BARRIOS UNIDOS,muestra_sintetica
4.679932981298511,-74.0743014934392,12,BARRIOS UNIDOS,muestra_sintetica
4.6641263856299355,-74.07315354661894,12,BARRIOS UNIDOS,muestra_sintetica
4.665230467780945,-74.06894496970226,12,BARRIOS UNIDOS,muestra_sintetica
4.669308792627719,-74.07301445448616,12,BARRIOS UNIDOS,muestra_sintetica
4.677673927455878,-74.06344237475744,12,BARRIOS UNIDOS,muestra_sintetica
4.67202263826534,-74.07143162870017,12,BARRIOS UNIDOS,muestra_sintetica
4.6689794743616995,-74.07025553756623,12,BARRIOS UNIDOS,muestra_sintetica
4.676063168910422,-74.06475436290248,12,BARRIOS UNIDOS,muestra_sintetica
4.6654902547635455,-74.07611716037187,12,BARRIOS UNIDOS,muestra_sintetica
4.66556403626946,-74.07232709256901,12,BARRIOS UNIDOS,muestra_sintetica
4.671029398569266,-74.07405587098756,12,BARRIOS UNIDOS,muestra_sintetica
4.666362434516686,-74.07434205352273,12,BARRIOS UNIDOS,muestra_sintetica
4.671328564649359,-74.07731406555081,12,BARRIOS UNIDOS,muestra_sintetica
4.66834070828878,-74.07737756219365,12,BARRIOS UNIDOS,muestra_sintetica
4.67771361957712,-74.07692173090074,12,BARRIOS UNIDOS,muestra_sintetica
4.670666488127791,-74.0758625230581,12,BARRIOS UNIDOS,muestra_sintetica
4.665771497767307,-74.07318375113735,12,BARRIOS UNIDOS,muestra_sintetica
4.665590635906931,-74.07501319463123,12,BARRIOS UNIDOS,muestra_sintetica
4.67427788911016,-74.0791103272553,12,BARRIOS UNIDOS,muestra_sintetica
4.6650680770793524,-74.07790119941058,12,BARRIOS UNIDOS,muestra_sintetica
4.669470756961345,-74.07117134962009,12,BARRIOS UNIDOS,muestra_sintetica
4.673475929649234,-74.07480852840365,12,BARRIOS UNIDOS,muestra_sintetica
4.681620646520099,-74.06973113497288,12,BARRIOS UNIDOS,muestra_sintetica
4.678308050811694,-74.06585973800374,12,BARRIOS UNIDOS,muestra_sintetica
4.665366701290224,-74.07273218666427,12,BARRIOS UNIDOS,muestra_sintetica
4.667313533341323,-74.07622602140474,12,BARRIOS UNIDOS,muestra_sintetica
4.671778707422097,-74.07288725549574,12,BARRIOS UNIDOS,muestra_sintetica
4.669272777667769,-74.07042733709515,12,BARRIOS UNIDOS,muestra_sintetica
4.666769806612257,-74.07816093925106,12,BARRIOS UNIDOS,muestra_sintetica
4.668681664484267,-74.07407011824205,12,BARRIOS UNIDOS,muestra_sintetica
4.671275848193258,-74.0740823075945,12,BARRIOS UNIDOS,muestra_sintetica
4.676842897421514,-74.07575272834977,12,BARRIOS UNIDOS,muestra_sintetica
4.664844464736808,-74.07679984526392,12,BARRIOS UNIDOS,muestra_sintetica
4.670542008788871,-74.07069165725507,12,BARRIOS UNIDOS,muestra_sintetica
4.664865719481835,-74.06820228018628,12,BARRIOS UNIDOS,muestra_sintetica
4.670760059074222,-74.0749101059328,12,BARRIOS UNIDOS,muestra_sintetica
4.674357620366443,-74.06688900587426,12,BARRIOS UNIDOS,muestra_sintetica
4.671482106992162,-74.07262442979086,12,BARRIOS UNIDOS,muestra_sintetica
4.670803653793231,-74.07940942086444,12,BARRIOS UNIDOS,muestra_sintetica
4.667215860150611,-74.0768632613949,12,BARRIOS UNIDOS,muestra_sintetica
4.661055015988514,-74.07047710428752,12,BARRIOS UNIDOS,muestra_sintetica
4.672395746084752,-74.06476379161103,12,BARRIOS UNIDOS,muestra_sintetica
4.672157099792447,-74.07436508303694,12,BARRIOS UNIDOS,muestra_sintetica
4.602125755679951,-74.06507554432845,03,SANTA FE,muestra_sintetica
4.603067695449057,-74.06956412552182,03,SANTA FE,muestra_sintetica
4.606463268922665,-74.066925798185,03,SANTA FE,muestra_sintetica
4.604590261577222,-74.05818709696028,03,SANTA FE,muestra_sintetica
4.611097693741504,-74.06401068313572,03,SANTA FE,muestra_sintetica
4.605645665648298,-74.06558090073761,03,SANTA FE,muestra_sintetica
4.602433010641372,-74.06741821771607,03,SANTA FE,muestra_sintetica
4.604678831271234,-74.06115985355876,03,SANTA FE,muestra_sintetica
4.605026219277279,-74.06984898804782,03,SANTA FE,muestra_sintetica
4.603080987804662,-74.0679815194518,03,SANTA FE,muestra_sintetica
4.607444475177656,-74.06323238224759,03,SANTA FE,muestra_sintetica
4.612099989179145,-74.06178202526199,03,SANTA FE,muestra_sintetica
4.595390525221422,-74.07076721207862,03,SANTA FE,muestra_sintetica
4.610308953907296,-74.06311688536252,03,SANTA FE,muestra_sintetica
4.602684542278875,-74.06575364963764,03,SANTA FE,muestra_sintetica
4.598788400025495,-74.06386652715457,03,SANTA FE,muestra_sintetica
4.6018430862974,-74.0634775259609,03,SANTA FE,muestra_sintetica
4.596597001357127,-74.06677932855942,03,SANTA FE,muestra_sintetica
4.605945036365287,-74.06435438788692,03,SANTA FE,muestra_sintetica
4.606035190915804,-74.06687390295153,03,SANTA FE,muestra_sintetica
4.607976060029461,-74.06748643977652,03,SANTA FE,muestra_sintetica
4.604669268157793,-74.06348188735095,03,SANTA FE,muestra_sintetica
4.607216869732305,-74.0728681841039,03,SANTA FE,muestra_sintetica
4.605033130895948,-74.07253339525649,03,SANTA FE,muestra_sintetica
4.601624977649987,-74.06778339541617,03,SANTA FE,muestra_sintetica
4.609411104658487,-74.0657986543934,03,SANTA FE,muestra_sintetica
4.6018978439652525,-74.0640685063434,03,SANTA FE,muestra_sintetica
4.6031110952375425,-74.06156666517823,03,SANTA FE,muestra_sintetica
4.601403140248559,-74.06591461390109,03,SANTA FE,muestra_sintetica
4.601027805560657,-74.06186803461452,03,SANTA FE,muestra_sintetica
4.592704550781331,-74.06711232164552,03,SANTA FE,muestra_sintetica
4.604384012656309,-74.06750972948836,03,SANTA FE,muestra_sintetica
4.599110605724981,-74.05911563406727,03,SANTA FE,muestra_sintetica
4.599479557053123,-74.06867668440648,03,SANTA FE,muestra_sintetica
4.60266574229734,-74.06679054432777,03,SANTA FE,muestra_sintetica
4.604106058266623,-74.0656131460484,03,SANTA FE,muestra_sintetica
4.60345559630757,-74.06440065912388,03,SANTA FE,muestra_sintetica
4.5977031903990815,-74.06719259679186,03,SANTA FE,muestra_sintetica
4.598963490824618,-74.06637973254243,03,SANTA FE,muestra_sintetica
4.603143557588398,-74.06364422898372,03,SANTA FE,muestra_sintetica
4.603788902213814,-74.06349932222159,03,SANTA FE,muestra_sintetica
4.601627626494718,-74.06141355787575,03,SANTA FE,muestra_sintetica
4.604919166780875,-74.06175108645932,03,SANTA FE,muestra_sintetica
4.599212160747782,-74.06766524040411,03,SANTA FE,muestra_sintetica
4.598545946605258,-74.05747845173997,03,SANTA FE,muestra_sintetica
4.607682269466783,-74.0677328618578,03,SANTA FE,muestra_sintetica
4.6034472943243285,-74.07132538927291,03,SANTA FE,muestra_sintetica
4.612390507208117,-74.0697170385149,03,SANTA FE,muestra_sintetica
4.598130178964073,-74.06656770582906,03,SANTA FE,muestra_sintetica
4.605098688574608,-74.06853249909149,03,SANTA FE,muestra_sintetica
4.603735116298991,-74.06391388583762,03,SANTA FE,muestra_sintetica
4.604429227626603,-74.06512092496897,03,SANTA FE,muestra_sintetica
4.60237347887085,-74.05952866211801,03,SANTA FE,muestra_sintetica
4.606093412591471,-74.06446247058214,03,SANTA FE,muestra_sintetica
4.603449959971766,-74.0683636467185,03,SANTA FE,muestra_sintetica
4.606901404631157,-74.06066938392384,03,SANTA FE,muestra_sintetica
4.601369425940032,-74.06583151551477,03,SANTA FE,muestra_sintetica
4.605014522787444,-74.06057007581063,03,SANTA FE,muestra_sintetica
4.611819679525505,-74.08044267973118,03,SANTA FE,muestra_sintetica
4.602322942470183,-74.06753192835974,03,SANTA FE,muestra_sintetica
4.606733647784499,-74.0615614824985,03,SANTA FE,muestra_sintetica
4.604321213168129,-74.05712253782723,03,SANTA FE,muestra_sintetica
4.611504252888257,-74.0635796752858,03,SANTA FE,muestra_sintetica
4.60002497893066,-74.06607820126202,03,SANTA FE,muestra_sintetica
4.601042848285298,-74.06448359578556,03,SANTA FE,muestra_sintetica
4.592702990372382,-74.06635273991398,03,SANTA FE,muestra_sintetica
4.609942060261473,-74.06370116136527,03,SANTA FE,muestra_sintetica
4.6064150362470855,-74.05979694470604,03,SANTA FE,muestra_sintetica
4.602557118276568,-74.06402789097126,03,SANTA FE,muestra_sintetica
4.613226063563533,-74.07102036490875,03,SANTA FE,muestra_sintetica
4.604576794037159,-74.06560671247348,03,SANTA FE,muestra_sintetica
4.597624671265565,-74.05511338387699,03,SANTA FE,muestra_sintetica
4.595220754422745,-74.07145194378322,03,SANTA FE,muestra_sintetica
4.595153805334369,-74.06264258270694,03,SANTA FE,muestra_sintetica
4.607143683517712,-74.06172222761589,03,SANTA FE,muestra_sintetica
4.596257019387495,-74.06714903154617,03,SANTA FE,muestra_sintetica
4.611619032058435,-74.06266370810219,03,SANTA FE,muestra_sintetica
4.607707229781143,-74.06596963751905,03,SANTA FE,muestra_sintetica
4.605981773695447,-74.06050873102431,03,SANTA FE,muestra_sintetica
4.604107062128462,-74.0644909867479,03,SANTA FE,muestra_sintetica
4.597630573416742,-74.0615389858416,03,SANTA FE,muestra_sintetica
4.608693276374312,-74.06957077771038,03,SANTA FE,muestra_sintetica
4.600375386831077,-74.06046287333771,03,SANTA FE,muestra_sintetica
4.605839186369206,-74.07228217856162,03,SANTA FE,muestra_sintetica
4.606035812376784,-74.05586886833451,03,SANTA FE,muestra_sintetica
4.601938750707637,-74.0577866768459,03,SANTA FE,muestra_sintetica
4.6054159963479036,-74.0601737834973,03,SANTA FE,muestra_sintetica
4.596858844080111,-74.07077383618471,03,SANTA FE,muestra_sintetica
4.59565016320502,-74.06370236990342,03,SANTA FE,muestra_sintetica
4.6068228911966065,-74.06406678277058,03,SANTA FE,muestra_sintetica
4.604689862489828,-74.06797851243158,03,SANTA FE,muestra_sintetica
4.602399926345856,-74.06477011402941,03,SANTA FE,muestra_sintetica
4.602791415868033,-74.06864395411299,03,SANTA FE,muestra_sintetica
4.599536885125102,-74.06273929115379,03,SANTA FE,muestra_sintetica
4.604122797794651,-74.07099279884527,03,SANTA FE,muestra_sintetica
4.598411481933603,-74.0674924600553,03,SANTA FE,muestra_sintetica
4.597349428417198,-74.06428430577247,03,SANTA FE,muestra_sintetica
4.6009378544817,-74.06161250340668,03,SANTA FE,muestra_sintetica
4.6051260971777435,-74.05798679349729,03,SANTA FE,muestra_sintetica
4.602394352387231,-74.06695126290836,03,SANTA FE,muestra_sintetica
4.603112685752514,-74.06545941172584,03,SANTA FE,muestra_sintetica
4.610458212003068,-74.07203056111662,03,SANTA FE,muestra_sintetica
4.604350734791266,-74.06539673616864,03,SANTA FE,muestra_sintetica
4.602494843085999,-74.06699083928957,03,SANTA FE,muestra_sintetica
4.599202465375542,-74.0575206913944,03,SANTA FE,muestra_sintetica
4.6101036914398374,-74.0706166079836,03,SANTA FE,muestra_sintetica
4.589014844213619,-74.06008157817396,03,SANTA FE,muestra_sintetica
4.611302703151839,-74.06966197888264,03,SANTA FE,muestra_sintetica
4.60486020863632,-74.06785006331785,03,SANTA FE,muestra_sintetica
4.604476756245229,-74.07122674904436,03,SANTA FE,muestra_sintetica
4.60326686158985,-74.06523408656886,03,SANTA FE,muestra_sintetica
4.599623322600876,-74.06530694420249,03,SANTA FE,muestra_sintetica
4.602162088253521,-74.05956719873373,03,SANTA FE,muestra_sintetica
4.606957372652154,-74.07344858308919,03,SANTA FE,muestra_sintetica
4.600951081959906,-74.06694440526597,03,SANTA FE,muestra_sintetica
4.603031617612531,-74.06205831484358,03,SANTA FE,muestra_sintetica
4.61097528741627,-74.0662576633214,03,SANTA FE,muestra_sintetica
4.598887447313145,-74.06204108557442,03,SANTA FE,muestra_sintetica
4.608347333639093,-74.06061831028907,03,SANTA FE,muestra_sintetica
4.602229976835476,-74.05755002946673,03,SANTA FE,muestra_sintetica
4.6049460135104425,-74.06848722134755,03,SANTA FE,muestra_sintetica
4.607962042801156,-74.06728574724438,03,SANTA FE,muestra_sintetica
4.602548145469553,-74.0615203769988,03,SANTA FE,muestra_sintetica
4.600228800164863,-74.05335608394748,03,SANTA FE,muestra_sintetica
4.593977000697374,-74.06619147237042,03,SANTA FE,muestra_sintetica
4.608464938131378,-74.06188446276384,03,SANTA FE,muestra_sintetica
4.60664684034629,-74.07295509420544,03,SANTA FE,muestra_sintetica
4.603818288418267,-74.06939418019748,03,SANTA FE,muestra_sintetica
4.602531867687003,-74.06464090007239,03,SANTA FE,muestra_sintetica
4.600485980431666,-74.0631336245641,03,SANTA FE,muestra_sintetica
4.608981837285848,-74.0630439193546,03,SANTA FE,muestra_sintetica
4.602771533232406,-74.05705978617605,03,SANTA FE,muestra_sintetica
4.597357989814931,-74.06652190012208,03,SANTA FE,muestra_sintetica
4.606843590475122,-74.06042344551503,03,SANTA FE,muestra_sintetica
4.596696588081873,-74.06539983659788,03,SANTA FE,muestra_sintetica
4.601818013739049,-74.06406493161411,03,SANTA FE,muestra_sintetica
4.603022715888773,-74.06288310733501,03,SANTA FE,muestra_sintetica
4.601802751449947,-74.06551036217991,03,SANTA FE,muestra_sintetica
4.612628131252294,-74.0897296037005,14,LOS MÁRTIRES,muestra_sintetica
4.60371363796408,-74.09145123074182,14,LOS MÁRTIRES,muestra_sintetica
4.606429150380092,-74.09851841550788,14,LOS MÁRTIRES,muestra_sintetica
4.605982745996955,-74.09100968262217,14,LOS MÁRTIRES,muestra_sintetica
4.604539543192791,-74.0884094867843,14,LOS MÁRTIRES,muestra_sintetica
4.614144951823043,-74.09865434288322,14,LOS MÁRTIRES,muestra_sintetica
4.59951500221103,-74.09495341697398,14,LOS MÁRTIRES,muestra_sintetica
4.605734289049254,-74.09580779788298,14,LOS MÁRTIRES,muestra_sintetica
4.604539805818021,-74.100308273467,14,LOS MÁRTIRES,muestra_sintetica
4.616852289006937,-74.10192842916472,14,LOS MÁRTIRES,muestra_sintetica
4.602830040943237,-74.09157058955756,14,LOS MÁRTIRES,muestra_sintetica
4.608678073758808,-74.09598545842833,14,LOS MÁRTIRES,muestra_sintetica
4.607901258591466,-74.09587287867222,14,LOS MÁRTIRES,muestra_sintetica
4.605271949018186,-74.10346694092826,14,LOS MÁRTIRES,muestra_sintetica
4.612320269134754,-74.09543649209256,14,LOS MÁRTIRES,muestra_sintetica
4.6062264768354195,-74.094617356865,14,LOS MÁRTIRES,muestra_sintetica
4.612942506661558,-74.09681978680753,14,LOS MÁRTIRES,muestra_sintetica
4.611230532165842,-74.09944814002874,14,LOS MÁRTIRES,muestra_sintetica
4.610168010419918,-74.09556054246816,14,LOS MÁRTIRES,muestra_sintetica
4.617922607448647,-74.1042594925198,14,LOS MÁRTIRES,muestra_sintetica
4.610053215480821,-74.0953623532347,14,LOS MÁRTIRES,muestra_sintetica
4.612283408696128,-74.09808762918297,14,LOS MÁRTIRES,muestra_sintetica
4.602032297703569,-74.0980743396783,14,LOS MÁRTIRES,muestra_sintetica
4.607184504809058,-74.09443391522369,14,LOS MÁRTIRES,muestra_sintetica
4.609287488956432,-74.09937131393866,14,LOS MÁRTIRES,muestra_sintetica
4.608972881221845,-74.09496416720121,14,LOS MÁRTIRES,muestra_sintetica
4.607437154348906,-74.09435078672882,14,LOS MÁRTIRES,muestra_sintetica
4.604927522769681,-74.09977664237901,14,LOS MÁRTIRES,muestra_sintetica
4.6125481893350475,-74.09264349093411,14,LOS MÁRTIRES,muestra_sintetica
4.606819911868441,-74.09893508153684,14,LOS MÁRTIRES,muestra_sintetica
4.604099419746383,-74.10002370245553,14,LOS MÁRTIRES,muestra_sintetica
4.6012700828526825,-74.08954233237026,14,LOS MÁRTIRES,muestra_sintetica
4.601157350444321,-74.0930360997926,14,LOS MÁRTIRES,muestra_sintetica
4.612089908091052,-74.1007266105099,14,LOS MÁRTIRES,muestra_sintetica
4.610795361976695,-74.09008149940576,14,LOS MÁRTIRES,muestra_sintetica
4.615448187443657,-74.10200097258942,14,LOS MÁRTIRES,muestra_sintetica
4.614430049501812,-74.09486585580244,14,LOS MÁRTIRES,muestra_sintetica
4.606771009024884,-74.09630779200036,14,LOS MÁRTIRES,muestra_sintetica
4.615856500193009,-74.0940438879397,14,LOS MÁRTIRES,muestra_sintetica
4.613109633372741,-74.101005601486,14,LOS MÁRTIRES,muestra_sintetica
4.609248056192229,-74.09615512514375,14,LOS MÁRTIRES,muestra_sintetica
4.598702925474744,-74.09761240062184,14,LOS MÁRTIRES,muestra_sintetica
4.607715470675322,-74.09486872626128,14,LOS MÁRTIRES,muestra_sintetica
4.6119619985957705,-74.0919820131767,14,LOS MÁRTIRES,muestra_sintetica
4.599278568828737,-74.09787468396965,14,LOS MÁRTIRES,muestra_sintetica
4.612291193783065,-74.09455013902507,14,LOS MÁRTIRES,muestra_sintetica
4.6129978942202605,-74.08994391382048,14,LOS MÁRTIRES,muestra_sintetica
4.6053375865008,-74.10018221082707,14,LOS MÁRTIRES,muestra_sintetica
4.611539785975873,-74.09542603432227,14,LOS MÁRTIRES,muestra_sintetica
4.609656179876099,-74.09719253804785,14,LOS MÁRTIRES,muestra_sintetica
4.605035717529011,-74.10081295504439,14,LOS MÁRTIRES,muestra_sintetica
4.607778114969699,-74.09893313517071,14,LOS MÁRTIRES,muestra_sintetica
4.620465095204262,-74.08558097299277,14,LOS MÁRTIRES,muestra_sintetica
4.606418563708538,-74.0921332266259,14,LOS MÁRTIRES,muestra_sintetica
4.614208630655857,-74.09856337378828,14,LOS MÁRTIRES,muestra_sintetica
4.602874389453128,-74.09788742099197,14,LOS MÁRTIRES,muestra_sintetica
4.608745120147593,-74.0881075430416,14,LOS MÁRTIRES,muestra_sintetica
4.6160625416442596,-74.09490069445762,14,LOS MÁRTIRES,muestra_sintetica
4.604767069163006,-74.09798120236272,14,LOS MÁRTIRES,muestra_sintetica
4.607983177178261,-74.09511693372257,14,LOS MÁRTIRES,muestra_sintetica
4.607798750846874,-74.0968290554978,14,LOS MÁRTIRES,muestra_sintetica
4.609833386494757,-74.08834005214578,14,LOS MÁRTIRES,muestra_sintetica
4.619047438251137,-74.0934658576324,14,LOS MÁRTIRES,muestra_sintetica
4.61308022996934,-74.09695858854444,14,LOS MÁRTIRES,muestra_sintetica
4.6086034429274285,-74.1025869616477,14,LOS MÁRTIRES,muestra_sintetica
4.606274454083891,-74.08449875060126,14,LOS MÁRTIRES,muestra_sintetica
4.611786939421744,-74.10658912125622,14,LOS MÁRTIRES,muestra_sintetica
4.619720205084645,-74.09329544204296,14,LOS MÁRTIRES,muestra_sintetica
4.6056600310958355,-74.09751666827948,14,LOS MÁRTIRES,muestra_sintetica
4.607767561989764,-74.09773426284694,14,LOS MÁRTIRES,muestra_sintetica
4.608623191509535,-74.0979420067176,14,LOS MÁRTIRES,muestra_sintetica
4.606314442345666,-74.09884911695576,14,LOS MÁRTIRES,muestra_sintetica
4.606538235479817,-74.09461307958898,14,LOS MÁRTIRES,muestra_sintetica
4.607913753340509,-74.09500705485522,14,LOS MÁRTIRES,muestra_sintetica
4.617061778403124,-74.09964679836656,14,LOS MÁRTIRES,muestra_sintetica
4.601483315997371,-74.09055782649395,14,LOS MÁRTIRES,muestra_sintetica
4.602794512076869,-74.09236223628844,14,LOS MÁRTIRES,muestra_sintetica
4.607007903745849,-74.09755641131649,14,LOS MÁRTIRES,muestra_sintetica
4.611464585238429,-74.09747609314431,14,LOS MÁRTIRES,muestra_sintetica
4.608387414828473,-74.10031474914517,14,LOS MÁRTIRES,muestra_sintetica
4.614202186101992,-74.09289404725172,14,LOS MÁRTIRES,muestra_sintetica
4.604144245542003,-74.10197994627521,14,LOS MÁRTIRES,muestra_sintetica
4.605462640384549,-74.09636668193524,14,LOS MÁRTIRES,muestra_sintetica
4.610397220198616,-74.1025282934607,14,LOS MÁRTIRES,muestra_sintetica
4.612406679097256,-74.09847817995801,14,LOS MÁRTIRES,muestra_sintetica
4.61128558454422,-74.09054796492865,14,LOS MÁRTIRES,muestra_sintetica
4.606329109544496,-74.09907068358596,14,LOS MÁRTIRES,muestra_sintetica
4.607482946512663,-74.09173382190258,14,LOS MÁRTIRES,muestra_sintetica
4.6188599889213116,-74.09960624018005,14,LOS MÁRTIRES,muestra_sintetica
4.610572785715535,-74.09633824145499,14,LOS MÁRTIRES,muestra_sintetica
4.607330089490719,-74.10002201283336,14,LOS MÁRTIRES,muestra_sintetica
4.617513500693136,-74.09478630978435,14,LOS MÁRTIRES,muestra_sintetica
4.608775170272292,-74.09464991083448,14,LOS MÁRTIRES,muestra_sintetica
4.615385623973021,-74.09355667557853,14,LOS MÁRTIRES,muestra_sintetica
4.608428961451061,-74.09576098269176,14,LOS MÁRTIRES,muestra_sintetica
4.608374551705302,-74.08840514376337,14,LOS MÁRTIRES,muestra_sintetica
4.615968199138145,-74.09954010206529,14,LOS MÁRTIRES,muestra_sintetica
4.612898996910057,-74.1011595445507,14,LOS MÁRTIRES,muestra_sintetica
4.603115154858975,-74.0898162199145,14,LOS MÁRTIRES,muestra_sintetica
4.608453450377901,-74.09603783402416,14,LOS MÁRTIRES,muestra_sintetica
4.60329757147457,-74.09639144969613,14,LOS MÁRTIRES,muestra_sintetica
4.615936966053352,-74.09773483768848,14,LOS MÁRTIRES,muestra_sintetica
4.610705693195602,-74.09252615804722,14,LOS MÁRTIRES,muestra_sintetica
4.611326587000109,-74.09568157684278,14,LOS MÁRTIRES,muestra_sintetica
4.606209510485616,-74.101393057879,14,LOS MÁRTIRES,muestra_sintetica
4.611998757510489,-74.09324407983821,14,LOS MÁRTIRES,muestra_sintetica
4.608090889919426,-74.09824461429476,14,LOS MÁRTIRES,muestra_sintetica
4.606887259614566,-74.0965661937765,14,LOS MÁRTIRES,muestra_sintetica
4.604901045261083,-74.09576316802163,14,LOS MÁRTIRES,muestra_sintetica
4.627300836627036,-74.09677492914467,14,LOS MÁRTIRES,muestra_sintetica
4.614106339099714,-74.1007069024821,14,LOS MÁRTIRES,muestra_sintetica
4.620526777160343,-74.09224761050514,14,LOS MÁRTIRES,muestra_sintetica
4.616727797332156,-74.08753924965251,14,LOS MÁRTIRES,muestra_sintetica
4.615004706306841,-74.0921935580877,14,LOS MÁRTIRES,muestra_sintetica
4.608167461576841,-74.09632581691018,14,LOS MÁRTIRES,muestra_sintetica
4.610131433373928,-74.10777748106919,14,LOS MÁRTIRES,muestra_sintetica
4.607334076524226,-74.08895947537526,14,LOS MÁRTIRES,muestra_sintetica
4.612997537102924,-74.10044787960801,14,LOS MÁRTIRES,muestra_sintetica
4.60760443554772,-74.09695088104976,14,LOS MÁRTIRES,muestra_sintetica
4.598536741218351,-74.10049882408973,14,LOS MÁRTIRES,muestra_sintetica
4.606189219028221,-74.09960696778141,14,LOS MÁRTIRES,muestra_sintetica
4.619020366987648,-74.0973112280222,14,LOS MÁRTIRES,muestra_sintetica
4.606259894894052,-74.10271392367238,14,LOS MÁRTIRES,muestra_sintetica
4.601938149915255,-74.0884196945562,14,LOS MÁRTIRES,muestra_sintetica
4.616301688414001,-74.0995897853456,14,LOS MÁRTIRES,muestra_sintetica
4.608185417543349,-74.09876834463888,14,LOS MÁRTIRES,muestra_sintetica
4.6154187587654745,-74.09778105033098,14,LOS MÁRTIRES,muestra_sintetica
4.604540672629215,-74.09371030802986,14,LOS MÁRTIRES,muestra_sintetica
4.606265131780429,-74.09887629848869,14,LOS MÁRTIRES,muestra_sintetica
4.605479533479993,-74.09612044045878,14,LOS MÁRTIRES,muestra_sintetica
4.610449127694995,-74.12256229678856,06,TUNJUELITO,muestra_sintetica
4.607102298891407,-74.12066747332422,06,TUNJUELITO,muestra_sintetica
4.607061632638862,-74.11935889692569,06,TUNJUELITO,muestra_sintetica
4.609468762001625,-74.12291567935935,06,TUNJUELITO,muestra_sintetica
4.611240248851335,-74.12071204036049,06,TUNJUELITO,muestra_sintetica
4.617694483789479,-74.12094654124483,06,TUNJUELITO,muestra_sintetica
4.604961167373145,-74.12086020488333,06,TUNJUELITO,muestra_sintetica
4.6079259075065035,-74.12287854086937,06,TUNJUELITO,muestra_sintetica
4.610027671883211,-74.11801896483699,06,TUNJUELITO,muestra_sintetica
4.619213460224283,-74.11604769938268,06,TUNJUELITO,muestra_sintetica
4.610352970874442,-74.12703435591297,06,TUNJUELITO,muestra_sintetica
4.609212388803673,-74.12082669640934,06,TUNJUELITO,muestra_sintetica
4.606376857384887,-74.12559058997739,06,TUNJUELITO,muestra_sintetica
4.613618302533386,-74.11850165530151,06,TUNJUELITO,muestra_sintetica
4.607723898383636,-74.11941636250516,06,TUNJUELITO,muestra_sintetica
4.605028713736104,-74.1223477126393,06,TUNJUELITO,muestra_sintetica
4.609793380396596,-74.12134546489743,06,TUNJUELITO,muestra_sintetica
4.6131616591511415,-74.1186724304746,06,TUNJUELITO,muestra_sintetica
4.603287958104673,-74.12116224864201,06,TUNJUELITO,muestra_sintetica
4.61126247237025,-74.11781228655303,06,TUNJUELITO,muestra_sintetica
4.608165884917148,-74.11611945515912,06,TUNJUELITO,muestra_sintetica
4.609596519088672,-74.11471245821984,06,TUNJUELITO,muestra_sintetica
4.616502040208118,-74.12013509122404,06,TUNJUELITO,muestra_sintetica
4.608386451127341,-74.11946769824874,06,TUNJUELITO,muestra_sintetica
4.61270748149833,-74.12056385359226,06,TUNJUELITO,muestra_sintetica
4.6077474788230965,-74.11872854061006,06,TUNJUELITO,muestra_sintetica
4.613140004218021,-74.11739895156897,06,TUNJUELITO,muestra_sintetica
4.619236943715091,-74.11492760397142,06,TUNJUELITO,muestra_sintetica
4.6091829714975505,-74.1196223408582,06,TUNJUELITO,muestra_sintetica
4.605338074800103,-74.11864462036037,06,TUNJUELITO,muestra_sintetica
4.604921080450489,-74.11324868674103,06,TUNJUELITO,muestra_sintetica
4.611135771998539,-74.11684359000054,06,TUNJUELITO,muestra_sintetica
4.602814157326194,-74.11544588194178,06,TUNJUELITO,muestra_sintetica
4.612147064550965,-74.1164887846338,06,TUNJUELITO,muestra_sintetica
4.607320259034302,-74.1170596210967,06,TUNJUELITO,muestra_sintetica
4.613013809263899,-74.11677064565588,06,TUNJUELITO,muestra_sintetica
4.606922187803139,-74.12165786439968,06,TUNJUELITO,muestra_sintetica
4.616244332024029,-74.1155826359792,06,TUNJUELITO,muestra_sintetica
4.60325567543907,-74.11264344966136,06,TUNJUELITO,muestra_sintetica
4.609030476259453,-74.12864243170571,06,TUNJUELITO,muestra_sintetica
4.609099765157112,-74.1178770400726,06,TUNJUELITO,muestra_sintetica
4.610347748548676,-74.11976424823028,06,TUNJUELITO,muestra_sintetica
4.59823814167754,-74.1196047461726,06,TUNJUELITO,muestra_sintetica
4.608840856559494,-74.11189351071663,06,TUNJUELITO,muestra_sintetica
4.612739397864416,-74.12440663250354,06,TUNJUELITO,muestra_sintetica
4.619872454673669,-74.1150057447552,06,TUNJUELITO,muestra_sintetica
4.612412318432774,-74.12111867253589,06,TUNJUELITO,muestra_sintetica
4.608683412958373,-74.1193814847493,06,TUNJUELITO,muestra_sintetica
4.609238895715944,-74.1201156568293,06,TUNJUELITO,muestra_sintetica
4.613893934126483,-74.12636003633544,06,TUNJUELITO,muestra_sintetica
4.606420800293578,-74.10558919192437,06,TUNJUELITO,muestra_sintetica
4.61177281426332,-74.11766480143523,06,TUNJUELITO,muestra_sintetica
4.606573854515822,-74.11365265473044,06,TUNJUELITO,muestra_sintetica
4.612223447982079,-74.12187368589333,06,TUNJUELITO,muestra_sintetica
4.6106189723899,-74.11833804084178,06,TUNJUELITO,muestra_sintetica
4.611562605051569,-74.12802558003254,06,TUNJUELITO,muestra_sintetica
4.614366752382318,-74.11777518629722,06,TUNJUELITO,muestra_sintetica
4.608358914235112,-74.1235952103323,06,TUNJUELITO,muestra_sintetica
4.613634100286759,-74.11507023928085,06,TUNJUELITO,muestra_sintetica
4.602793275391727,-74.11943379676727,06,TUNJUELITO,muestra_sintetica
4.604827875885173,-74.11624933726124,06,TUNJUELITO,muestra_sintetica
4.613216819446188,-74.11196554965966,06,TUNJUELITO,muestra_sintetica
4.608639214435511,-74.11475056934003,06,TUNJUELITO,muestra_sintetica
4.611140321559921,-74.12067159930265,06,TUNJUELITO,muestra_sintetica
4.602881871513429,-74.12079991693413,06,TUNJUELITO,muestra_sintetica
4.613883219101303,-74.12514345253376,06,TUNJUELITO,muestra_sintetica
4.61281201484017,-74.11084288578407,06,TUNJUELITO,muestra_sintetica
4.616050521594313,-74.12284427507132,06,TUNJUELITO,muestra_sintetica
4.6113475906225005,-74.11340629603578,06,TUNJUELITO,muestra_sintetica
4.611638206232155,-74.1199091876492,06,TUNJUELITO,muestra_sintetica
4.606460451144984,-74.12561310544602,06,TUNJUELITO,muestra_sintetica
4.615673266789165,-74.12287102229544,06,TUNJUELITO,muestra_sintetica
4.616059743051435,-74.12141772601181,06,TUNJUELITO,muestra_sintetica
4.608448257730905,-74.11334569945878,06,TUNJUELITO,muestra_sintetica
4.613359534333393,-74.11832105257425,06,TUNJUELITO,muestra_sintetica
4.61061264686826,-74.12339055688416,06,TUNJUELITO,muestra_sintetica
4.613049673417651,-74.12113025936411,06,TUNJUELITO,muestra_sintetica
4.605798194358177,-74.11902767397999,06,TUNJUELITO,muestra_sintetica
4.606772176008561,-74.11217081144653,06,TUNJUELITO,muestra_sintetica
4.6143978003801225,-74.11264942938485,06,TUNJUELITO,muestra_sintetica
4.61186830104241,-74.11788035919054,06,TUNJUELITO,muestra_sintetica
4.6173431287065085,-74.12467785761116,06,TUNJUELITO,muestra_sintetica
4.609496365441343,-74.1206171667526,06,TUNJUELITO,muestra_sintetica
4.615637319644079,-74.11674799757557,06,TUNJUELITO,muestra_sintetica
4.610732321240868,-74.12335718565818,06,TUNJUELITO,muestra_sintetica
4.60943281138803,-74.11698263445152,06,TUNJUELITO,muestra_sintetica
4.604854717534885,-74.11692504306743,06,TUNJUELITO,muestra_sintetica
4.6124865310247465,-74.12484266668083,06,TUNJUELITO,muestra_sintetica
4.609869795965853,-74.11729352731113,06,TUNJUELITO,muestra_sintetica
4.603262518029021,-74.11269770321252,06,TUNJUELITO,muestra_sintetica
4.612256510457958,-74.12327193104464,06,TUNJUELITO,muestra_sintetica
4.604528412164718,-74.10811400517686,06,TUNJUELITO,muestra_sintetica
4.6044152150955036,-74.1210312169794,06,TUNJUELITO,muestra_sintetica
4.610682269112542,-74.11346745217723,06,TUNJUELITO,muestra_sintetica
4.6095883006516765,-74.11398142986356,06,TUNJUELITO,muestra_sintetica
4.608618959896683,-74.1221961671182,06,TUNJUELITO,muestra_sintetica
4.609827138195552,-74.1240621113103,06,TUNJUELITO,muestra_sintetica
4.598659490337556,-74.11740597879924,06,TUNJUELITO,muestra_sintetica
4.610000090907525,-74.12192635615018,06,TUNJUELITO,muestra_sintetica
4.622114324015054,-74.11797198538807,06,TUNJUELITO,muestra_sintetica
4.610355680293644,-74.11545684076621,06,TUNJUELITO,muestra_sintetica
4.614001681654432,-74.12460592119622,06,TUNJUELITO,muestra_sintetica
4.610766302753327,-74.11491373260061,06,TUNJUELITO,muestra_sintetica
4.606601389522937,-74.1201838894297,06,TUNJUELITO,muestra_sintetica
4.607608799672672,-74.11137786272612,06,TUNJUELITO,muestra_sintetica
4.614178463015235,-74.11851259297526,06,TUNJUELITO,muestra_sintetica
4.6002946635352,-74.11852508834168,06,TUNJUELITO,muestra_sintetica
4.618006796760592,-74.12274564390002,06,TUNJUELITO,muestra_sintetica
4.6127015629598755,-74.11915490618748,06,TUNJUELITO,muestra_sintetica
4.607115421388223,-74.11805316623627,06,TUNJUELITO,muestra_sintetica
4.611915635192403,-74.12380431302688,06,TUNJUELITO,muestra_sintetica
4.6019792762710425,-74.11846778802021,06,TUNJUELITO,muestra_sintetica
4.615616347111647,-74.1143969325826,06,TUNJUELITO,muestra_sintetica
4.6102739356069895,-74.12006922255844,06,TUNJUELITO,muestra_sintetica
4.609065295690106,-74.11800798116278,06,TUNJUELITO,muestra_sintetica
4.604592828739777,-74.12701634637263,06,TUNJUELITO,muestra_sintetica
4.617931450483602,-74.1154137742554,06,TUNJUELITO,muestra_sintetica
4.607776213995008,-74.1214097928525,06,TUNJUELITO,muestra_sintetica
4.604509281003418,-74.12358763240856,06,TUNJUELITO,muestra_sintetica
4.6165465070845615,-74.12567538181064,06,TUNJUELITO,muestra_sintetica
4.608970208965371,-74.11914708349012,06,TUNJUELITO,muestra_sintetica
4.61554308071592,-74.1170645352734,06,TUNJUELITO,muestra_sintetica
4.612988819256949,-74.12050889878552,06,TUNJUELITO,muestra_sintetica
4.588090908888018,-74.1070309781092,15,ANTONIO NARIÑO,muestra_sintetica
4.595092641674582,-74.1115429579177,15,ANTONIO NARIÑO,muestra_sintetica
4.593112990393284,-74.10595457940649,15,ANTONIO NARIÑO,muestra_sintetica
4.595910645900244,-74.10701235616652,15,ANTONIO NARIÑO,muestra_sintetica
4.5978464377487285,-74.1132675091945,15,ANTONIO NARIÑO,muestra_sintetica
4.592154723371387,-74.11130148703178,15,ANTONIO NARIÑO,muestra_sintetica
4.594994905769369,-74.11412951325988,15,ANTONIO NARIÑO,muestra_sintetica
4.60168327815618,-74.11078344742813,15,ANTONIO NARIÑO,muestra_sintetica
4.58848420640027,-74.11183657036042,15,ANTONIO NARIÑO,muestra_sintetica
4.5865137693458475,-74.11129540895912,15,ANTONIO NARIÑO,muestra_sintetica
4.599299510865159,-74.11645103020996,15,ANTONIO NARIÑO,muestra_sintetica
4.588303288369845,-74.11123760018117,15,ANTONIO NARIÑO,muestra_sintetica
4.5935383229206534,-74.11425915401396,15,ANTONIO NARIÑO,muestra_sintetica
4.586917304646912,-74.1032610352992,15,ANTONIO NARIÑO,muestra_sintetica
4.5947265673909925,-74.10410797327262,15,ANTONIO NARIÑO,muestra_sintetica
4.58381006813282,-74.11114141492715,15,ANTONIO NARIÑO,muestra_sintetica
4.593880851922272,-74.10157178092108,15,ANTONIO NARIÑO,muestra_sintetica
4.591312297745648,-74.11017554997025,15,ANTONIO NARIÑO,muestra_sintetica
4.590896620317661,-74.11455797235497,15,ANTONIO NARIÑO,muestra_sintetica
4.594946601954395,-74.11315031216667,15,ANTONIO NARIÑO,muestra_sintetica
4.596701749291757,-74.10530214809516,15,ANTONIO NARIÑO,muestra_sintetica
4.586483150040901,-74.11736932335718,15,ANTONIO NARIÑO,muestra_sintetica
4.598673921093785,-74.11001963108814,15,ANTONIO NARIÑO,muestra_sintetica
4.589674286452933,-74.11567460385957,15,ANTONIO NARIÑO,muestra_sintetica
4.592490489986384,-74.10764312421593,15,ANTONIO NARIÑO,muestra_sintetica
4.591856876526229,-74.10964851387166,15,ANTONIO NARIÑO,muestra_sintetica
4.593981936206033,-74.11454552838892,15,ANTONIO NARIÑO,muestra_sintetica
4.585025641317195,-74.11165956213065,15,ANTONIO NARIÑO,muestra_sintetica
4.59472048791414,-74.11189793168586,15,ANTONIO NARIÑO,muestra_sintetica
4.597947919841631,-74.10688541394433,15,ANTONIO NARIÑO,muestra_sintetica
4.5907455956907794,-74.10815778188493,15,ANTONIO NARIÑO,muestra_sintetica
4.584777768140618,-74.10805439965188,15,ANTONIO NARIÑO,muestra_sintetica
4.592335430502249,-74.11132681145138,15,ANTONIO NARIÑO,muestra_sintetica
4.590301809858024,-74.1079784326567,15,ANTONIO NARIÑO,muestra_sintetica
4.592434105985484,-74.10432539075357,15,ANTONIO NARIÑO,muestra_sintetica
4.587862279161606,-74.10197979662584,15,ANTONIO NARIÑO,muestra_sintetica
4.602639902932197,-74.10509472634818,15,ANTONIO NARIÑO,muestra_sintetica
4.603032389301942,-74.1098254869326,15,ANTONIO NARIÑO,muestra_sintetica
4.594205378855678,-74.10905197582767,15,ANTONIO NARIÑO,muestra_sintetica
4.595237177355896,-74.10338551620977,15,ANTONIO NARIÑO,muestra_sintetica
4.5906730996322676,-74.11309195674175,15,ANTONIO NARIÑO,muestra_sintetica
4.592181149416411,-74.1068760219184,15,ANTONIO NARIÑO,muestra_sintetica
4.588172980965145,-74.109555945317,15,ANTONIO NARIÑO,muestra_sintetica
4.595477614579595,-74.10600652214694,15,ANTONIO NARIÑO,muestra_sintetica
4.587143632982304,-74.11236978191648,15,ANTONIO NARIÑO,muestra_sintetica
4.586409168502261,-74.10786021556265,15,ANTONIO NARIÑO,muestra_sintetica
4.592865013858851,-74.10528431208651,15,ANTONIO NARIÑO,muestra_sintetica
4.600197887003892,-74.11542147381188,15,ANTONIO NARIÑO,muestra_sintetica
4.5901274241863845,-74.10113071147389,15,ANTONIO NARIÑO,muestra_sintetica
4.596442283749657,-74.10615159186835,15,ANTONIO NARIÑO,muestra_sintetica
4.59094564024182,-74.10658589815641,15,ANTONIO NARIÑO,muestra_sintetica
4.5873320212753645,-74.11675276862566,15,ANTONIO NARIÑO,muestra_sintetica
4.590454247725033,-74.11201288824735,15,ANTONIO NARIÑO,muestra_sintetica
4.590725803800991,-74.113565856681,15,ANTONIO NARIÑO,muestra_sintetica
4.583790197900522,-74.10853737984819,15,ANTONIO NARIÑO,muestra_sintetica
4.5911825970007465,-74.11010413210803,15,ANTONIO NARIÑO,muestra_sintetica
4.595018297950117,-74.10752139349218,15,ANTONIO NARIÑO,muestra_sintetica
4.598710541465049,-74.10374983484074,15,ANTONIO NARIÑO,muestra_sintetica
4.591490715415114,-74.11117324168976,15,ANTONIO NARIÑO,muestra_sintetica
4.589692721403324,-74.10949697247746,15,ANTONIO NARIÑO,muestra_sintetica
4.589673426627255,-74.11425884488257,15,ANTONIO NARIÑO,muestra_sintetica
4.59122687572852,-74.1103120888318,15,ANTONIO NARIÑO,muestra_sintetica
4.594242118452298,-74.11328365294332,15,ANTONIO NARIÑO,muestra_sintetica
4.592018015809441,-74.112023839337,15,ANTONIO NARIÑO,muestra_sintetica
4.595459792568213,-74.10157857393672,15,ANTONIO NARIÑO,muestra_sintetica
4.594045169737717,-74.1156823371428,15,ANTONIO NARIÑO,muestra_sintetica
4.5984857896838065,-74.10892763780384,15,ANTONIO NARIÑO,muestra_sintetica
4.594244658999124,-74.10722833732204,15,ANTONIO NARIÑO,muestra_sintetica
4.591950287595992,-74.11165504233517,15,ANTONIO NARIÑO,muestra_sintetica
4.5878619580391735,-74.10793485142044,15,ANTONIO NARIÑO,muestra_sintetica
4.5924415074627065,-74.10234260522502,15,ANTONIO NARIÑO,muestra_sintetica
4.591766446036053,-74.10364436731054,15,ANTONIO NARIÑO,muestra_sintetica
4.594989501313981,-74.10838116863349,15,ANTONIO NARIÑO,muestra_sintetica
4.598491478115342,-74.10839798043445,15,ANTONIO NARIÑO,muestra_sintetica
4.5907028772913065,-74.10895459323352,15,ANTONIO NARIÑO,muestra_sintetica
4.5890980329302575,-74.11782562457915,15,ANTONIO NARIÑO,muestra_sintetica
4.595010419034162,-74.10712219782228,15,ANTONIO NARIÑO,muestra_sintetica
4.600891843577473,-74.10451135230691,15,ANTONIO NARIÑO,muestra_sintetica
4.588547369157886,-74.10908150650016,15,ANTONIO NARIÑO,muestra_sintetica
4.580902257001629,-74.10413545569854,15,ANTONIO NARIÑO,muestra_sintetica
4.591446588975875,-74.10573154808576,15,ANTONIO NARIÑO,muestra_sintetica
4.592801441483361,-74.10739092638127,15,ANTONIO NARIÑO,muestra_sintetica
4.589259539430052,-74.11060773449611,15,ANTONIO NARIÑO,muestra_sintetica
4.589288642305956,-74.10658339891837,15,ANTONIO NARIÑO,muestra_sintetica
4.597449698272073,-74.11145891442182,15,ANTONIO NARIÑO,muestra_sintetica
4.600936746792078,-74.1057819591229,15,ANTONIO NARIÑO,muestra_sintetica
4.58744961543038,-74.1112066363153,15,ANTONIO NARIÑO,muestra_sintetica
4.5913475804202974,-74.10949761782922,15,ANTONIO NARIÑO,muestra_sintetica
4.592417211694117,-74.10222854210018,15,ANTONIO NARIÑO,muestra_sintetica
4.591797892015822,-74.11146854098928,15,ANTONIO NARIÑO,muestra_sintetica
4.591904983917503,-74.11269955041944,15,ANTONIO NARIÑO,muestra_sintetica
4.598274568521861,-74.11210071212682,15,ANTONIO NARIÑO,muestra_sintetica
4.593648537907054,-74.11177555601012,15,ANTONIO NARIÑO,muestra_sintetica
4.5887492343310905,-74.0759608602612,17,CANDELARIA,muestra_sintetica
4.600004605616794,-74.06593886403067,17,CANDELARIA,muestra_sintetica
4.596636391663679,-74.07713734725816,17,CANDELARIA,muestra_sintetica
4.593783081314702,-74.07986467325709,17,CANDELARIA,muestra_sintetica
4.594557282160234,-74.07189810918753,17,CANDELARIA,muestra_sintetica
4.587773590054539,-74.06933030010424,17,CANDELARIA,muestra_sintetica
4.584650399638368,-74.07480231550213,17,CANDELARIA,muestra_sintetica
4.588744971848393,-74.07338937395038,17,CANDELARIA,muestra_sintetica
4.5951834009851575,-74.0753037591482,17,CANDELARIA,muestra_sintetica
4.596502773857054,-74.07032946438513,17,CANDELARIA,muestra_sintetica
4.601734297403604,-74.07474021622004,17,CANDELARIA,muestra_sintetica
4.59444222471153,-74.06843054596577,17,CANDELARIA,muestra_sintetica
4.593959048010757,-74.0755256138998,17,CANDELARIA,muestra_sintetica
4.59431371519431,-74.06961670791334,17,CANDELARIA,muestra_sintetica
4.594258804944819,-74.08189870398782,17,CANDELARIA,muestra_sintetica
4.586844656406408,-74.06729125464337,17,CANDELARIA,muestra_sintetica
4.59347393662784,-74.0753716292126,17,CANDELARIA,muestra_sintetica
4.597554381607168,-74.06670124765677,17,CANDELARIA,muestra_sintetica
4.589675797683625,-74.0760693612488,17,CANDELARIA,muestra_sintetica
4.587208205755422,-74.0792626823648,17,CANDELARIA,muestra_sintetica
4.595811828107661,-74.08048566963431,17,CANDELARIA,muestra_sintetica
4.588572478148859,-74.0778793742107,17,CANDELARIA,muestra_sintetica
4.590867648593447,-74.07337128145869,17,CANDELARIA,muestra_sintetica
4.599535559725366,-74.07391747774986,17,CANDELARIA,muestra_sintetica
4.595315802193993,-74.07757168236793,17,CANDELARIA,muestra_sintetica
4.592447170916037,-74.07762930635869,17,CANDELARIA,muestra_sintetica
4.58895222116325,-74.07259384457244,17,CANDELARIA,muestra_sintetica
4.5918175248111375,-74.07467387292293,17,CANDELARIA,muestra_sintetica
